"brims" barone, midway mobster	evasive
"lifetime" pass holder	
+2 mace	equipment
17-year cicadas	removal,tokens
70,000 light-years from home	removal,ramp,land_fetch
_____	
_____ _____ _____ trespasser	
_____ bird gets the worm	evasive
_____-o-saurus	evasive
a girl and her dogs	tokens
a good day to die	combat_pump
a killer among us	tokens
a little chat	draw,cantrip
a real handful	evasive
a tale for the ages	anthem
a-acererak the archlich	tokens
a-akki ronin	
a-ancestral katana	anthem,equipment
a-armory veteran	evasive
a-asari captain	evasive,haste
a-binding geist	
a-blessed hippogriff	evasive
a-blood artist	
a-briar hydra	evasive
a-brine comber	tokens
a-brinebound gift	tokens
a-buy your silence	removal
a-cabaretti charm	removal,tokens
a-canopy tactician	mana_dork,ramp,anthem
a-carnelian orb of dragonkind	mana_dork,ramp
a-case the joint	draw,cantrip
a-catlike curiosity	anthem
a-cauldron familiar	
a-celestial regulator	evasive
a-circle of the land druid	
a-civil servant	
a-cloister gargoyle	evasive
a-cobbled lancer	
a-cori-steel cutter	tokens,equipment
a-cosmos charger	evasive
a-dawnbringer cleric	
a-deal gone bad	combat_pump
a-death-priest of myrkul	anthem,tokens
a-demon's due	draw,cantrip
a-departed soulkeeper	evasive
a-devoted grafkeeper	
a-dissonant wave	counterspell
a-dokuchi silencer	
a-dorothea, vengeful victim	evasive
a-dragon's rage channeler	evasive
a-dragonborn looter	
a-dreamshackle geist	evasive
a-druid class	ramp
a-dwarfhold champion	
a-earthquake dragon	evasive
a-eiganjo exemplar	
a-elderfang ritualist	
a-elderleaf mentor	tokens
a-elven bow	anthem,tokens,equipment
a-emerald dragon	evasive
a-excavation explosion	removal
a-eyes of the beholder	combat_pump
a-falcon abomination	tokens,evasive
a-futurist operative	
a-galvanic discharge	removal
a-gnarlid colony	
a-goggles of night	equipment
a-goma fada vanguard	
a-graveyard shift	reanimation
a-guide of souls	
a-guildsworn prowler	
a-gutter shortcut	anthem
a-hagra constrictor	
a-hakka, whispering raven	evasive
a-harald, king of skemfar	evasive
a-haywire mite	
a-heartfire hero	
a-hobbling zombie	tokens
a-imperial subduer	
a-iridescent hornbeetle	tokens
a-jackhammer	anthem,equipment
a-jade orb of dragonkind	mana_dork,ramp
a-kargan intimidator	
a-kargan warleader	anthem
a-knockout blow	removal
a-krydle of baldur's gate	
a-lantern bearer	evasive
a-lantern of revealing	mana_dork,ramp
a-lanterns' lift	anthem
a-lapis orb of dragonkind	mana_dork,ramp
a-llanowar greenwidow	evasive
a-llanowar loamspeaker	mana_dork,ramp
a-maelstrom muse	evasive
a-manticore	evasive
a-masked bandits	evasive
a-master of winds	evasive
a-mentor's guidance	draw,cantrip
a-metropolis angel	evasive
a-midnight assassin	evasive
a-minsc & boo, timeless heroes	tokens
a-mischievous catgeist	
a-mishra, excavation prodigy	
a-moon-circuit hacker	
a-moss-pit skeleton	
a-most wanted	anthem
a-nadu, winged wisdom	evasive
a-nael, avizoa aeronaut	evasive
a-nahiri, heir of the ancients	tokens
a-narfi, betrayer king	anthem
a-nezumi prowler	
a-ocelot pride	tokens
a-ochre jelly	evasive
a-orcish bowmasters	
a-paragon of modernity	evasive
a-patrician geist	anthem,evasive
a-peerless samurai	evasive
a-phantom carriage	evasive
a-phylath, world sculptor	tokens,evasive
a-plate armor	anthem,equipment
a-pseudodragon familiar	evasive
a-radha's firebrand	
a-rakish revelers	tokens
a-ready to rumble	removal
a-return upon the tide	tokens,reanimation
a-revel ruiner	evasive
a-riveteers initiate	
a-rulik mons, warren chief	tokens,evasive
a-saheeli, filigree master	tokens
a-sand augury	draw,cantrip
a-scout the wilderness	ramp,land_fetch,tokens
a-sepulcher ghoul	
a-shattered seraph	evasive
a-shipwreck sifters	
a-sigardian paladin	evasive
a-silver-fur master	anthem
a-skemfar avenger	
a-skemfar elderhall	tokens
a-skull skaab	tokens
a-speakeasy server	evasive
a-spell satchel	mana_dork,ramp
a-split the spoils	removal
a-splitting the powerstone	draw,cantrip
a-sprouting goblin	
a-steadfast unicorn	
a-stimulus package	tokens
a-stitched assistant	
a-sunbathing rootwalla	
a-symmetry sage	evasive
a-syndicate infiltrator	evasive
a-tanazir quandrix	evasive
a-thousand-faced shadow	evasive
a-tome shredder	haste
a-triumphant adventurer	
a-tyvar kell	tokens
a-umara mystic	evasive,haste
a-urza's command	draw,cantrip,tokens
a-urza, powerstone prodigy	
a-vampire scrivener	evasive
a-vega, the watcher	evasive
a-vivi ornitier	mana_dork,ramp
a-warm welcome	draw,cantrip,tokens
a-will, scholar of frost	tokens
a-you come to a river	combat_pump
a-young blue dragon	evasive
a-young red dragon	evasive
a.i.m. bot	evasive
a.i.m. synthoids	
aang and katara	tokens
aang and la, ocean's fury	evasive
aang's defense	draw,cantrip,combat_pump
aang's journey	ramp,land_fetch
aang, air nomad	evasive
aang, airbending master	tokens
aang, at the crossroads	evasive
aang, destined savior	evasive
aang, master of elements	evasive
aang, swift savior	evasive
aang, the last airbender	evasive
aarakocra sneak	evasive
aardwolf's advantage	mass_pump
aatchik, emerald radian	tokens
abaddon the despoiler	evasive
abandon attachments	draw,cantrip
abbey gargoyles	evasive
abbey griffin	evasive
abbot of keral keep	
abbot of the sacred meeple	
abby, merciless soldier	tokens
abdel adrian, gorion's ward	tokens
aberrant	evasive
aberrant manawurm	evasive
aberrant researcher	evasive
abeyance	draw,cantrip
abhorrent oculus	evasive
abhorrent overlord	tokens,evasive
abian, luvion usurper	tokens
abigale, eloquent first-year	evasive
abigale, poet laureate	evasive
abjure	counterspell
abolish	removal
abolisher of bloodlines	evasive
abominable treefolk	evasive
abomination of gudul	evasive
abomination of llanowar	evasive
abomination, irradiated brute	evasive
abomination, terrifying titan	evasive
abomination, world ravager	evasive
abrade	removal
abrupt decay	removal
absolute virtue	evasive
absolving lammasu	evasive
absorb	counterspell
absorb identity	removal
abstergo entertainment	sweeper
abstract iguanart	
abstract performance	removal,sweeper
abstruse appropriation	removal
abstruse interference	counterspell,tokens
abu ja'far	
abuelo, ancestral echo	evasive
abuna acolyte	
abundant countryside	tokens
abyssal gatekeeper	
abyssal harvester	sweeper
abyssal horror	evasive
abyssal persecutor	evasive
abyssal specter	evasive
abzan ascendancy	tokens
abzan banner	mana_dork,ramp
abzan charm	removal,draw,cantrip
abzan devotee	
abzan monument	tokens
abzan runemark	anthem
abzan skycaptain	evasive
academy drake	evasive
academy loremaster	
academy raider	evasive
accelerate	draw,cantrip
accelerated evolution	anthem
accelerated mutation	combat_pump
acceptable losses	removal
access denied	counterspell,tokens
accident-prone apprentice	
accomplished alchemist	mana_dork,ramp
accorder paladin	
accorder's shield	anthem,equipment
accumulate wisdom	draw,cantrip
accumulated knowledge	draw,cantrip
accursed centaur	
accursed marauder	
accursed spirit	evasive
ace flockbringer	evasive
ace's baseball bat	anthem,equipment
acererak the archlich	tokens
achilles davenport	anthem,evasive
acid rain	sweeper
acid-spewer dragon	evasive
acidic sliver	
aclazotz, deepest betrayal	tokens,evasive
acolyte of xathrid	
acolyte's reward	removal,burn
acorn catapult	tokens
acorn harvest	tokens
acquired mutation	anthem
acquisition octopus	equipment
acquisitions expert	
acridian	
acrobatic cheerleader	
acrobatic maneuver	removal,draw,cantrip
act of heroism	combat_pump
action news crew	
active volcano	removal
adanto vanguard	
adanto, the first fort	tokens
adaptive automaton	anthem
adaptive omnitool	equipment
adarkar valkyrie	evasive
adarkar windform	evasive
adder-staff boggart	
additive evolution	tokens
adelbert steiner	
adeline, resplendent cathar	tokens
adeliz, the cinder wind	evasive,haste
adherent of hope	
adherent's heirloom	mana_dork,ramp
adipose offspring	tokens
admiral beckett brass	anthem
admiral brass, unsinkable	reanimation
admiral's order	counterspell
admonition angel	evasive
adorable kitten	
adorned crocodile	tokens
adorned pouncer	
adric, mathematical genius	
adult gold dragon	evasive,haste
advance scout	
advanced hoverguard	evasive
advanced stitchwing	evasive
advent of the wurm	tokens
adventure awaits	draw,cantrip
adventuring gear	equipment
adventurous impulse	draw,cantrip
adverse conditions	tokens
advice from the fae	draw,cantrip
aegis angel	evasive
aegis automaton	
aegis of the gods	
aegis of the heavens	combat_pump
aegis of the legion	anthem,equipment
aegis sculptor	evasive
aegis turtle	
aerial assault	removal
aerial caravan	evasive
aerial doombot	evasive
aerial engineer	evasive
aerial extortionist	evasive
aerial guide	evasive
aerial modification	anthem
aerial predation	removal
aerial responder	evasive
aerial toastmaster	evasive
aerial volley	removal
aerialephant	evasive
aerid konstrari	evasive
aerie auxiliary	evasive
aerie mystics	evasive
aerie worshippers	tokens
aerith rescue mission	tokens
aeromoeba	evasive
aeromunculus	evasive
aeronaut admiral	evasive
aeronaut cavalry	evasive
aeronaut tinkerer	evasive
aeronaut's wings	anthem,equipment
aesi, tyrant of gyre strait	ramp
aesthir glider	evasive
aether chaser	tokens
aether figment	
aether gale	removal
aether helix	removal
aether herder	tokens
aether inspector	tokens
aether mutation	removal,tokens
aether poisoner	tokens
aether refinery	tokens
aether snap	sweeper
aether spike	counterspell
aether swooper	tokens,evasive
aether theorist	
aether tide	removal
aether tradewinds	removal
aether tunnel	anthem
aether web	anthem
aetherblade agent	
aetherborn marauder	evasive
aetherflame wall	
aethergeode miner	
aetheric amplifier	mana_dork,ramp
aetherjacket	evasive
aethermage's touch	sweeper,draw,cantrip
aethersquall ancient	evasive
aetherstorm roc	evasive
aetherstream leopard	evasive
aethertide whale	evasive
aetherwind basker	evasive
aettir and priwen	equipment
afflict	draw,cantrip,combat_pump
afterlife	removal,tokens
afterlife from the loam	sweeper
afterlife insurance	draw,cantrip
aftermath analyst	sweeper
aftershock	removal
afterthought sentry	
agadeem occultist	reanimation
against all odds	removal,reanimation
agate assault	removal
agate instigator	
agate-blade assassin	
agatha of the vile cauldron	
agatha's champion	evasive
age of ultron	tokens
ageless guardian	
ageless sentinels	evasive
agency outfitter	evasive
agent frank horrigan	evasive
agent maria hill	
agent of acquisitions	
agent of atlas	
agent of kotis	
agent of raffine	
agent of shauku	
agent of stromgald	
agent phil coulson	
agent venom	evasive
agents of hydra	tokens
aggravate	sweeper
aggressive instinct	removal
aggressive mammoth	evasive
aggressive negotiations	removal
aggressive sabotage	removal
aggressive urge	draw,cantrip,combat_pump
agility	anthem
agility bobblehead	mana_dork,ramp
agonasaur rex	evasive
agonizing demise	removal
agonizing remorse	removal
agonizing syphon	removal,burn
agony warp	combat_pump
agoraphobic phyrexian	evasive
ahn-crop crasher	haste
ahriman	evasive
aim for the head	removal
ainok bond-kin	
ainok guide	
ainok strike leader	tokens
ainok survivalist	
ainok wayfarer	
air elemental	evasive
air marshal	
air nomad legacy	anthem
air nomad student	evasive
air servant	evasive
air-cult elemental	evasive
airbender's reversal	removal
airbending lesson	removal,draw,cantrip
airborne aid	draw,cantrip
airdrop aeronauts	evasive
airdrop condor	evasive
airlift chaplain	evasive
airship crash	removal
airtight alibi	anthem
aisling leprechaun	
ajani fells the godsire	tokens
ajani resolute	tokens
ajani unrelenting	sweeper,tokens
ajani unyielding	sweeper
ajani vengeant	sweeper
ajani's chosen	tokens
ajani's comrade	evasive
ajani's influence	draw,cantrip
ajani's last stand	tokens
ajani's pridemate	
ajani's response	removal
ajani's sunstriker	
ajani, adversary of tyrants	reanimation
ajani, caller of the pride	tokens
ajani, nacatl avenger	tokens
ajani, nacatl pariah	tokens
ajani, outland chaperone	tokens
ajani, strength of the pride	sweeper,tokens
ajani, wise counselor	mass_pump
akawalli, the seething tower	evasive
akim, the soaring wind	tokens,evasive
akiri, line-slinger	
akki avalanchers	
akki blizzard-herder	
akki ember-keeper	tokens
akki lavarunner	haste
akki raider	
akki rockspeaker	
akki ronin	
akki scrapchomper	
akki underling	
akki war paint	anthem
akoum battlesinger	haste
akoum firebird	evasive,haste
akoum hellhound	
akoum hellkite	evasive
akoum stonewaker	tokens
akoum warrior	evasive
akrasan squire	
akroan crusader	tokens
akroan hoplite	
akroan horse	tokens
akroan jailer	
akroan phalanx	mass_pump
akroan skyguard	evasive
akroma's vengeance	sweeper
akroma, angel of fury	evasive
akroma, angel of wrath	evasive,haste
akroma, vision of ixidor	evasive
aku djinn	evasive
akul the unrepentant	evasive
akuta, born of ash	haste
alabaster dragon	evasive
alabaster host sanctifier	
alabaster kirin	evasive
alabaster leech	
alabaster mage	
alaborn grenadier	
alaborn musketeer	
alaborn zealot	
alacrian armory	anthem
alandra, sky dreamer	tokens
alarum	combat_pump
albino troll	
albiorix, goose tyrant	evasive
alchemist's apprentice	
alchemist's assistant	
alchemist's gambit	removal
alchemist's gift	combat_pump
alchemist's greeting	removal
alchemist's retrieval	removal
alela, artful provocateur	anthem,tokens,evasive
alela, cunning conqueror	tokens,evasive
alena, kessig trapper	mana_dork,ramp
alesha, who laughs at fate	reanimation
alesha, who smiles at death	reanimation
alex wilder, runaway	
alexios, deimos of kosmos	evasive
alhammarret, high arbiter	evasive
alharu, solemn ritualist	tokens
ali baba	
aliban's tower	combat_pump
alicia masters, skilled sculptor	
alien invasion	tokens
alien symbiosis	anthem
aligned heart	tokens
alirios, enraptured	tokens
alistair, the brigadier	tokens
alive	tokens
all aboard	removal
all hallow's eve	removal
all suns' dawn	removal
all-fates scroll	mana_dork,ramp
all-out assault	anthem
all-seeing arbiter	evasive
all-star kicker	
allay	removal
alley evasion	removal,combat_pump
alley strangler	evasive
alliance of arms	tokens
allied assault	combat_pump
allied reinforcements	tokens
allied strategies	draw,cantrip
allied teamwork	anthem,tokens
allosaurus shepherd	
alloy animist	
alloy myr	mana_dork,ramp
allure of power	draw,cantrip
allure of the unknown	removal,sweeper
alluring siren	
almighty brushwagg	evasive
aloe alchemist	evasive
alpha brawl	removal,sweeper
alpha deathclaw	evasive
alpha guard	
alpha myr	
alpine houndmaster	
alpine watchdog	
alrund's epiphany	removal,tokens
alseid of life's bounty	
altac bloodseeker	
altanak, the thrice-called	evasive
altar golem	evasive
altar of bhaal	reanimation
altar of the lost	mana_dork,ramp
altar of the pantheon	mana_dork,ramp
altar's light	removal
altar's reap	draw,cantrip
always watching	anthem
amalia benavides aguirre	
amarant coral	evasive
amareth, the lustrous	evasive
amass the components	draw,cantrip
amateur auteur	
amazing acrobatics	counterspell
amazing alliance	anthem
amazing spider-girl	evasive
ambassador oak	tokens
ambassador of evendo	
amber gristle o'maul	haste
amber-plate ainok	
ambergris, agent of balance	haste
ambergris, agent of destruction	haste
ambergris, agent of law	haste
ambergris, agent of progress	haste
ambergris, agent of tyranny	haste
ambergris, citadel agent	haste
ambition's cost	draw,cantrip
ambitious assault	draw,cantrip,mass_pump
ambitious augmenter	tokens
ambitious farmhand	
ambrosia whiteheart	
ambuscade	removal,combat_pump
ambush krotiq	evasive
ambush paratrooper	mass_pump,evasive
ambush party	haste
ambush viper	
amethyst dragon	evasive,haste
aminatou's augury	sweeper
amoeboid changeling	
amorphous axe	anthem,equipment
amped raptor	
amphin mutineer	tokens
amrou kithkin	
amrou scout	
amugaba	evasive
amy rose	haste
amzu, swarm's hunger	tokens,evasive
an incident has occurred	removal
an offer you can't refuse	counterspell
an unexpected party	anthem
ana disciple	
anaba ancestor	
anaba spirit crafter	anthem
anafenza, kin-tree spirit	
analyze the pollen	ramp,land_fetch
anarchy	sweeper
anax, hardened in the forge	tokens
ancestor dragon	evasive
ancestral anger	draw,cantrip
ancestral blade	anthem,tokens,equipment
ancestral craving	draw,cantrip
ancestral katana	anthem,equipment
ancestral memories	draw,cantrip
ancestral recall	draw,cantrip
ancestral recall [24a29be4-5bc2-469b-b2ce-2fb305c3facb]	draw,cantrip
ancestral reminiscence	draw,cantrip
ancestral vision	draw,cantrip
ancient brass dragon	evasive,reanimation
ancient bronze dragon	evasive
ancient copper dragon	evasive
ancient cornucopia	mana_dork,ramp
ancient craving	draw,cantrip
ancient den	mana_dork,ramp
ancient excavation	draw,cantrip
ancient gold dragon	tokens,evasive
ancient grudge	removal
ancient hellkite	evasive
ancient imperiosaur	evasive
ancient of the equinox	evasive
ancient silver dragon	evasive
ancient stirrings	draw,cantrip
ancient stone idol	tokens,evasive
ancient vendetta	removal
andrios, roaming explorer	mana_dork,ramp
andúril, flame of the west	anthem,tokens,equipment
andúril, narsil reforged	equipment
anep, vizier of hazoret	evasive
angel of condemnation	evasive
angel of deliverance	evasive
angel of despair	evasive
angel of destiny	evasive
angel of eternal dawn	evasive
angel of finality	evasive
angel of flight alabaster	evasive
angel of fury	evasive
angel of glory's rise	evasive
angel of grace	evasive
angel of indemnity	evasive
angel of invention	anthem,evasive
angel of jubilation	anthem,evasive
angel of light	evasive
angel of mercy	evasive
angel of renewal	evasive
angel of retribution	evasive
angel of salvation	evasive
angel of sanctions	evasive
angel of serenity	evasive
angel of suffering	evasive
angel of the dawn	evasive
angel of the dire hour	evasive
angel of the god-pharaoh	evasive
angel of the ruins	evasive
angel of unity	evasive
angel of vitality	evasive
angel's herald	
angelic aberration	tokens,evasive
angelic accord	tokens
angelic arbiter	evasive
angelic armaments	anthem,equipment
angelic ascension	removal,tokens
angelic captain	evasive
angelic cub	evasive
angelic curator	evasive
angelic destiny	anthem
angelic edict	removal
angelic enforcer	evasive
angelic favor	tokens
angelic field marshal	evasive
angelic guardian	evasive
angelic harold	evasive
angelic observer	evasive
angelic overseer	evasive
angelic page	evasive
angelic protector	evasive
angelic purge	removal
angelic quartermaster	evasive
angelic reward	anthem
angelic rocket	evasive
angelic sell-sword	tokens,evasive
angelic shield	anthem
angelic skirmisher	evasive
angelic sleuth	evasive
angelic voices	anthem
angelic wall	evasive
anger	haste
anger of the gods	sweeper
angler drake	evasive
angrath's fury	removal
angrath, minotaur pirate	sweeper
angry mob	evasive
angry rabble	evasive
anguished unmaking	removal
anikthea, hand of erebos	evasive
anim pakal, thousandth moon	tokens
animal attendant	mana_dork,ramp
animating faerie	evasive
animation module	tokens
animist's awakening	draw,cantrip
animist's might	removal
animus of night's reach	evasive
anina, natural parallelist	mana_dork,ramp
anje falkenrath	haste
ankle biter	
ankle shanker	haste
annihilate	removal,draw,cantrip
annihilating fire	removal,burn
annihilating glare	removal
annoyed altisaur	evasive
annul	counterspell
ano'thr, equipment commander	
anoint with affliction	removal
anointed chorister	
anointer of champions	
anointer of valor	evasive
anointer priest	
another round	removal
anowon, the ruin thief	anthem
ant queen	tokens
ant-man's air force	evasive
ant-man, colony commander	tokens
ant-man, scott lang	
antagonize	combat_pump
anthem of champions	anthem
anti-venom, horrifying healer	reanimation
anticipate	draw,cantrip
anticognition	counterspell
antique collector	
antiquities on the loose	tokens
anvilwrought raptor	evasive
anya, merciless angel	evasive
anzrag's rampage	sweeper
ao, the dawn sky	evasive
apex hawks	evasive
apex of power	ramp,ritual
apex witchstalker	evasive
aphelia, viper whisperer	tokens
aphemia, the cacophony	tokens,evasive
aphetto alchemist	
aphetto vulture	evasive
aphotic wisps	draw,cantrip
aplan mortarium	tokens
apocalypse	sweeper
apocalypse chime	sweeper
apocalypse demon	evasive
apocalypse hydra	
apostle of invasion	evasive
apostle of purifying light	
apothecary geist	evasive
apothecary initiate	
apothecary white	tokens
appa, aang's companion	evasive
appa, loyal sky bison	evasive
appa, steadfast guardian	tokens,evasive
appa, the vigilant	evasive
appeal to eirdu	combat_pump
appetite for brains	removal
appetite for the unnatural	removal
applied biomancy	removal,combat_pump
apprentice necromancer	reanimation
apprentice wizard	mana_dork,ramp
april o'neil, kunoichi trainee	
april o'neil, live on the scene	
aquamoeba	
aquastrand spider	
aquatic alchemist	
aquatic incursion	tokens
aquatic ingress	combat_pump
aquatic subtlety	draw,cantrip
aqueous aria	tokens
aquitect's defenses	anthem
aquitect's will	draw,cantrip
araba mothrider	evasive
arabella, abandoned doll	
arachnoform	anthem
arachnogenesis	tokens
aragorn, the uniter	tokens
arahbo, the first fang	anthem,tokens
arashi, the sky asunder	sweeper
arashin cleric	
arashin sovereign	evasive
arasta of the endless web	tokens
arbaaz mir	
arbiter of the ideal	evasive
arbiter of woe	evasive
arbor adherent	mana_dork,ramp
arbor elf	
arborback stomper	evasive
arborea pegasus	evasive
arboreal alliance	tokens
arboreal grazer	
arc blade	removal,burn
arc lightning	removal,burn
arc of fortune	draw,cantrip
arc reactor	mana_dork,ramp
arc runner	haste
arc spitter	equipment
arc trail	removal,burn
arcades sabboth	anthem,evasive
arcades, the strategist	evasive
arcane amphisbaena	
arcane denial	counterspell
arcane epiphany	draw,cantrip
arcane flight	anthem
arcane heist	removal
arcane infusion	draw,cantrip
arcane investigator	
arcane signet	mana_dork,ramp
arcane subtraction	combat_pump
arcane teachings	anthem
arcanist's owl	evasive
arcanum things	equipment
arcbound condor	evasive
arcbound crusher	evasive
arcbound fiend	evasive
arcbound hybrid	haste
arcbound javelineer	
arcbound mouser	
arcbound prototype	
arcbound ravager	
arcbound slith	
arcbound stinger	evasive
arcbound tracker	evasive
arcbound whelp	evasive
arcbound worker	
archaeomancer's spade	mana_dork,ramp
archaic's agony	removal
archangel	evasive
archangel avacyn	evasive
archangel elspeth	sweeper,tokens
archangel of strife	evasive
archangel of thune	evasive
archangel of tithes	evasive
archangel of wrath	evasive
archangel's light	sweeper
archdemon of greed	evasive
archdemon of paliano	evasive
archdemon of unx	tokens,evasive
archdruid's charm	removal,ramp,land_fetch
archenemy's charm	removal
archers' parapet	
archfiend of depravity	evasive
archfiend of despair	evasive
archfiend of ifnir	evasive
archfiend of sorrows	evasive
archfiend of spite	evasive
archfiend of the dross	evasive
archfiend's vessel	tokens
architect of restoration	tokens
architect of the untamed	tokens
archival whorl	sweeper,draw,cantrip
archive arbiter	evasive
archive dragon	evasive
archive haunt	evasive
archivist of oghma	
archmage of echoes	evasive
archmage's charm	counterspell,draw,cantrip
archmage's newt	
archon of absolution	evasive
archon of coronation	evasive
archon of cruelty	evasive
archon of emeria	evasive
archon of falling stars	evasive
archon of justice	evasive
archon of redemption	evasive
archon of sun's grace	tokens,evasive
archon of the triumvirate	evasive
archon of the wild rose	evasive
archon of valor's reach	evasive
archon's glory	combat_pump
archpriest of iona	
archpriest of shadows	reanimation
archway angel	evasive
archweaver	evasive
archwing dragon	evasive,haste
arclight phoenix	evasive,haste
arctic aven	evasive
arctic foxes	
arctic merfolk	
arctic nishoba	evasive
arcum's astrolabe	mana_dork,ramp
arcus acolyte	
arden angel	evasive
ardent recruit	
ardent soldier	
ardenvale fealty	tokens
ardenvale tactician	evasive
ardoz, cobbler of war	tokens,haste
arek, false goldwarden	
arena athlete	
argent mutation	draw,cantrip
argent sphinx	evasive
argentum armor	anthem,equipment
argivian cavalier	tokens
argivian welcome	removal
argoth, sanctum of nature	tokens
argothian enchantress	
argothian pixies	
argothian sprite	
argothian swine	evasive
argothian wurm	evasive
arius, flyby trawler	evasive
arixmethes, slumbering isle	mana_dork,ramp
arjun, the shifting flame	evasive
arlinn kord	tokens
arlinn, the pack's hope	tokens
arlinn, voice of the pack	tokens
arm the cathars	combat_pump
arm-mounted anchor	anthem,equipment
armada wurm	tokens,evasive
armadillo cloak	anthem
armageddon	sweeper
armament dragon	evasive
armament master	
armed assailant	evasive
armed response	removal
armguard familiar	anthem,equipment
armor of faith	mass_pump,anthem
armor of thorns	anthem
armored armadillo	
armored griffin	evasive
armored pegasus	evasive
armored scrapgorger	mana_dork,ramp
armored skyhunter	evasive
armored warhorse	
armorer guildmage	
armory mice	
armory of iroas	equipment
armory paladin	evasive
armory veteran	evasive
arms of hadar	mass_pump
arms scavenger	
army of allah	mass_pump
army of the damned	tokens
arna kennerüd, skycaptain	evasive
arni brokenbrow	haste
arni, renowned champion	evasive
arnim zola, bio-fanatic	tokens
arno dorian	anthem
aron, benalia's ruin	evasive
arrester's admonition	removal,draw,cantrip
arrester's zeal	combat_pump
arrogant poet	
arrogant vampire	evasive
arrogant wurm	evasive
arrow storm	removal,burn
arrow volley trap	removal
arrows of justice	removal
arteeoh, dread scavenger	evasive
artful maneuver	combat_pump
artful takedown	combat_pump
arthur, marigold knight	haste
artifact blast	counterspell
artifact mutation	removal,tokens
artifact unknown shores	mana_dork,ramp
artificer's assistant	evasive
artificer's dragon	mass_pump,evasive
artificer's epiphany	draw,cantrip
artifist acumen	draw,cantrip
artillerize	removal,burn
artillery blast	removal
artillery enthusiast	
artisan of forms	
artisan of kozilek	reanimation
artisan's sorrow	removal
artistic process	removal,sweeper,tokens
artistic refusal	counterspell,draw,cantrip
arvad the cursed	anthem
arvad, weatherlight smuggler	
arwen undómiel	
arwen's gift	draw,cantrip
aryel, knight of windgrace	tokens
arzakon	sweeper
asari captain	haste
ascend from avernus	removal,sweeper
ascendant dustspeaker	evasive
ascendant evincar	anthem,evasive
ascendant packleader	
ascendant spirit	
ascended lawmage	evasive
ascending aven	evasive
ascent of the worthy	reanimation
ash zealot	haste
ash, party crasher	haste
ashcloud phoenix	evasive
ashcoat bear	
ashen firebeast	sweeper
ashen ghoul	haste
ashen monstrosity	haste
ashen powder	reanimation
ashen reaper	evasive
ashen rider	evasive
ashen-skin zubera	
ashenmoor liege	anthem
ashes to ashes	removal
ashiok, dream render	sweeper
ashiok, nightmare muse	tokens
ashiok, nightmare weaver	sweeper
ashiok, sculptor of fears	reanimation
ashiok, wicked manipulator	sweeper,tokens
ashling the pilgrim	sweeper
ashling the pilgrim avatar	sweeper
ashling's command	sweeper,draw,cantrip
ashling, rekindled	
ashling, rimebound	
ashling, the extinguisher avatar	sweeper
ashmouth blade	anthem,equipment
ashmouth dragon	evasive
ashmouth hound	
ashnod's harvester	
ashnod, flesh mechanist	tokens
ashroot animist	evasive
ashuza's breath	removal
asmira, holy avenger	evasive
asmodeus the archfiend	sweeper
asmoranomardicadaistinaculdacar	
aspect of gorgon	anthem
aspect of hydra	combat_pump
aspect of manticore	anthem
asphodel wanderer	
asphyxiate	removal
aspiring aeronaut	tokens,evasive
aspiring champion	evasive
ass whuppin'	removal
assassin gauntlet	anthem,equipment
assassin initiate	
assassin's blade	removal
assassin's ink	removal
assassin's strike	removal
assassin's trophy	removal,ramp,land_fetch
assassinate	removal
assault	removal,burn
assault drone	anthem
assault formation	mass_pump
assault griffin	evasive
assault intercessor	evasive
assault suit	anthem,equipment
assault zeppelid	evasive
assaultron dominator	
assemble	tokens
assemble the entmoot	tokens
assemble the legion	tokens
assembled ensemble	tokens
assert authority	removal,counterspell
assert perfection	removal,combat_pump
assimilate essence	counterspell
assimilation aegis	equipment
astarion's thirst	removal
astelli reclaimer	evasive
astral confrontation	removal
astral cornucopia	mana_dork,ramp
astral dragon	evasive
astral steel	combat_pump
astral wingspan	anthem
astrid peth	
astrolabe	mana_dork,ramp
astrologian's planisphere	tokens,equipment
asylum visitor	
at knifepoint	tokens
at least it's a dry heat	removal
at the door	tokens
atalan jackal	evasive,haste
atarka beastbreaker	
atarka monument	mana_dork,ramp
atarka, world render	evasive
atemsis, all-seeing	evasive
atla palani, nest tender	tokens
atlantean skirmisher	
atlantis attacks	removal,tokens
atmosphere surgeon	
atog	
atomic microsizer	anthem,equipment
atomize	removal
atraxa's fall	removal
atraxa, grand unifier	evasive
atraxa, praetors' voice	evasive
atraxi warden	evasive
atris, oracle of half-truths	evasive
atrocious experiment	draw,cantrip
atsushi, the blazing sky	evasive
attended healer	tokens
attended knight	tokens
attended socialite	
attentive skywarden	evasive
attentive sunscribe	
attercop	
attuma, atlantean warlord	anthem
attune with aether	ramp,land_fetch
attuned hunter	evasive
atzal, cave of eternity	reanimation
atzocan seer	mana_dork,ramp
audacious infiltrator	
audacity	anthem
audience with trostani	draw,cantrip,tokens
auditore ambush	removal
auger spree	combat_pump
augmenter pugilist	evasive
augmenting automaton	
augur il-vec	evasive
augur of bolas	
augur of skulls	
augury owl	evasive
augury raven	evasive
augusta, dean of order	anthem
augusta, order returned	evasive
aunt may	
auntie ant, ant auntie	tokens
auntie blyte, bad influence	evasive
auntie flint	mass_pump
auntie's sentence	combat_pump
aura blast	removal,draw,cantrip
aura finesse	draw,cantrip
aura mutation	removal,tokens
aura thief	evasive
auratog	
aurelia's fury	removal,burn
aurelia's vindicator	evasive
aurelia, exemplar of justice	evasive
aurelia, the law above	evasive,haste
aurelia, the warleader	evasive,haste
auriok bladewarden	
auriok champion	
auriok edgewright	
auriok glaivemaster	
auriok steelshaper	anthem
auriok sunchaser	evasive
auriok transfixer	
auriok windwalker	evasive
aurochs	evasive
aurochs herd	evasive
auron's inspiration	mass_pump
aurora awakener	evasive
aurora griffin	evasive
aurora of emrakul	evasive
aurora phoenix	evasive
aurora shifter	
auspicious arrival	combat_pump
austere command	sweeper
autarch mammoth	tokens
autochthon wurm	evasive
automated artificer	mana_dork,ramp
automated assembly line	tokens
automated warfare system	evasive
autumn willow and baron sengir	evasive
autumn willow, harmony	tokens
autumn-tail, kitsune sage	
auxiliary boosters	anthem,tokens,equipment
avacyn and griselbrand	evasive
avacyn's collar	anthem,tokens,equipment
avacyn's collar, the symbol of her church	equipment
avacyn's judgment	removal,burn
avacyn's pilgrim	mana_dork,ramp
avacyn, angel of hope	evasive
avacyn, angel of horror	evasive
avacyn, guardian angel	evasive
avacyn, the purifier	evasive
avacynian priest	
avalanche	removal
avalanche caller	
avalanche of sector 7	evasive
avalanche riders	haste
avarax	haste
avarice amulet	anthem,equipment
avaricious dragon	evasive
avatar aang	evasive
avatar kuruk	tokens
avatar kyoshi	mana_dork,ramp
avatar of burgeoning echoes	
avatar of discord	evasive
avatar of fury	evasive
avatar of growth	evasive
avatar of hope	evasive
avatar of might	evasive
avatar of the resolute	evasive
avatar of will	evasive
avatar of woe	evasive
avatar roku	tokens
avatar yangchen	evasive
avatar's wrath	removal,sweeper
aven archer	evasive
aven augur	evasive
aven battle priest	evasive
aven brigadier	anthem,evasive
aven cloudchaser	evasive
aven courier	evasive
aven envoy	evasive
aven eternal	evasive
aven farseer	evasive
aven fateshaper	evasive
aven fisher	evasive
aven fleetwing	evasive
aven flock	evasive
aven fogbringer	evasive
aven gagglemaster	evasive
aven heartstabber	evasive
aven initiate	evasive
aven interrupter	evasive
aven liberator	evasive
aven mimeomancer	evasive
aven mindcensor	evasive
aven of enduring hope	evasive
aven redeemer	evasive
aven reedstalker	evasive
aven riftwatcher	evasive
aven sentry	evasive
aven skirmisher	evasive
aven smokeweaver	evasive
aven soulgazer	evasive
aven squire	evasive
aven sunstriker	evasive
aven surveyor	evasive
aven tactician	evasive
aven trailblazer	evasive
aven trooper	evasive
aven warcraft	mass_pump
aven warhawk	evasive
aven wind guide	evasive
aven wind mage	evasive
aven windreader	evasive
avenge	sweeper
avenger en-dal	
avenger of the fallen	tokens
avenger of zendikar	tokens
avengers assemble!	anthem
avengers disassembled	removal,sweeper,ramp,land_fetch
avengers: under siege	tokens
avenging angel	evasive
avenging arrow	removal
avenging hunter	evasive
avian changeling	evasive
avian oddity	evasive
aviary mechanic	
aviation pioneer	tokens
avid reclaimer	mana_dork,ramp
avizoa	evasive
avoid fate	counterspell
awaken the ages	tokens
awaken the blood avatar	tokens
awaken the erstwhile	tokens
awaken the inferno	removal
awaken the maelstrom	removal,draw,cantrip
awaken the sky tyrant	tokens
awaken the sleeper	sweeper
awaken the woods	tokens
awakened skyclave	mana_dork,ramp,haste
awakening zone	tokens
awestruck cygnet	evasive
awoken demon	
awoken horror	
awoken nephilim	
awol	removal
axe of the warmonger	anthem,equipment
axebane ferox	haste
axebane guardian	mana_dork,ramp
axelrod gunnarson	evasive
axgard artisan	
axgard cavalry	
axiom engraver	
aya of alexandria	tokens,evasive
ayara's oathsworn	evasive
ayara, furnace queen	reanimation
ayli, eternal pilgrim	
aysen bureaucrats	
ayula's influence	tokens
ayula, queen among bears	
azamuki, treachery incarnate	
azimaet drake	evasive
aziza, mage tower captain	
azlask, the swelling scourge	mass_pump
azor, the lawbringer	evasive
azorius arrester	
azorius charm	draw,cantrip
azorius cluestone	mana_dork,ramp
azorius first-wing	evasive
azorius guildmage	
azorius keyrune	mana_dork,ramp
azorius locket	mana_dork,ramp
azorius signet	mana_dork,ramp
azorius skyguard	evasive
azula always lies	combat_pump
azure beastbinder	
azure drake	evasive
azure mage	
azusa, lost but seeking	ramp
b-i-n-g-o	evasive
baaallerina	evasive
baboon spirit	tokens
back for more	reanimation
back in town	reanimation
back on track	tokens,reanimation
back to nature	sweeper
backdraft hellkite	evasive
backlash	removal
backstreet bruiser	
backup agent	
backwoods survivalists	evasive
bad deal	draw,cantrip
bad knight	
bad moon	anthem
badgermole cub	
badlands revival	reanimation
baffling end	tokens
bag check	counterspell,draw,cantrip
bag end banquet	mana_dork,ramp
bag of holding	sweeper
bahamut, warden of light	evasive
baird, argivian recruiter	tokens
baithook angler	
bake into a pie	removal
bakersbane duo	
baki's curse	sweeper
baku altar	tokens
balamb t-rexaur	evasive
balance of power	draw,cantrip
balduvian atrocity	evasive,reanimation
balduvian bears	
balduvian conjurer	
balduvian dead	tokens
balduvian hydra	
balduvian rage	combat_pump
balduvian shaman	
balduvian war-makers	haste
balefang the unslayable	evasive
balefire dragon	evasive
balefire liege	anthem
baleful eidolon	anthem
baleful mastery	removal,draw,cantrip
baleful stare	draw,cantrip
baleful strix	evasive
balemurk leech	
ball lightning	evasive,haste
ballista wielder	
ballyrush banneret	
balmor, battlemage captain	evasive
balor	evasive
baloth cage trap	tokens
baloth packhunter	evasive
baloth prime	tokens
baloth pup	evasive
balshan collaborator	evasive
balshan griffin	evasive
balthor the defiled	sweeper,anthem
balthor the stout	anthem
balustrade spy	evasive
balustrade wurm	evasive,haste
bamboo grove archer	
bamboozle	removal
bamboozling beeble	
bandage	draw,cantrip
bandit's haul	mana_dork,ramp
bane alley blackguard	
bane of hanweir	
bane's contingency	counterspell
bane's invoker	
baneclaw marauder	
banefire	removal,burn
banehound	haste
baneslayer angel	evasive
baneslayer aspirant	evasive
banish from edoras	removal
banish into fable	removal,tokens
banishing betrayal	removal
banishing coils	removal
banishing slash	removal,tokens
bankrupt in blood	draw,cantrip
bannerhide krushok	evasive
banners raised	mass_pump
banon, the returners' leader	
banquet guests	evasive
banshee's blade	equipment
bant charm	removal,counterspell
bant sojourners	tokens
bant sureblade	
bar entry	removal
bar the door	mass_pump
bar the gate	counterspell
baral and kari zev	tokens,evasive
baral's expertise	removal
baral, chief of compliance	
barbara wright	
barbarian general	evasive
barbarian outcast	
barbary apes	
barbed batterfist	anthem,tokens,equipment
barbed battlegear	anthem,equipment
barbed bloodletter	anthem,equipment
barbed lightning	removal
barbed sextant	mana_dork,ramp
barbed shocker	evasive,haste
barbed spike	anthem,tokens,equipment
barbflare gremlin	haste
bard's bow	anthem,tokens,equipment
bard's company	anthem,tokens
bard, heir of girion	anthem
bargain	draw,cantrip
barge in	combat_pump
barging sergeant	haste
bark of doran	anthem,equipment
bark-knuckle boxer	
barkhide troll	
barkshell blessing	combat_pump
baron bertram graywater	tokens
baron sengir	evasive
barracks of the thousand	mana_dork,ramp,tokens
barrage of boulders	sweeper
barrel down sokenzan	removal
barreling attack	combat_pump
barret, avalanche leader	tokens
barrier breach	removal
barrier of bones	
barrin's spite	removal
barrin's unmaking	removal
barrow ghoul	
barrow naughty	evasive
barrow-blade	anthem,equipment
barrowin of clan undurr	reanimation
bartizan bats	evasive
bartolomé del presidio	
baru, fist of krosa	tokens
baru, wurmspeaker	anthem,tokens
basal thrull	mana_dork,ramp
basalt gargoyle	evasive
basalt monolith	mana_dork,ramp
basandra, battle seraph	evasive
baseball bat	anthem,equipment
bash to bits	removal
basic conjuration	draw,cantrip
basilica screecher	evasive
basilica shepherd	tokens,evasive
basilica stalker	evasive
basilisk collar	equipment
basim ibn ishaq	
basking broodscale	tokens
basking capybara	
basking rootwalla	
basri's lieutenant	tokens
basri, tomorrow's champion	tokens
bassara tower archer	
bast, panther goddess	evasive
bastion of remembrance	tokens
bastion protector	anthem
bat colony	tokens
bat whisperer	tokens
bat'leth	anthem,equipment
bat-	evasive
bathe in dragonfire	removal
batroc the leaper	
batterbone	anthem,tokens,equipment
battering krasis	evasive
battering ram	
battershield warrior	mass_pump
batterskull	anthem,tokens,equipment
battery	tokens
battle angels of tyr	evasive
battle at the bridge	combat_pump
battle at the helvault	tokens
battle brawler	
battle cry goblin	tokens
battle display	removal
battle for bretagard	tokens
battle frenzy	mass_pump
battle hymn	ramp,ritual
battle mammoth	evasive
battle menu	removal,combat_pump,tokens
battle of hoover dam	reanimation
battle screech	tokens
battle sliver	anthem
battle squadron	evasive
battle-mad ronin	
battle-scarred goblin	
battle-scarred survivalist	evasive
battlefield improvisation	combat_pump
battlefield medic	
battlefield percher	evasive
battlefield raptor	evasive
battlefield scavenger	
battlefield thaumaturge	
battleflight eagle	evasive
battlefly swarm	evasive
battlegate mimic	
battlegrace angel	evasive
battleground geist	anthem,evasive
battlemage's bracers	equipment
battlewing mystic	evasive
battlewise aven	evasive
battlewise hoplite	
battlewise valor	combat_pump
baxter stockman	tokens
bay falcon	evasive
bayou dragonfly	evasive
bayou groff	
bazaar trademage	evasive
bazaar trader	
be'lakor, the dark master	evasive
beacon bolt	removal
beacon hawk	evasive
beacon of creation	tokens
beacon of destiny	
beacon of destruction	removal,burn
beacon of unrest	reanimation
beamsaw prospector	
beamsplitter mage	
beamtown beatstick	anthem,equipment
bear cub	
bear down	removal
bear umbra	anthem
bear with set's mechanic	
bear's companion	tokens
bearded axe	equipment
bearer of glory	mass_pump
bearer of overwhelming truths	
bearer of silence	evasive
bearscape	tokens
beast attack	tokens
beast hunt	sweeper
beast in show	evasive
beast within	removal,tokens
beast, erudite aerialist	evasive
beast-kin ranger	evasive
beastbreaker of bala ged	evasive
beastcaller savant	mana_dork,ramp,haste
beastie beatdown	removal
beastmaster ascension	anthem
beastmaster's magemark	anthem
beastrider vanguard	
bebop, skull & crossbones	
bebop, warthog warrior	evasive
beckett mariner, impetuous ensign	
beckon apparition	removal,tokens
beckoning will-o'-wisp	combat_pump,anthem,evasive
become anonymous	removal
become immense	combat_pump
become the avalanche	draw,cantrip,mass_pump
become the pilot	anthem
bedazzle	removal
bedeck	combat_pump
bedevil	removal
bedhead beastie	evasive
bee sting	removal,burn
beetle, legacy criminal	evasive
beetleback chief	tokens
befoul	removal
befuddle	draw,cantrip,combat_pump
begin anew	sweeper,combat_pump
behemoth of vault 0	evasive
behemoth sledge	anthem,equipment
behemoth's herald	
behind the scenes	mass_pump
behold the multiverse	draw,cantrip
behold the sinister six!	reanimation
bejeweled warg	evasive
belbe's percher	evasive
belbe, corrupted observer	
beledros witherbloom	tokens,evasive
belenon war anthem	anthem
belfry spirit	tokens,evasive
belisarius cawl	tokens
belladonna took	
belle of the brawl	evasive
belligerent guest	evasive
belligerent regisaur	evasive
belligerent yearling	evasive
bellowing bruiser	haste
bellowing crier	
bellowing elk	evasive
bellowing fiend	evasive
bellowing tanglewurm	evasive
bellows lizard	
belltoll dragon	evasive
belltower sphinx	evasive
belonging	tokens
beloved beggar	
beloved chaplain	
beloved princess	
belt of giant strength	equipment
beluna grandsquall	evasive
benalish cavalry	
benalish commander	tokens
benalish faithbonder	
benalish hero	
benalish honor guard	
benalish knight-counselor	
benalish marshal	anthem
benalish missionary	
benalish partisan	
benalish sleeper	
benalish trapper	
bend or break	sweeper
bender's waterskin	mana_dork,ramp
beneath the sands	ramp,land_fetch
benefaction of rhonas	draw,cantrip
benefactor's draught	draw,cantrip
benevolent bodyguard	
benevolent geist	evasive
benevolent hydra	
benevolent offering	tokens
benevolent river spirit	evasive
benevolent unicorn	
benthic biomancer	
benthicore	tokens
beorn the fierce	anthem,evasive
beorn, reluctant host	evasive
berta, wise extrapolator	tokens
beseech the mirror	removal
beskir shieldmate	tokens
bespoke battlegarb	anthem,equipment
bespoke bō	anthem,equipment
bestial bloodline	anthem
bestial incursion	tokens
bestial menace	tokens
betor, ancestor's voice	evasive,reanimation
betor, kin to all	evasive
betrayal at the vault	removal
betrayal of flesh	removal,reanimation
betrayer's bargain	removal
betrothed of fire	mass_pump
bewilder	draw,cantrip,combat_pump
bewildering blizzard	draw,cantrip
beyond the quiet	sweeper
beza, the bounding spring	tokens
biblioplex assistant	evasive
big apple, 3 a.m.	tokens
big bertha	
big mother mouser	tokens
big score	draw,cantrip
big spender	haste
big winner	evasive
bighorner rancher	mana_dork,ramp
bilbo's deadly slice	removal
bilbo's gambit	removal
bilbo's ring	equipment
bilbo, luckwearer	
bilbo, thief in the night	
bile blight	combat_pump
bile urchin	
bile-vial boggart	
bilious skulldweller	
bill ferny, bree swindler	
billowing shriekmass	evasive
bind	counterspell,draw,cantrip
bind [ff7c12dd-1a1a-417a-b08a-d1346430858e]	counterspell,draw,cantrip
bind to secrecy	counterspell
binding grasp	anthem
binding mummy	
bioessence hydra	evasive
biogenic ooze	tokens
biolume serpent	
biomancer's familiar	
biomantic mastery	draw,cantrip
biomathematician	tokens
biomechan engineer	tokens
bionic blow	removal,combat_pump
biophagus	mana_dork,ramp
biorganic carapace	anthem,equipment
biotech specialist	
biotransference	tokens
biowaste blob	anthem
birchlore rangers	
bird maiden	evasive
birds of paradise	mana_dork,ramp,evasive
birth of the imperium	tokens
birthday escape	draw,cantrip
birthing boughs	tokens
birthing hulk	tokens
bishop of rebirth	reanimation
bishop of wings	tokens
bishop's soldier	
bismuth mindrender	evasive
bite down	removal
bite down on crime	removal,combat_pump
biting rain	mass_pump
biting remark	evasive
bitter downfall	removal
bitter ordeal	removal
bitter revelation	draw,cantrip
bitter triumph	removal
bitterblade warrior	
bitterbloom bearer	tokens,evasive
bitterblossom	tokens
bitterthorn, nissa's animus	anthem,tokens,equipment
bituminous blast	removal
bjorna, nightfall alchemist	
black bolt, inhuman king	evasive
black carriage	evasive
black cat	
black chocobo	
black dragon	evasive
black hole	removal
black knight	
black lotus	mana_dork,ramp
black mage's rod	anthem,tokens,equipment
black mana battery	mana_dork,ramp
black market tycoon	
black panther, most dangerous	mass_pump
black panther, wakandan king	
black scarab	anthem
black sun's twilight	combat_pump,reanimation
black tom cassidy	mana_dork,ramp
black tulip	mana_dork,ramp
black waltz no. 3	evasive
black widow, agile avenger	evasive
black widow, daring operative	evasive
black widow, natasha romanoff	
black widow, super spy	evasive
blackblade reforged	equipment
blackbloom rogue	evasive
blackcleave goblin	haste
blacker lotus	mana_dork,ramp
blacklance paragon	
blacksmith's skill	combat_pump
blacksnag buzzard	evasive
blade banish	removal
blade of selves	equipment
blade of shared souls	tokens,equipment
blade of the bloodchief	equipment
blade of the oni	evasive,equipment
blade of the sixth pride	
blade sliver	anthem
blade splicer	tokens
bladeback sliver	
bladebrand	draw,cantrip
bladed ambassador	
bladed battle-fan	anthem,equipment
bladed bracers	anthem,equipment
bladed pinions	equipment
bladegraft aspirant	evasive
bladegriff prototype	evasive
bladehold cleaver	anthem,tokens,equipment
bladehold war-whip	tokens,equipment
blademane baku	
bladestitched skaab	anthem
bladetusk boar	evasive
bladewing the risen	mass_pump,evasive
bladewing's thrall	evasive
bladewing, deathless tyrant	tokens,evasive,haste
blanchwood prowler	
blaring recruiter	tokens
blasphemous act	sweeper
blast from the past	removal,burn,tokens
blast of genius	removal,draw,cantrip
blast zone	sweeper
blast-furnace hellkite	evasive
blaster hulk	haste
blastfire bolt	removal,sweeper
blaze	removal,burn
blaze commando	tokens
blazethorn scarecrow	haste
blazing archon	evasive
blazing bomb	
blazing crescendo	combat_pump
blazing effigy	
blazing hope	removal
blazing rootwalla	
blazing salvo	removal
blazing shoal	combat_pump
blazing specter	evasive,haste
blazing sunsteel	equipment
blazing torch	equipment
blazing volley	sweeper
bleed dry	combat_pump
bleeding edge	combat_pump
blessed ghoul	
blessed hippogriff	evasive
blessed light	removal
blessed orator	anthem
blessed reincarnation	removal
blessed respite	sweeper
blessed sanctuary	tokens
blessed spirits	evasive
blessing	mass_pump
blessing of belzenlok	combat_pump
blessing of frost	draw,cantrip
blex, vexing pest	anthem
blight grenade	removal,mass_pump
blight herder	tokens
blight keeper	evasive
blight mamba	
blight mound	combat_pump,anthem,tokens
blight pile	
blight sickle	anthem,equipment
blightbeetle	
blightbelly rat	
blighted agent	
blighted bat	evasive
blighted nightmare	reanimation
blighted shaman	
blightning	removal
blightreaper thallid	
blightsoil druid	mana_dork,ramp
blightsower thallid	tokens
blightspeaker	
blightsteel colossus	evasive
blightwing bandit	evasive
blightwing whelp	evasive
blim, comedic genius	evasive
blind creeper	
blind hunter	evasive
blind zealot	evasive
blindblast	removal,draw,cantrip
blinding angel	evasive
blinding drone	
blinding mage	
blinding powder	equipment
blinding spray	draw,cantrip
blink	tokens
blink of an eye	removal,draw,cantrip
blister beetle	
blistercoil weird	
blistering dieflyn	evasive
blistering firecat	evasive,haste
blisterpod	tokens
blisterspit gremlin	
blitz automaton	haste
blitz hellion	evasive,haste
blitz of the thunder-raptor	removal
blitzball	mana_dork,ramp
blizzard elemental	evasive
blizzard specter	evasive
blizzard strix	evasive
bloated contaminator	evasive
bloatfly swarm	evasive
blockbuster	sweeper
blood	removal,burn
blood age general	
blood artist	
blood aspirant	
blood baron of vizkopa	evasive
blood burglar	
blood celebrant	
blood curdle	removal
blood divination	draw,cantrip
blood for bones	reanimation
blood for the blood god!	removal,draw,cantrip
blood frenzy	combat_pump
blood hustler	
blood knight	
blood lust	combat_pump
blood money	sweeper
blood oath	removal
blood on the snow	sweeper,reanimation
blood pact	draw,cantrip
blood pet	
blood petal celebrant	
blood price	draw,cantrip
blood researcher	evasive
blood scrivener	
blood seeker	
blood tyrant	evasive
blood-chin rager	
blood-toll harpy	evasive
bloodbat summoner	evasive
bloodbraid challenger	haste
bloodbraid elf	haste
bloodbraid marauder	
bloodchief's thirst	removal
bloodcrazed goblin	
bloodcrazed hoplite	
bloodcrazed neonate	
bloodcrazed paladin	
bloodcrazed socialite	evasive
bloodcrusher of khorne	evasive
bloodcurdler	evasive
bloodcurdling scream	combat_pump
bloodfeather phoenix	evasive
bloodfire colossus	sweeper
bloodfire dwarf	sweeper
bloodfire enforcers	evasive
bloodfire infusion	sweeper
bloodfire kavu	sweeper
bloodforged battle-axe	anthem,equipment
bloodfray giant	evasive
bloodghast	haste
bloodgift demon	evasive
bloodhall ooze	
bloodhaze wolverine	
bloodhunter bat	evasive
bloodied ghost	evasive
bloodletter of aclazotz	evasive
bloodline bidding	sweeper
bloodline culling	combat_pump,mass_pump
bloodline keeper	tokens,evasive
bloodline necromancer	reanimation
bloodline recollector	
bloodline shaman	
bloodlord of vaasgoth	evasive
bloodlust inciter	
bloodmark mentor	
bloodrage brawler	
bloodsky berserker	
bloodsoaked altar	tokens
bloodsoaked champion	
bloodsoaked reveler	
bloodspatter vampire	evasive
bloodstone cameo	mana_dork,ramp
bloodstone goblin	
bloodsworn knight	
bloodsworn steward	anthem,evasive
bloodthirster	evasive
bloodthirsty adversary	haste
bloodthirsty aerialist	evasive
bloodthirsty blade	anthem,equipment
bloodthirsty conqueror	evasive
bloodthorn flail	anthem,equipment
bloodthorn taunter	haste
bloodthrone vampire	
bloodtithe collector	evasive
bloodtithe harvester	
bloodtracker	evasive
bloodvial purveyor	evasive
bloodwater entity	evasive
bloom tender	mana_dork,ramp
blooming blast	removal
blooming cactusfolk	evasive
blooming stinger	
bloomvine regent	evasive
bloomvine regent [da1e019c-2ffb-412d-90d7-f2e5e5c44c4b]	evasive
bloomwielder dryads	
blor the impervious	evasive
blorbian buddy	evasive
blossom-blessed angel	evasive
blossom-clad werewolf	mana_dork,ramp
blossoming tortoise	anthem
blot out	removal
blot out the sky	sweeper,tokens
blow off steam	removal,burn
blow your house down	removal
blue dragon	evasive
blue elemental blast	removal,counterspell
blue mage's cane	anthem,tokens,equipment
blue mana battery	mana_dork,ramp
blue marvel, adam brashear	evasive
blue ribbon	equipment
blue scarab	anthem
blue sun's zenith	draw,cantrip
blur	removal,draw,cantrip
blur of blades	removal
blurred mongoose	
blurry beeble	
boar umbra	anthem
board the weatherlight	draw,cantrip
boarded window	combat_pump
boarding party	haste
boareskyr tollkeeper	
boartusk liege	anthem,evasive
bob the claymore	equipment
bob, reluctant hydra agent	
body count	draw,cantrip
body dropper	
body launderer	reanimation
body of jukai	evasive
body of research	tokens
body snatcher	reanimation
bofur, reliable guardian	
bog glider	evasive
bog humbugs	evasive
bog imp	evasive
bog initiate	
bog naughty	evasive
bog rats	
bog witch	mana_dork,ramp
bogardan hellkite	evasive
bogardan lancer	
bogardan phoenix	evasive
boggart brute	evasive
boggart cursecrafter	
boggart forager	
boggart mischief	tokens
boggart mob	tokens
boggart prankster	
boggart ram-gang	haste
boggart sprite-chaser	evasive
bogslither's embrace	removal
bogwater lumaret	
boil	sweeper
boiling blood	draw,cantrip
boiling earth	sweeper
boiling seas	sweeper
boing!	removal
bojuka brigand	
bola warrior	
bold biochemist	
bold defense	mass_pump
bold impaler	
boldwyr heavyweights	evasive
bolg's company	mana_dork,ramp,haste
bolg, erebor's reckoning	evasive
bolrac-clan basher	evasive
bolt hound	haste
bolt of keranos	removal,burn
boltfire	removal,burn
boltwing marauder	evasive
bomat courier	sweeper,haste
bombard	removal
bombardment	removal,burn
bomber corps	
bond beetle	
bond of flourishing	draw,cantrip
bond of insight	removal
bond of passion	removal
bond of revival	reanimation
bonded construct	
bonded fetch	haste
bonder's ornament	mana_dork,ramp
bonds of faith	anthem
bone devourer	evasive
bone dragon	evasive
bone flute	mass_pump
bone miser	tokens
bone offering	tokens
bone picker	evasive
bone pit brute	evasive
bone sabres	equipment
bone saw	anthem,equipment
bone shards	removal
bone shredder	evasive
bone splinters	removal
bone to ash	counterspell,draw,cantrip
bone-cairn butcher	tokens
bonebind orator	
bonecache overseer	
bonecaller cleric	reanimation
boneclad necromancer	tokens
bonehoard	tokens,equipment
bonehoard dracosaur	tokens,evasive
boneknitter	
bonepicker skirge	evasive
boneshard slasher	evasive
bonesplitter	anthem,equipment
bonesplitter sliver	anthem
boneyard desecrator	evasive
boneyard parley	removal
boneyard scourge	evasive
boneyard wurm	
bonfire of the damned	removal
bonny pall, clearcutter	tokens
bontu the glorified	evasive
bontu's last reckoning	sweeper
book burning	removal,burn
book devourer	evasive
bookwurm	evasive
boom	removal
boomerang	removal
boomerang basics	removal,draw,cantrip
boomerang, blade flinger	
boon of boseiju	combat_pump
boon of emrakul	anthem
boon of erebos	combat_pump
boon of the wish-giver	draw,cantrip
boon satyr	anthem
boon-bringer valkyrie	evasive
boot nipper	
boots of speed	anthem,equipment
borborygmos	evasive
borborygmos enraged	evasive
borderland behemoth	evasive
borderland explorer	
borderland marauder	
boreal centaur	
boreal druid	mana_dork,ramp
boreal elemental	evasive
boreal griffin	evasive
boreas charger	evasive
borg queen, perfection manifest	anthem,reanimation
boris devilboon	tokens
born to drive	tokens
borne upon a wind	draw,cantrip
boros challenger	
boros charm	removal
boros cluestone	mana_dork,ramp
boros elite	
boros fury-shield	removal
boros guildmage	
boros keyrune	mana_dork,ramp
boros locket	mana_dork,ramp
boros mastiff	
boros recruit	
boros signet	mana_dork,ramp
boros swiftblade	
borough backup	tokens
borrowed grace	mass_pump
borrowed hostility	combat_pump
borrowed knowledge	draw,cantrip
borrowed malevolence	combat_pump
borrowing 100,000 arrows	draw,cantrip
borrowing the east wind	sweeper
bosh, iron golem	evasive
bosk banneret	
boss uramon, shadow's reach	tokens,evasive
boss's chauffeur	tokens
bot bashing time	removal
botanical brawler	evasive
bother	tokens
bothersome noisemaker	
bothersome quasit	evasive
bottle golems	evasive
bottle-cap blast	removal,burn
boulder dash	removal,burn
boulder jockey	tokens
boulder rush	combat_pump
boulder salvo	removal
boulderborn dragon	evasive
boulderfall	removal,burn
bounce off	removal
bouncer's beatdown	removal
bound	removal
boundary lands ranger	
boundless realms	ramp,land_fetch
bounteous kirin	evasive
bounty agent	
bounty board	mana_dork,ramp
bounty of might	combat_pump
bounty of skemfar	draw,cantrip
bovine intervention	removal,tokens
bow of the hunter	equipment
box of free-range goblins	tokens
brackish blunder	removal
brad boimler, eager ensign	
brago, king eternal	evasive
brain maggot	
brain pry	draw,cantrip
brain weevil	evasive
brainbite	draw,cantrip
braingeyser	draw,cantrip
braingeyser [655ee0db-1913-464f-bd06-072c6bf446bd]	draw,cantrip
brainspoil	removal
brainstealer dragon	evasive
brainstorm	draw,cantrip
brainstorm [f6036065-7196-44d4-8a27-2199f0e1a03c]	draw,cantrip
brainsurge	draw,cantrip
bram, baguette brawler	
bramble armor	anthem,equipment
bramble elemental	tokens
bramble familiar	mana_dork,ramp
bramble wurm	evasive
bramblearmor brawler	evasive
bramblecrush	removal
bramblefort fink	
bramblesnap	evasive
brambleweft behemoth	evasive
bramblewood paragon	
branch of boseiju	
branchblight stalker	
branching bolt	removal
branchsnap lorian	evasive
branded brawlers	
branded howler	
braska's final aeon	evasive
brass gnat	evasive
brass herald	anthem
brass infiniscope	mana_dork,ramp
brass knuckles	equipment
brass man	
brave brawler	
brave falconhawk	evasive
brave meadowguard	
brave the wilds	ramp,land_fetch
brave-kin duo	
brawl-bash ogre	evasive
brawler's plate	anthem,equipment
brawn	evasive
brawn, amadeus cho	
brazen boarding	removal
brazen borrower	evasive
brazen buccaneers	haste
brazen collector	
brazen dwarf	
brazen scourge	haste
breach the multiverse	sweeper
break asunder	removal
break down	removal
break down the door	removal
break expectations	removal
break of day	mass_pump
break out	draw,cantrip
break the ice	removal
break the spell	removal,draw,cantrip
break ties	removal
breaking of the fellowship	removal
breaking point	removal,sweeper,burn
breakneck berserker	haste
breakthrough	draw,cantrip
breath of darigaaz	sweeper
breath of fire	removal
breath of life	reanimation
breath weapon	sweeper
breathe your last	removal
breathkeeper seraph	evasive
breathless knight	evasive
breeches, brazen plunderer	evasive
breeches, the blastmaker	evasive
breeding pit	tokens
breena, the demagogue	evasive
breezekeeper	evasive
brenard, ginger sculptor	anthem
breya's apprentice	tokens
breya, etherium shaper	tokens
briar hydra	evasive
briar shield	mass_pump,anthem
briarberry cohort	evasive
bribe taker	evasive
bride's gown	anthem,equipment
bridge from below	tokens
bridgeworks battle	combat_pump
bridled bighorn	tokens
bright reprisal	removal,draw,cantrip
brightblade stoat	
brightcap badger	tokens
brightfield glider	
brightflame	removal
brightglass gearhulk	evasive
brighthearth banneret	
brightstone ritual	ramp,ritual
brigid's command	combat_pump,tokens
brigid, clachan's heart	tokens
brigid, doun's mind	mana_dork,ramp
brigid, hero of kinsbaile	sweeper
brigone, soldier of meletis	
brilliance unleashed	removal
brilliant halo	anthem
brilliant plan	draw,cantrip
brilliant restoration	sweeper
brilliant spectrum	draw,cantrip
brimaz, king of oreskos	tokens
brimstone dragon	evasive,haste
brimstone roundup	tokens
brimstone vandal	evasive
brimstone volley	removal,burn
brindle shoat	tokens
brine comber	tokens
brine shaman	
brinebarrow intruder	
brineborn cutthroat	
brinebound gift	tokens
bring back	tokens
bring down	removal
bring low	removal
bring the ending	counterspell
bring to light	removal
bring to trial	removal
bringer of green zenith's twilight	
bringer of the black dawn	evasive
bringer of the blue dawn	evasive
bringer of the green dawn	tokens,evasive
bringer of the last gift	evasive
bringer of the red dawn	evasive
bringer of the white dawn	evasive
brisela, voice of nightmares	evasive
bristlebane battler	evasive
bristlebud farmer	evasive
bristlepack sentry	
bristly bill, spine sower	
broadcast rambler	tokens
broadside barrage	removal,draw,cantrip
broadside bombardiers	evasive,haste
broken ambitions	counterspell
broken bond	removal
broken concentration	counterspell
broken wings	removal
brokers charm	removal,draw,cantrip,combat_pump
brokers confluence	counterspell
brokers initiate	
brokers veteran	
brokkos, apex of forever	evasive
brontotherium	evasive
bronze cudgels	equipment
bronze horse	evasive
bronze sable	
bronze sword	anthem,equipment
bronze walrus	mana_dork,ramp
bronzehide lion	
bronzeplate boar	anthem,evasive,equipment
brood astronomer	mana_dork,ramp
brood butcher	tokens
brood keeper	tokens
brood monitor	tokens
brood of cockroaches	
brood sliver	tokens
brood weaver	tokens
broodcaller scourge	evasive
broodguard elite	
broodhatch nantuko	tokens
broodheart engine	reanimation
broodmate dragon	tokens,evasive
broodmate tyrant	tokens,evasive
broodrage mycoid	tokens
broodspinner	tokens
broodstar	evasive
broodwarden	anthem
brotherhood regalia	equipment
brotherhood scribe	
brotherhood spy	
brotherhood's end	sweeper
brothers yamazaki	anthem
browbeat	removal,burn,draw,cantrip
brown ouphe	
bruce banner	
brudiclad, telchor engineer	tokens
bruna, light of alabaster	evasive
bruna, the fading light	evasive,reanimation
bruse tarl, roving rancher	tokens
brush off	counterspell
brushfire elemental	haste
brushstrider	
brutal expulsion	removal
brute force	combat_pump
bubble smuggler	
bucky barnes, eager ally	
budoka gardener	
bugenhagen, wise elder	mana_dork,ramp
builder's bane	removal
builder's blessing	anthem
builder's talent	tokens
built bear	
built to last	combat_pump
built to smash	combat_pump
bull aurochs	evasive
bull cerodon	haste
bull rush	combat_pump
bulwark ox	
bumi bash	removal
bumi, unleashed	evasive
burden of proof	anthem
burdened stoneback	
bureau headmaster	
burglar rat	
buried alive	removal
buried treasure	mana_dork,ramp
burn	removal,burn
burn away	removal
burn bright	mass_pump
burn down the house	sweeper,tokens
burn from within	removal,burn
burn the accursed	removal
burn the impure	removal
burn together	removal
burn trail	removal,burn
burning cloak	removal,combat_pump
burning fields	removal
burning hands	removal
burning inquiry	draw,cantrip
burning of xinye	sweeper
burning oil	removal
burning prophet	
burning sun cavalry	
burning wish	removal
burning-fist minotaur	
burning-rune demon	evasive
burning-tree emissary	
burning-yard trainer	evasive,haste
burnished dunestomper	evasive
burnout	counterspell
burnout bashtronaut	evasive
burnt offering	ramp,ritual
burrenton bombardier	evasive
burrenton forge-tender	
burrog banemaker	
burrog barrage	removal,combat_pump
burrog befuddler	
burrowguard mentor	evasive
burst lightning	removal,burn
bushi tenderfoot	
bushmaster, coiled henchman	
bushwhack	ramp,land_fetch
bushy bodyguard	
bust	sweeper
buster sword	anthem,equipment
butch deloria, tunnel snake	evasive
butcher ghoul	
butcher of malakir	evasive
butcher of the horde	evasive
butcher's cleaver	anthem,equipment
buy your silence	removal
buzz bots	evasive
buzzard-wasp colony	evasive
by force	removal
by gnome means	tokens
bygone bishop	evasive
bygone marvels	removal
byway barterer	evasive
cabal evangel	
cabal initiate	
cabal inquisitor	
cabal interrogator	
cabal ritual	ramp,ritual
cabal therapist	evasive
cabal trainee	
cabaretti charm	removal,tokens
cabaretti confluence	removal
cabaretti initiate	
cackling culprit	
cackling flames	removal,burn
cackling imp	evasive
cackling observer	evasive
cackling witch	
cacophony scamp	
cactuar	evasive
cadaver imp	evasive
cadira, caller of the small	tokens,evasive
caduceus, staff of hermes	anthem,equipment
caelorna, coral tyrant	
caetus, sea tyrant of segovia	
caged sun	anthem
cagemail	anthem
cairn wanderer	evasive,haste
cait, cage brawler	
calamitous cave-in	sweeper
calamitous tide	removal,draw,cantrip
calamity of cinders	sweeper
calamity of the titans	sweeper
calamity's wake	removal,sweeper
calamity, galloping inferno	haste
calculated dismissal	counterspell
calculating lich	evasive
caldaia guardian	tokens
caldera breaker	evasive
caldera pyremaw	evasive
calibrated blast	removal,burn
caligo skin-witch	
calim, djinn emperor	evasive
calix, destiny's hand	sweeper
call	tokens
call a surprise witness	reanimation
call for blood	combat_pump
call forth the tempest	sweeper
call in a professional	removal,burn
call of the conclave	tokens
call of the death-dweller	reanimation
call of the full moon	anthem
call of the herd	tokens
call of the nightwing	tokens
call the bloodline	tokens
call the cavalry	tokens
call the mountain chocobo	ramp,land_fetch,tokens
call the scions	tokens
call the skybreaker	tokens
call to arms	anthem
call to glory	mass_pump
call to heel	removal,draw,cantrip
call to serve	anthem
call to the feast	tokens
call to the void	sweeper
call up emrakul to help	removal,tokens
caller of gales	
caller of the claw	tokens
caller of the pack	evasive
callous dismissal	removal
callous inspector	evasive
callous sell-sword	
calming verse	sweeper
camaraderie	draw,cantrip,mass_pump
camel	
camellia, the seedmiser	tokens,evasive
camera launcher	tokens
campfire	sweeper
campus crier	
campus guide	
can't quite recall	draw,cantrip
cancel	counterspell
candlegrove witch	
candlelight vigil	anthem
candlestick	anthem,equipment
candy grapple	combat_pump
cankerbloom	
cankerous thirst	combat_pump
cannibalize	removal
canonized in blood	tokens
canoptek scarab swarm	tokens,evasive
canoptek spyder	evasive
canopy dragon	evasive
canopy gargantuan	evasive
canopy spider	
canopy surge	sweeper
canopy tactician	mana_dork,ramp,anthem
cantor of the refrain	
canyon crab	
canyon drake	evasive
canyon vaulter	
canyon wildcat	
cao ren, wei commander	evasive
capashen knight	
capashen standard	anthem
capashen unicorn	
capital guard	
capricious hellraiser	evasive
capricopian	
capsize	removal
capsizing wave	removal
captain america's shield	anthem,equipment
captain america, liberator	tokens
captain america, skybound	evasive
captain america, wings of freedom	evasive
captain eberhart	
captain kathryn janeway	ramp
captain lannery storm	haste
captain mar-vell, space-born	evasive
captain marvel, apex avenger	evasive
captain marvel, earth's protector	evasive
captain marvel, shooting star	evasive
captain of the watch	anthem,tokens
captain storm, cosmium raider	
captain vargus wrath	
captain's call	tokens
captain's claws	anthem,tokens,equipment
captain's defense	draw,cantrip,combat_pump
captain's hook	anthem,equipment
captain's tutelage	anthem
captivating gyre	removal
captivating vampire	anthem
captive weird	
carapace	anthem
carapace forger	
caravan escort	
caravan vigil	ramp,land_fetch
carbonize	removal,burn
cardpecker	evasive
carefree swinemaster	tokens
careful consideration	draw,cantrip
careful cultivation	anthem,tokens
careful study	draw,cantrip
careful study [df5e4100-8c83-42d6-af96-1a1ec84a9210]	draw,cantrip
caregiver	
careless celebrant	
caress of phyrexia	draw,cantrip
caretaker's talent	anthem
cargo ship	mana_dork,ramp
carmen, cruel skymarcher	evasive
carnage	removal
carnage interpreter	evasive
carnage tyrant	evasive
carnage wurm	evasive
carnage, crimson chaos	evasive,reanimation
carnassid	evasive
carnelian orb of dragonkind	mana_dork,ramp
carnifex demon	evasive
carnival	removal
carnival hellsteed	haste
carnivorous canopy	removal
carnivorous cultivator	
carnivorous death-parrot	evasive
carnophage	
carom	draw,cantrip
carrier pigeons	evasive
carrier thrall	tokens
carrion	tokens
carrion beetles	
carrion call	tokens
carrion crow	evasive
carrion feeder	
carrion imp	evasive
carrion locust	evasive
carrion rats	
carrion screecher	evasive
carrionette	
carrot cake	tokens
cartel aristocrat	
cartographer's hawk	evasive
cartographer's survey	draw,cantrip
cartouche of ambition	anthem
cartouche of knowledge	anthem
cartouche of solidarity	anthem,tokens
cartouche of strength	anthem
cartouche of zeal	anthem
casal, pathbreaker owlbear	evasive
case of the gateway express	anthem
case of the locked hothouse	ramp
case of the stashed skeleton	tokens
case the joint	draw,cantrip
casey jones, back alley brute	evasive
casey jones, jury-rig justiciar	haste
cast away doubt	draw,cantrip
cast down	removal
cast into the fire	removal
cast off	sweeper
castigate	removal
castle	anthem
castle ardenvale	tokens
castle doom	tokens
castle embereth	mass_pump
castle raptors	evasive
casualties of war	removal
cat collector	tokens
cat oven	tokens
cat-owl	evasive
cataclysmic prospecting	sweeper
catacomb dragon	evasive
catacomb sifter	tokens
catalog	draw,cantrip
catapult captain	
catapult squad	
catastrophe	sweeper
cateran enforcer	evasive
cateran persuader	
cathar commando	
cathar's shield	anthem,equipment
catharsis	tokens
cathartic adept	
cathartic pyre	removal,draw,cantrip
cathartic reunion	draw,cantrip
cathedral acolyte	
cathedral membrane	
cathedral sanctifier	
catti-brie of mithral hall	
caught in the crossfire	sweeper
cauldron dance	reanimation
cauldron familiar	
cauldron of essence	reanimation
caustic bronco	
caustic caterpillar	
caustic exhale	combat_pump
caustic rain	removal
caustic wasps	evasive
cautery sliver	
cavalier of dawn	tokens
cavalier of gales	evasive
cavalier of night	reanimation
cavalry drillmaster	
cavalry pegasus	evasive
cave sense	anthem
cave-in	sweeper
cavern harpy	evasive
cavern lampad	anthem,evasive
cavern whisperer	evasive
cavern-hoard dragon	evasive,haste
caves of chaos adventurer	evasive
cease	removal,draw,cantrip
cease-fire	draw,cantrip
ceaseless conflict	sweeper,tokens
cecil, dark knight	
cecil, redeemed paladin	
celebr-8000	evasive
celebrate the harvest	ramp,land_fetch
celebrate the mountain-king	tokens
celestial ancient	evasive
celestial archon	anthem,evasive
celestial armor	anthem,equipment
celestial crusader	anthem,evasive
celestial gatekeeper	evasive
celestial judgment	sweeper
celestial kirin	evasive
celestial mantle	anthem
celestial messenger	evasive
celestial prism	mana_dork,ramp
celestial purge	removal
celestial regulator	evasive
celestial vault	sweeper
celestine cave witch	tokens
celestine, the living saint	evasive,reanimation
cellar door	tokens
cement shoes	anthem,equipment
cemetery desecrator	evasive
cemetery gatekeeper	
cemetery illuminator	evasive
cemetery protector	tokens
cemetery reaper	anthem,tokens
cemetery recruitment	draw,cantrip
cenn's enlistment	tokens
cenn's heir	
cenn's tactician	
cenote scout	
censor	counterspell
centaur chieftain	haste
centaur glade	tokens
centaur nurturer	mana_dork,ramp
centaur veteran	evasive
centaur vinecrasher	evasive
centaur's herald	tokens
cephalid illusionist	
cephalid scout	evasive
cephalid snitch	
cephalid vandal	
cephalopod sentry	evasive
cerebral download	draw,cantrip
cerebral eruption	removal
cerebral vortex	draw,cantrip
ceremonial groundbreaker	anthem,equipment
ceremonial knife	anthem,equipment
ceremonious rejection	counterspell
cerodon yearling	haste
certain death	removal
cerulean drake	evasive
cerulean sphinx	evasive
cerulean wisps	draw,cantrip
cerulean wyvern	evasive
ceta disciple	mana_dork,ramp
cetavolver	
cha'dich investigator	tokens
chain assassination	removal,draw,cantrip
chain lightning	removal,burn
chain of acid	removal
chain of plasma	removal,burn
chain of vapor	removal
chain reaction	sweeper
chain to memory	combat_pump
chainbreaker	
chained brute	
chainer's torment	tokens
chainer, dementia master	anthem,reanimation
chainflail centipede	equipment
chainsaw	equipment
chainweb aracnir	
chalk outline	tokens
chamber sentry	
champion of dusan	evasive
champion of stray souls	reanimation
champion of the clachan	anthem
champion of the flame	evasive
champion of the hareish	
champion of the parish	
champion of the perished	
champion's drake	evasive
champion's helm	anthem,equipment
champion's victory	removal
champions from beyond	tokens
champions of tyr	evasive
chancellor of tales	evasive
chancellor of the annex	evasive
chancellor of the dross	evasive
chancellor of the forge	tokens
chancellor of the mulligan	evasive
chancellor of the spires	evasive
chandra's defeat	removal,draw,cantrip
chandra's dragonmech	evasive
chandra's embercat	mana_dork,ramp
chandra's emberling	haste
chandra's firemaw	haste
chandra's flame wave	removal,burn
chandra's fury	removal,sweeper
chandra's ignition	sweeper
chandra's incinerator	evasive
chandra's magmutt	
chandra's outburst	removal
chandra's outrage	removal
chandra's phoenix	evasive,haste
chandra's pyreling	
chandra's pyrohelix	removal,burn
chandra's revolution	removal
chandra's spitfire	evasive
chandra's triumph	removal
chandra, acolyte of flame	tokens
chandra, awakened inferno	sweeper
chandra, flamecaller	sweeper,tokens
chandra, gremlin wrangler	tokens
change of fortune	draw,cantrip
change the equation	counterspell
changeling berserker	haste
changeling outcast	
channel	ramp,ritual
channel [d9068051-b51c-4700-b492-30b148e3a72c]	ramp,ritual
channel harm	removal
channel the suns	ramp,ritual
channeled dragonfire	removal,burn
channeled force	removal,draw,cantrip
channeler initiate	mana_dork,ramp
chaos balor	evasive
chaos charm	removal
chaos confetti	sweeper
chaos defiler	evasive
chaos dragon	evasive,haste
chaos imps	evasive
chaos mutation	removal
chaos orb	sweeper
chaos wrap	draw,cantrip
chaos, the endless	evasive
chaotic backlash	removal,burn
chaotic strike	draw,cantrip
chaotic transformation	removal
chapel geist	evasive
chapel shieldgeist	evasive
chaplain of alms	
char	removal,burn
charcoal diamond	mana_dork,ramp
chardalyn dragon	evasive
charforger	tokens
charge	mass_pump
charge across the araba	removal,mass_pump
charge of the forever-beast	removal
charge of the mites	removal,tokens
charge the sanctum	mass_pump
charge through	draw,cantrip
charging badger	evasive
charging binox	evasive
charging cinderhorn	haste
charging griffin	evasive
charging monstrosaur	evasive,haste
charging strifeknight	haste
charging tuskodon	evasive
charging war boar	evasive,haste
chariot of victory	equipment
charisma bobblehead	mana_dork,ramp,tokens
charismatic conqueror	tokens
charismatic vanguard	mass_pump
charm peddler	
charmed clothier	evasive
charmed griffin	evasive
charmed stray	
charming prince	
charming scoundrel	haste
charnel serenade	removal,reanimation
charnel troll	evasive
charnelhoard wurm	evasive
charring bite	removal
chart a course	draw,cantrip
chase stein, runaway	
chasm drake	evasive
chasm skulker	tokens
chastise	removal
chatter of the squirrel	tokens
chatterstorm	tokens
chatterstorm and awaken the woods	tokens
cheap ass	
cheatyface	evasive
check for traps	removal
checkpoint officer	
cheeky house-mouse	
cheer	haste
cheering crowd	
cheering fanatic	
chelonian tackle	combat_pump
chemister's insight	draw,cantrip
chemister's trick	combat_pump
cherished hatchling	
chevill, bane of monsters	
chic	draw,cantrip
chicken egg	tokens
chicken troupe	
chief engineer	
chief magistrate of mercadia	tokens
chief of the edge	anthem
chief of the foundry	anthem
chief of the scale	anthem
chief of the wilds	evasive
chief warg's company	tokens,evasive
child of alara	evasive
child of gaea	evasive
child of night	
child of the pack	tokens
child of the volcano	evasive
child of thorns	
childhood horror	evasive
children of korlis	
chill haunting	combat_pump
chill of the grave	draw,cantrip
chill to the bone	removal
chillbringer	evasive
chillerpillar	evasive
chilling screech	counterspell
chilling shade	evasive
chilling trap	draw,cantrip,combat_pump
chimney goyf	evasive
chimney imp	evasive
chimney rabble	tokens,haste
chipper chopper	evasive
chisei, heart of oceans	evasive
chishiro, the shattered blade	tokens
chiss-goria, forge tyrant	evasive,haste
chitinous cloak	anthem,equipment
chittering dispatcher	tokens
chittering doom	tokens
chittering host	evasive,haste
chittering illuminator	
chittering skullspeaker	
chittering witch	tokens
chitterspitter	tokens
chivalric alliance	tokens
chivalrous chevalier	evasive
cho-arrim alchemist	
choco-comet	removal,burn,tokens
chocobo camp	tokens
chocobo kick	removal
chocobo racetrack	tokens
choking miasma	mass_pump
choking sands	removal
choking vines	sweeper
choose your weapon	removal
chop down	removal
chorale of the void	reanimation
chorus of the tides	evasive
chorus of woe	mass_pump
chosen by heliod	anthem
chromanticore	anthem,evasive
chromatic lantern	mana_dork,ramp
chromatic orrery	mana_dork,ramp
chromatic sphere	mana_dork,ramp
chromatic star	mana_dork,ramp
chrome companion	
chrome courier	evasive
chrome dome	anthem
chrome host hulk	
chrome host seedshark	evasive
chrome mox	mana_dork,ramp
chrome replicator	tokens
chromescale drake	evasive
chromium	evasive
chromium, the mutable	evasive
chronatog	
chronatog totem	mana_dork,ramp
chronicle of victory	anthem
chronicler of worship	mana_dork,ramp
chronobot	
chronomancer	evasive
chronomantic escape	removal
chronomaton	
chronozoa	evasive
chthonian nightmare	reanimation
churning eddy	removal
churning reservoir	tokens
cid, freeflier pilot	evasive
cinder cloud	removal
cinder crawler	
cinder hellion	evasive
cinder storm	removal,burn
cinder strike	removal
cinder wall	
cinderclasm	sweeper
cindercone smite	removal
cinderheart giant	evasive
cinnamon, seasoned steed	
cipherbound spirit	evasive
circle of dreams druid	mana_dork,ramp
circle of elders	mana_dork,ramp
circle of power	draw,cantrip,tokens
circle of the land druid	
circling vultures	evasive
circuitous route	ramp,land_fetch
circular logic	counterspell
circus of the sun	tokens
citanul druid	
citanul stalwart	mana_dork,ramp
citizen's crowbar	anthem,tokens,equipment
city of the daleks	tokens
city pigeon	evasive
cityscape leveler	evasive
citywatch sphinx	evasive
citywide bust	sweeper
civic gardener	
civic guildmage	
civic saber	equipment
civil servant	
clachan festival	tokens
clackbridge troll	tokens,evasive,haste
claim	reanimation
claim the precious	removal
claire d'loon, joy sculptor	
clan defiance	removal
clan guildmage	
clarion cathars	tokens
clarion conqueror	evasive
clarion spirit	tokens
clarion ultimatum	sweeper
clash of elements	removal
clash of wills	counterspell
clattering augur	
claws of wirewood	sweeper
claws out	mass_pump
clay pigeon	evasive
clay revenant	
cleanfall	sweeper
cleansing	removal
cleansing beam	removal,sweeper
cleansing meditation	sweeper
cleansing nova	sweeper
cleansing ray	removal
cleansing screech	removal,burn
cleansing wildfire	removal,draw,cantrip,ramp,land_fetch
clear	removal
clear a path	removal
clear shot	removal,combat_pump
clear the land	removal,sweeper
clear the mind	sweeper,draw,cantrip
clear the stage	combat_pump
clear, fair magic	removal
clear, the mind	draw,cantrip
cleaver blow	removal
cleaving reaper	evasive
cleaving skyrider	evasive
cleaving sliver	anthem
clergy en-vec	
clergy of the holy nimbus	
cleric class	reanimation
cleric of chill depths	
cleric of life's bond	
cleric of the forward order	
clever lumimancer	
clickslither	haste
cliff threader	
cliffhaven kitesail	equipment
cliffhaven sell-sword	
cliffhaven vampire	evasive
cliffrunner behemoth	haste
cliffside lookout	mass_pump
cliffside rescuer	
cling to dust	removal
clinquant skymage	evasive
cloak and dagger	anthem,equipment
cloak of feathers	draw,cantrip
cloak of the bat	equipment
cloak of the philosopher	anthem,equipment
cloaked siren	evasive
cloakwood swarmkeeper	
clockwork avian	evasive
clockwork beetle	
clockwork condor	evasive
clockwork dragon	evasive
clockwork drawbridge	
clockwork droid	
clockwork percussionist	haste
clockwork vorrac	evasive
cloister gargoyle	evasive
cloistered telepath	
cloistered youth	
clone crafter	
close encounter	removal
closing statement	removal
clot sliver	
cloud crusader	evasive
cloud djinn	evasive
cloud dragon	evasive
cloud elemental	evasive
cloud manta	evasive
cloud of darkness	evasive
cloud of faeries	evasive
cloud pirates	evasive
cloud spirit	evasive
cloud sprite	evasive
cloud's limit break	removal,sweeper
cloud, ex-soldier	haste
cloud, midgar mercenary	
cloudblazer	evasive
cloudbound moogle	evasive
cloudchaser eagle	evasive
cloudchaser kestrel	evasive
cloudfin raptor	evasive
cloudgoat ranger	tokens
cloudheath drake	evasive
cloudhoof kirin	evasive
cloudkill	mass_pump
cloudkin seer	evasive
cloudreach cavalry	evasive
cloudreader sphinx	evasive
cloudsculpt technician	evasive
cloudseeder	tokens,evasive
cloudshift	removal
cloudshredder sliver	
cloudskate	evasive
cloudspire captain	anthem
cloudspire coordinator	tokens
cloudsteel kirin	evasive,equipment
clout of the dominus	anthem
clown extruder	tokens
clowning around	tokens
clutch of currents	removal
clutch of the undercity	removal
clutch of undeath	anthem
coalition relic	mana_dork,ramp
coalition skyknight	evasive
coalition warbrute	evasive
coalstoke gearhulk	evasive,reanimation
coast watcher	evasive
coastal bulwark	
coastal discovery	draw,cantrip
coastal drake	evasive
coastline chimera	evasive
coastline marauders	evasive
cobbled lancer	
cobbled wings	equipment
cobra trap	tokens
cockatrice	evasive
code of constraint	draw,cantrip,combat_pump
codespell cleric	
codie, vociferous codex	mana_dork,ramp
codsworth, handy helper	mana_dork,ramp
coerced confession	draw,cantrip
coercive impetus	anthem
coeurl	
coffin purge	removal
coffin queen	reanimation
cogmentor	evasive
cognivore	evasive
cogwork progenitor	
cogwork spy	evasive
cogwork wrestler	
cogworker's puzzleknot	tokens
coil and catch	draw,cantrip
coiling oracle	
coiling rebirth	reanimation
coiling stalker	
coils of the medusa	sweeper,anthem
cold case cracker	evasive
cold storage	sweeper
coldsteel heart	mana_dork,ramp
coliseum behemoth	evasive
collar the culprit	removal
collateral damage	removal,burn
collected company	draw,cantrip
collectigull	evasive
collective blessing	anthem
collective brutality	combat_pump
collective defiance	removal,draw,cantrip
collective drone	
collective effort	removal
collective nightmare	combat_pump
collective resistance	removal
collective unconscious	draw,cantrip
collective voyage	ramp,land_fetch
collector ouphe	
colleen wing, street samurai	
collision	removal
collision course	removal
collision of realms	sweeper
color pie	mana_dork,ramp
colorful feiyi sparrow	evasive
colorless ultimatum	removal
colorstorm stallion	haste
colossadactyl	evasive
colossal collision	removal
colossal dreadmask	anthem,tokens,equipment
colossal dreadmaw	evasive
colossal dreadmaw and storm crow	evasive
colossal grave-reaver	evasive
colossal growth	combat_pump
colossal heroics	combat_pump
colossal rattlewurm	evasive
colossal skyturtle	evasive
colossification	anthem
colossus hammer	anthem,equipment
colossus of akros	evasive
colossus of sardia	evasive
colossus, steel stalwart	anthem
combat calligrapher	tokens,evasive
combat courier	
combat professor	evasive
combat research	anthem
combat tutorial	draw,cantrip
combine chrysalis	tokens
combine guildmage	
combust	removal
combustion technique	removal
come back wrong	removal
comet storm	sweeper
comet, stellar pup	removal
comeuppance	removal
comforting counsel	anthem
coming attraction	ramp,land_fetch
command decision	removal,draw,cantrip
command of unsummoning	removal
command the chaff	removal
command the stage	tokens
command the storm	removal
commander eesha	evasive
commander greven il-vec	evasive
commander mustard	evasive
commander's insight	draw,cantrip
commander's plate	anthem,equipment
commander's sphere	mana_dork,ramp
commanding presence	anthem
commence the endgame	draw,cantrip
commodore guff	tokens
common cause	anthem
common crook	
common curve filler	
common iguana	
commune with beavers	draw,cantrip
commune with dinosaurs	draw,cantrip
commune with evil	draw,cantrip
commune with nature	draw,cantrip
commune with spirits	draw,cantrip
commune with the gods	draw,cantrip
companion of the trials	evasive
company commander	tokens
comparative analysis	draw,cantrip
compass gnome	
compassionate healer	
compel brutality	removal
compelled duel	combat_pump
compelling deterrence	removal
complaints clerk	tokens
compleat devotion	draw,cantrip,combat_pump
compleated conjurer	
complete disregard	removal
complicate	counterspell
component pouch	mana_dork,ramp
composer of spring	
compound fracture	combat_pump
compulsive research	draw,cantrip
concealed weapon	anthem,equipment
concealing curtains	
conceited witch	evasive
concentrate	draw,cantrip
concentrated fire	removal
concert kaboomist	evasive
concerted defense	counterspell
conclave cavalier	tokens
conclave equenaut	evasive
conclave guildmage	tokens
conclave mentor	
conclave sledge-captain	evasive
concoct	reanimation
concordia pegasus	evasive
concussive bolt	removal
condescend	counterspell
conduct electricity	removal
conductive machete	anthem,equipment
conductor of cacophony	sweeper
conduit goblin	
conduit of emrakul	
cone of flame	removal,burn
confessor	
confirm suspicions	counterspell
conflagrate	removal,burn
conformer shuriken	equipment
confound	counterspell,draw,cantrip
confounding riddle	counterspell,draw,cantrip
confront the assault	tokens
confront the unknown	combat_pump
confusticate and bebother	counterspell,draw,cantrip
congregation gryff	evasive
conifer wurm	evasive
conjurer's ban	draw,cantrip
conjurer's mantle	anthem,equipment
connecting the dots	sweeper
conquering manticore	evasive
conqueror's flail	equipment
conqueror's pledge	tokens
conscripted infantry	tokens
consecrate	removal,draw,cantrip
consecrated by blood	anthem
consecrated sphinx	evasive
consider	draw,cantrip
consider the prime directive	counterspell,draw,cantrip
consign	removal
consign to dream	removal
consign to dust	removal
consign to memory	counterspell
consign to the pit	removal
conspicuous snoop	
conspiracy theorist	
conspiracy unraveler	evasive
constricting tendrils	combat_pump
construct a cosmic cube	tokens
construction arsonist	
consul's lieutenant	
consulate skygate	
consult the necrosages	draw,cantrip
consult the star charts	draw,cantrip
consume spirit	removal,burn
consume strength	combat_pump
consume the meek	sweeper
consumed by history	sweeper
consuming ashes	removal
consuming bonfire	removal
consuming corruption	removal
consuming ferocity	anthem
consuming fervor	anthem
consuming oni	evasive
consuming sinkhole	removal
consuming tide	draw,cantrip
consuming vortex	removal
consumptive goo	
containment breach	removal,tokens
containment construct	
containment priest	
contaminant grafter	evasive
contaminated drink	draw,cantrip
contentious plan	draw,cantrip
contest of claws	removal
contested war zone	mass_pump
contortionist troupe	
contraband kingpin	
contraband livestock	removal
contract from below	draw,cantrip
contract killing	removal
contradict	counterspell,draw,cantrip
control of the court	draw,cantrip
controvert	counterspell
conundrum sphinx	evasive
convenient target	anthem
conversion apparatus	mana_dork,ramp
conversion chamber	tokens
convert to slime	removal
conviction	anthem
convolute	counterspell
coordinated barrage	removal
coordinated charge	mass_pump
coordinated clobbering	removal
coordinated maneuver	removal
copper carapace	anthem,equipment
copper gnomes	
copper host crusher	evasive
copper longlegs	
copper myr	mana_dork,ramp
copper-leaf angel	evasive
coppercoat vanguard	anthem
copperhorn scout	
copy catchers	evasive
coral barrier	tokens
coral colony	
coral eel	
coral fighters	
coral merfolk	
coral sword	anthem,equipment
coral trickster	
coralhelm commander	anthem,evasive
coralhelm guide	
cordial vampire	
coretapper	
cori-steel cutter	anthem,tokens,equipment
cormela, glamour thief	mana_dork,ramp,haste
cornered by black mages	tokens
coronation of the wilds	draw,cantrip
corpse dance	reanimation
corpse explosion	sweeper
corpse hauler	
corpse knight	
corpse lunge	removal
corpsehatch	removal,tokens
corpses of the lost	anthem,tokens
corpseweft	tokens
corpulent corpse	evasive
corridor monitor	
corrosive gale	sweeper
corrosive ooze	
corrupt	removal,burn
corrupt court official	
corrupted conviction	draw,cantrip
corrupted grafstone	mana_dork,ramp
corrupted resolve	counterspell
corrupted shapeshifter	evasive
corsair captain	anthem
coruscation mage	
cosi's trickster	
cosmic epiphany	draw,cantrip
cosmic hunger	removal
cosmic larva	evasive
cosmic sovereign	evasive,haste
cosmic spider-man	evasive,haste
cosmium blast	removal
cosmium confluence	removal,ramp,land_fetch
cosmium kiln	anthem,tokens
cosmogoyf	
cosmos charger	evasive
cosmotronic wave	sweeper
cost of brilliance	draw,cantrip
costly plunder	draw,cantrip
cottontail caretaker	
council of echoes	evasive
council's deliberation	draw,cantrip
counsel of the soratami	draw,cantrip
count nefaria	evasive
counterbore	sweeper,counterspell
counterflux	counterspell
counterintelligence	removal
counterlash	counterspell
countermand	counterspell
counterpoint	counterspell
countersculpt	counterspell
counterspell	counterspell
countersquall	counterspell
countervailing winds	counterspell
countless gears renegade	tokens
country roads	tokens
courageous goblin	
courageous resolve	draw,cantrip
courier bat	evasive
courier griffin	evasive
courier hawk	evasive
courier of comestibles	
courier's briefcase	mana_dork,ramp,tokens
coursers' accord	tokens
court cleric	
court homunculus	
court of embereth	tokens
court of grace	tokens
covenant of blood	removal,burn
covenant of minds	draw,cantrip
coveted falcon	evasive
coveted jewel	mana_dork,ramp
coveted peacock	evasive
covetous castaway	
covetous dragon	evasive
covetous geist	evasive
covetous urge	removal
cowabunga!	draw,cantrip
crack open	removal
crackle with power	removal,burn
crackling club	anthem
crackling drake	evasive
cradle clearcutter	mana_dork,ramp
cradle guard	evasive
cradle of safety	anthem
cradle of the accursed	tokens
cradle to grave	removal
craftwork crusher	evasive
cragplate baloth	haste
cragsmasher yeti	evasive
cranial archive	sweeper
cranial extraction	sweeper
cranial plating	equipment
cranial ram	anthem,tokens,equipment
crash	removal
crash and burn	removal
crash landing	removal
crash of rhino beetles	evasive
crash of rhinos	evasive
crash the party	tokens
crash through	draw,cantrip
crashing drawbridge	
crashing footfalls	tokens
crashing tide	removal,draw,cantrip
crater's claws	removal,burn
craterclaw colossus	haste
craterhoof behemoth	haste
craterize	removal
craterous stomp	removal
craven knight	
craving of yeenoghu	anthem
craw giant	evasive
crawling chorus	tokens
crawling filth	evasive
crawling infestation	tokens
crawling sensation	tokens
crazed goblin	
crazed skirge	evasive,haste
creakwood liege	anthem,tokens
creakwood safewright	
creative outburst	removal,burn,draw,cantrip
creative technique	removal
creeperhulk	evasive
creeping bloodsucker	
creeping corrosion	sweeper
creeping crystal coating	anthem
creeping inn	
creeping mold	removal
creeping peeper	mana_dork,ramp
creeping renaissance	sweeper
creeping trailblazer	anthem
creepy crawler	evasive
creepy puppeteer	haste
cremate	removal,draw,cantrip
crescendo conductor	
crescent island temple	tokens
crested craghorn	haste
crested herdcaller	tokens,evasive
crested sunmare	tokens
crew captain	haste
crib swap	removal,tokens
crime	reanimation
crimestopper sprite	evasive
criminal enterprise	tokens
crimson acolyte	
crimson caravaneer	evasive
crimson cowl, master of evil	tokens
crimson fleet commodore	evasive
crimson hellkite	evasive
crimson honor guard	evasive
crimson kobolds	
crimson mage	
crimson manticore	evasive
crimson muckwader	
crimson roc	evasive
crimson wisps	draw,cantrip
crippling chill	draw,cantrip
crippling fatigue	combat_pump
crippling fear	combat_pump
crisis of conscience	sweeper
croakid amphibonaut	evasive
crocodile of the crossing	haste
crook of condemnation	sweeper
crookclaw elder	evasive
crookclaw transmuter	evasive
crooked custodian	
crookshank kobolds	
crop rotation	ramp,land_fetch
crosis's charm	removal
crosis, the purger	evasive
crossbow infantry	
crossroads consecrator	
crossroads watcher	evasive
crosstown courier	
crovax, ascendant hero	anthem
crow of dark tidings	evasive
crow scarer	tokens
crow storm	tokens
crowd of cinders	evasive
crowd of true believers	
crowded crypt	mana_dork,ramp,tokens
crown of convergence	anthem
crown of flames	mass_pump
crown of fury	anthem
crown of gondor	equipment
crown of suspicion	mass_pump,anthem
crown of vigor	mass_pump,anthem
crowned ceratok	evasive
crucible of fire	anthem
crude bent blade	anthem,equipment
cruel administrator	tokens
cruel alliance	removal
cruel bargain	draw,cantrip
cruel celebrant	
cruel cut	removal
cruel deceiver	
cruel fate	draw,cantrip
cruel finality	combat_pump
cruel revival	removal
cruel sadist	
cruel somnophage	
cruel truths	draw,cantrip
cruel ultimatum	draw,cantrip
cruel witness	evasive
cruelclaw's heist	removal
crumb and get it	combat_pump
crumble	removal
crumble to dust	removal
crumbling colossus	evasive
crush	removal
crush contraband	removal
crush dissent	counterspell
crush of tentacles	tokens
crush of wurms	tokens
crush the weak	sweeper
crush underfoot	removal
crushing canopy	removal
crushing disappointment	draw,cantrip
crushing pain	removal
crushing vines	removal
crustacean commando	
crux of fate	sweeper
crux of mirrodin	sweeper
cry of the carnarium	sweeper,mass_pump
cryoclasm	removal
cryogenic stasis	draw,cantrip
cryotheory adept	
crypt angel	evasive
crypt champion	reanimation
crypt creeper	
crypt feaster	evasive
crypt incursion	sweeper
crypt rats	sweeper
crypt ripper	haste
crypt sliver	
cryptborn horror	evasive
cryptbreaker	tokens
cryptcaller chariot	tokens
cryptex	mana_dork,ramp
cryptic coat	anthem,equipment
cryptic command	removal,counterspell,draw,cantrip
cryptic trilobite	
cryptolith fragment	mana_dork,ramp
crystal barricade	
crystal carapace	anthem
crystal chimes	sweeper
crystal dragon	evasive
crystal fragments	anthem,equipment
crystal skull, isu spyglass	mana_dork,ramp
crystal slipper	anthem,equipment
crystal spray	draw,cantrip
crystal, inhuman princess	mana_dork,ramp,evasive
crystalline entity	evasive
crystalline nautilus	anthem
crystalline sliver	
crystallized serah	anthem
cuboid colony	evasive
cubwarden	tokens
culling drone	
culling ritual	sweeper,ramp,ritual
culling sun	sweeper
culling the weak	ramp,ritual
culmination of studies	draw,cantrip
cult conscript	
cult guildmage	
cult of the waxing moon	tokens
cultist of the absolute	anthem
cultist's staff	anthem,equipment
cultivator colossus	evasive
cultivator drone	mana_dork,ramp
cultivator's caravan	mana_dork,ramp
cunning	anthem
cunning azurescale	evasive
cunning breezedancer	evasive
cunning coyote	haste
cunning maneuver	combat_pump
cunning nightbonder	
cunning sparkmage	haste
cunning strike	removal,draw,cantrip
cunning survivor	
cunning wish	removal
cuombajj witches	
curate	draw,cantrip
curator of destinies	evasive
curator of mysteries	evasive
curfew	removal
curie, emergent intelligence	
curio vendor	
curiosity crafter	evasive
curious cadaver	evasive
curious farm animals	
curious herd	tokens
curious homunculus	mana_dork,ramp
curious inquiry	anthem
curious killbot	
curious obsession	anthem
curious pair	
curse of clinging webs	tokens
curse of disturbance	tokens
curse of shallow graves	tokens
curse of the fire penguin creature	evasive
curse of the restless dead	tokens
curse of the swine	removal,tokens
curse-marred demon	evasive
cursebound witch	
cursebreak	removal
cursecatcher	
cursecloth wrappings	anthem
cursed minotaur	evasive
cursed mirror	mana_dork,ramp
cursed monstrosity	evasive
cursed windbreaker	equipment
cursed wombat	
curtain of light	draw,cantrip
curtains' call	removal
custodi soulbinders	tokens
custodi squire	evasive
cut	removal
cut a deal	draw,cantrip
cut down	removal
cut in	removal
cut of the profits	draw,cantrip
cut propulsion	removal
cut short	removal
cut the earthly bond	removal
cut the tethers	removal
cutthroat contender	
cutthroat il-dal	evasive
cyberdrive awakener	evasive
cyberman patrol	
cybermat	evasive
cybernetic specialist	
cybernetica datasmith	tokens
cycle of renewal	ramp,land_fetch
cyclical evolution	removal,combat_pump
cyclone sire	evasive
cyclonic rift	removal
cyclonus, the saboteur	evasive
cyclopean mummy	
cyclops tyrant	evasive
cylian elf	
cylian sunsinger	
cynette, jelly drover	anthem,tokens
cynical loner	
d00-dl, caricaturist	tokens
dagger of the worthy	anthem,equipment
daggerclaw imp	evasive
daggerdrome imp	evasive
daggersail aeronaut	evasive
dai li censor	
dairy cow	
dakmor bat	evasive
dakmor plague	sweeper
dakmor scorpion	
dakra mystic	sweeper
dalakos, crafter of wonders	mana_dork,ramp
dalek drone	evasive
dalek intensive care	tokens
dalek squadron	evasive
dalkovan outrider	tokens
dalkovan packbeasts	tokens
damn	removal
damnable pact	draw,cantrip
damnation	sweeper
damning verdict	sweeper
dan lewis	
dance of the dead	anthem
dance of the tumbleweeds	ramp,land_fetch,tokens
dance with devils	tokens
dancer's chakrams	anthem,tokens,equipment
dancing from dark to dawn	tokens
dancing scimitar	evasive
dancing sword	anthem,equipment
dandân	
dangerous wager	draw,cantrip
danitha, new benalia's light	evasive
daraja griffin	evasive
daredevil's billy club	anthem,equipment
daredevil, man without fear	haste
daretti, ingenious iconoclast	tokens
dargo, the shipwrecker	evasive
darien, king of kjeldor	tokens
darigaaz reincarnated	evasive,haste
darigaaz's charm	removal,burn,combat_pump
darigaaz's whelp	evasive
darigaaz, shivan champion	evasive
darigaaz, the igniter	evasive
daring buccaneer	
daring demolition	removal
daring fiendbonder	haste
daring piracy	tokens
daring saboteur	
daring skyjek	
daring sleuth	
dark banishing	removal
dark bargain	removal,draw,cantrip
dark betrayal	removal
dark confidant	
dark dabbling	draw,cantrip
dark deal	draw,cantrip
dark deed	combat_pump
dark depths	tokens
dark favor	anthem
dark hatchling	evasive
dark intimations	draw,cantrip
dark knight's greatsword	anthem,tokens,equipment
dark leo & shredder	tokens
dark matter manipulator	
dark nourishment	removal,burn
dark offering	removal
dark petition	ramp,ritual
dark privilege	anthem
dark remedy	combat_pump
dark revenant	evasive
dark ritual	ramp,ritual
dark salvation	combat_pump
dark supplicant	
dark temper	removal
dark triumph	mass_pump
dark wings bring your downfall	tokens
dark withering	removal
dark-dweller oracle	
darkblast	combat_pump
darkheart sliver	
darklight phoenix	evasive,haste
darklit gargoyle	evasive
darkmoss bridge	mana_dork,ramp
darkslick drake	evasive
darkstar augur	evasive
darkstar banisher	evasive
darksteel angel	evasive
darksteel axe	anthem,equipment
darksteel citadel	mana_dork,ramp
darksteel colossus	evasive
darksteel gargoyle	evasive
darksteel ingot	mana_dork,ramp
darksteel plate	equipment
darksteel splicer	tokens
darkthicket wolf	
darkwater egg	mana_dork,ramp
darling of the masses	anthem,tokens
dart throw	tokens
darting merfolk	
daru mender	
daru spiritualist	
daru warchief	anthem
darwin, adaptive mutant	
dash hopes	counterspell
daughter of the deep	tokens
dauntless aven	evasive
dauntless avenger	reanimation
dauntless bodyguard	
dauntless cathar	tokens
dauntless dismantler	sweeper
dauntless dourbark	evasive
dauntless onslaught	combat_pump
dauntless river marshal	
dauntless survivor	
dauntless unity	combat_pump,mass_pump
dauthi cutthroat	evasive
dauthi ghoul	evasive
dauthi horror	evasive
dauthi jackal	evasive
dauthi marauder	evasive
dauthi mercenary	evasive
dauthi mindripper	evasive
dauthi slayer	evasive
dauthi voidwalker	evasive
dauthi warlord	evasive
davros, dalek creator	tokens,evasive
dawn charm	counterspell
dawn elemental	evasive
dawn gryff	evasive
dawn of hope	tokens
dawn of the dead	reanimation
dawn to dusk	removal
dawnbreak reclaimer	evasive
dawnbringer charioteers	evasive
dawnbringer cleric	
dawnfeather eagle	evasive
dawnglare invoker	evasive
dawnhand dissident	
dawnhand eulogist	evasive
dawnhart disciple	
dawnhart geist	
dawnhart mentor	tokens
dawnhart rejuvenator	mana_dork,ramp
dawning angel	evasive
dawnstrider	
dawntreader elk	
dawnwing marshal	mass_pump,evasive
daxiver, izzet electromancer	mana_dork,ramp
daxos, blessed by the sun	
day	mass_pump
day of black sun	removal
day of destiny	anthem
day of judgment	sweeper
day of the dragons	tokens
day's undoing	sweeper,draw,cantrip
daybreak chaplain	
daybreak charger	
daybreak chimera	evasive
daybreak combatants	haste
daybreak coronet	anthem
daydream	removal
daysquad marshal	tokens
daze	counterspell
dazzling angel	evasive
dazzling denial	counterspell
dazzling flameweaver	evasive
dazzling lights	combat_pump
dazzling sphinx	evasive
dead	removal
dead of winter	mass_pump
dead reckoning	removal
dead-iron sledge	equipment
deadbeat attendant	
deadeye duelist	
deadeye tracker	
deadly alliance	removal
deadly complication	removal
deadly cover-up	removal,sweeper,draw,cantrip
deadly dancer	evasive
deadly derision	removal
deadly dispute	draw,cantrip
deadly embrace	removal,draw,cantrip
deadly grub	tokens
deadly plot	removal,reanimation
deadly precision	removal
deadly recluse	
deadly riposte	removal
deadly rollick	removal
deadly tempest	sweeper
deadly vanity	sweeper
deadly visit	removal
deadly wanderings	anthem
deadshot	removal
deafening clarion	sweeper
deal damage	removal,burn
deal gone bad	combat_pump
dearly departed	evasive
death	reanimation
death baron	anthem
death begets life	sweeper,draw,cantrip
death bomb	removal
death cultist	
death frenzy	mass_pump
death grasp	removal,burn
death in the family	removal
death mutation	removal,tokens
death or glory	removal
death pit offering	anthem
death pulse	combat_pump
death rattle	removal
death spark	removal,burn
death speakers	
death stroke	removal
death tyrant	tokens,evasive
death wind	combat_pump
death wish	removal
death's caress	removal
death's shadow	
death's-head buzzard	evasive
death-hood cobra	
death-mask duplicant	evasive,haste
death-priest of myrkul	anthem,tokens
deathbellow raider	
deathbloom gardener	mana_dork,ramp
deathbloom ritualist	mana_dork,ramp
deathbloom thallid	tokens
deathbonnet hulk	
deathbonnet sprout	
deathbringer liege	anthem
deathbringer regent	evasive
deathcap cultivator	mana_dork,ramp
deathcap marionette	
deathgaze cockatrice	evasive
deathgreeter	
deathknell berserker	tokens
deathknell kami	evasive
deathleaper, terror weapon	haste
deathless ancient	evasive
deathless angel	evasive
deathless knight	haste
deathless pilot	
deathmark	removal
deathmask nezumi	evasive
deathpact angel	tokens,evasive
deathrender	anthem,equipment
deathrite shaman	mana_dork,ramp
deathspore thallid	tokens
deathsprout	removal,ramp,land_fetch
deb thomas	tokens
debt to the kami	removal
debtors' knell	reanimation
debtors' transport	tokens
decadent dragon	evasive
decanter of endless water	mana_dork,ramp
decaying time loop	draw,cantrip
deceive the messenger	combat_pump
deceptive frostkite	evasive
decimate	removal
decimator of the provinces	evasive,haste
decisions, decisions	sweeper
decisive denial	counterspell
declaration in stone	removal,sweeper
declare dominance	combat_pump
decode transmissions	draw,cantrip
decommission	removal
decompose	removal
deconstruct	removal,ramp,ritual
deconstruction hammer	anthem,equipment
decorated champion	
decorated griffin	evasive
decorum dissertation	draw,cantrip
decoy gambit	removal
decree of annihilation	sweeper
decree of justice	tokens
decree of pain	sweeper,draw,cantrip
dedicated dollmaker	
dedicated martyr	
deduce	draw,cantrip
deekah, fractal theorist	tokens
deem worthy	removal
deep analysis	draw,cantrip
deep forest hermit	anthem,tokens
deep gnome terramancer	
deep goblin skulltaker	evasive
deep reconnaissance	ramp,land_fetch
deep sight	draw,cantrip
deep spawn	evasive
deep-cavern bat	evasive
deepcavern imp	evasive,haste
deepchannel duelist	anthem
deeproot champion	
deeproot elite	
deeproot pilgrimage	tokens
deeproot warrior	
deeproot waters	tokens
deeproot wayfinder	
deeptread merrow	
deepwater hypnotist	
deepway navigator	anthem
deepwood drummer	
deepwood elder	
deepwood wolverine	
deer-dog	
defabricate	removal,counterspell
deface	removal
defacing duskmage	
defeat	removal
defend the campus	removal,mass_pump
defend the rider	tokens
defenders of humanity	tokens
defenestrate	removal
defenestrated phantom	evasive
defense force aggressor	
defensive maneuvers	combat_pump
defensive stance	anthem
defiant bloodlord	evasive
defiant elf	evasive
defiant falcon	evasive
defiant khenra	
defiant stand	combat_pump
defiant strike	draw,cantrip,combat_pump
defiant thundermaw	evasive
defibrillating current	removal
defile	combat_pump
defiled crypt	tokens
defiler of dreams	evasive
defiler of faith	tokens
defiler of flesh	evasive
defiler of souls	evasive
defiler of vigor	evasive
defiling daemogoth	evasive
deflecting palm	removal
defossilize	reanimation
deft dismissal	removal
deft duelist	
deftblade elite	
defy death	reanimation
dega disciple	
degavolver	
deicide	removal
deity of scars	evasive
delay	removal,counterspell
delayed blast fireball	sweeper
delete	sweeper
deliberate	draw,cantrip
delight in the hunt	tokens
delighted halfling	mana_dork,ramp
delighted killbot	
delightful discovery	draw,cantrip
delirium	removal
deliver	removal
deliver unto evil	removal
delivery moogle	evasive
delraich	evasive
delta bloodflies	evasive
deluge of doom	mass_pump
deluge of the dead	tokens
delve too deep	combat_pump,tokens
delver of secrets	
delver's torch	anthem,equipment
demand answers	draw,cantrip
demanding dragon	evasive
dematerialize	removal
dementia bat	evasive
demigod of revenge	evasive,haste
demolish	removal
demolisher spawn	evasive,haste
demon bolt	removal
demon detective	evasive
demon of catastrophes	evasive
demon of dark schemes	evasive,reanimation
demon of death's gate	evasive
demon of fate's design	evasive
demon of loathing	evasive
demon of wailing agonies	evasive
demon wall	evasive
demon's due	draw,cantrip
demon's grasp	combat_pump
demon's herald	
demon's jester	evasive
demon-possessed witch	
demonfire	removal,burn
demonic appetite	anthem
demonic covenant	tokens
demonic embrace	anthem
demonic rising	tokens
demonic ruckus	anthem
demonic stench	mass_pump
demonic taskmaster	evasive
demonic vigor	anthem
demonlord belzenlok	evasive
demonlord of ashmouth	evasive
demonmail hauberk	anthem,equipment
demonspine whip	mass_pump,equipment
demystify	removal
den protector	
denethor, ruling steward	tokens
denethor, stone seer	
denied!	counterspell
dennick, pious apparition	evasive
dennick, pious apprentice	
deny entry	counterspell,draw,cantrip
deny existence	removal,counterspell
deny reality	removal
deny the divine	removal,counterspell
deny the witch	counterspell
denying wind	removal
denzilore fatehold	evasive
depala, pilot exemplar	anthem
depart the realm	removal
departed deckhand	
departed soulkeeper	evasive
dependable quinjet	mana_dork,ramp
deploy	tokens
deploy the gatewatch	draw,cantrip
deploy to the front	tokens
depopulate	sweeper,draw,cantrip
depose	draw,cantrip
depower	draw,cantrip,combat_pump
depraved harvester	
depressurize	removal,combat_pump
deprive	counterspell
depths of desire	removal
deputized protester	evasive
deputy of acquittals	
deranged assistant	mana_dork,ramp
deranged hermit	anthem,tokens
deranged outcast	
deranged whelp	evasive
derevi, empyrial tactician	evasive
dermoplasm	evasive
descend upon the sinful	sweeper,tokens
descendant of storms	
descent of the dragons	removal,tokens
desculpting blast	removal,tokens
desecrate reality	removal
desecrated earth	removal
desecrated tomb	tokens
desecration demon	evasive
desecration elemental	evasive
desecration plague	removal
desert drake	evasive
desert sandstorm	sweeper
desert twister	removal
desert warfare	tokens
desert's due	combat_pump
deserter's disciple	
desertion	counterspell
desist	sweeper
desmond miles	evasive
desolation angel	evasive
desolation of smaug	sweeper,ramp,ritual
desolation prowler	
desolation twin	tokens
despark	removal
desperate bloodseeker	
desperate castaways	
desperate charge	mass_pump
desperate futurescribe	evasive
desperate measures	combat_pump
desperate parry	combat_pump
desperate plea	removal,reanimation
desperate ravings	draw,cantrip
desperate research	draw,cantrip
desperate ritual	ramp,ritual
desperate sentry	tokens
despoil	removal
despoiler of souls	
despondent killbot	
destiny spinner	
destroy evil	removal
destroy the evidence	removal
destructive force	sweeper
destructive revelry	removal
destructive tampering	removal
destructor dragon	evasive
detective of the month	tokens
detective's phoenix	anthem,evasive,haste
detective's satchel	tokens
determined	draw,cantrip
detonate	removal
deus of calamity	evasive
devastate	removal,sweeper
devastating dreams	sweeper
devastating mastery	removal,sweeper
devastating summons	tokens
devastation	sweeper
deviant glee	anthem
deviant skytech	tokens
devil dinosaur	anthem,evasive
devil k. nevil	haste
devil's play	removal,burn
devilish valet	evasive,haste
devils' playground	tokens
devilthorn fox	
devious cover-up	removal,counterspell
devkarin dissident	
devoted abzan	
devoted caretaker	
devoted crop-mate	reanimation
devoted druid	mana_dork,ramp
devoted duelist	haste
devoted grafkeeper	
devoted hero	
devoted jeskai	evasive
devoted mardu	tokens
devoted retainer	
devoted temur	haste
devour in flames	removal
devour in shadow	removal
devourer of memory	
devouring light	removal
devouring rage	combat_pump
devouring strossus	evasive
devouring sugarmaw	evasive
devouring swarm	evasive
devouring tendrils	removal
devout decree	removal
devout harpist	
devout invocation	tokens
devout monk	
dewdrop cure	reanimation
dewdrop spy	evasive
dhund operative	
diabolic servitude	reanimation
diabolic vision	draw,cantrip
diamond faerie	mass_pump,evasive
diamond kaleidoscope	tokens
diamond lion	mana_dork,ramp
diamond mare	
diamond pick-axe	anthem,equipment
dichotomancy	sweeper
dictate of heliod	anthem
didact echo	evasive
didn't say please	counterspell
die young	combat_pump
diffusion sliver	
dig through time	draw,cantrip
dig up	ramp,land_fetch
digsite conservator	
digsite engineer	tokens
dihada's ploy	draw,cantrip
diligent excavator	
diligent farmhand	
diligent zookeeper	anthem
diluvian primordial	evasive
dim oubliette	reanimation
dimensional breach	sweeper
dimensional infiltrator	evasive
diminishing returns	sweeper,draw,cantrip
dimir charm	removal,counterspell,draw,cantrip
dimir cluestone	mana_dork,ramp
dimir guildmage	
dimir house guard	evasive
dimir infiltrator	
dimir keyrune	mana_dork,ramp
dimir locket	mana_dork,ramp
dimir machinations	removal,draw,cantrip
dimir signet	mana_dork,ramp
dimir spybug	evasive
dimir strandcatcher	evasive
din of the fireherd	tokens
dina, soul steeper	
dinosaur egg	
dinosaur headdress	equipment
dinosaur hunter	
dinosaur stampede	mass_pump
dinosaurs on a spaceship	anthem,tokens,evasive
dinotomaton	evasive
dion, bahamut's dominant	tokens
diplomatic escort	
diplomatic relations	removal
dire blunderbuss	anthem,equipment
dire flail	anthem,equipment
dire fleet captain	
dire fleet daredevil	
dire fleet hoarder	
dire fleet interloper	evasive
dire fleet neckbreaker	combat_pump,anthem
dire fleet poisoner	
dire fleet ravager	evasive
dire mimic	mana_dork,ramp
dire tactics	removal
dire-strain anarchist	evasive,haste
dire-strain brawler	
dire-strain demolisher	
dire-strain rampage	removal,ramp,land_fetch
direct current	removal,burn
direct hit	removal
diregraf captain	anthem
diregraf colossus	tokens
diregraf escort	
diregraf ghoul	
diregraf horde	tokens
diregraf rebirth	reanimation
diresight	draw,cantrip
dirge bat	evasive
dirgur island dragon	evasive
dirty rat	
disallow	counterspell
disappearing act	counterspell
disaster radius	sweeper
discerning peddler	
discerning taste	draw,cantrip
disciple of deceit	
disciple of grace	
disciple of griselbrand	
disciple of law	
disciple of malice	
disciple of perdition	
disciple of the old ways	
disciple of the vault	
disciples of the inferno	
discombobulate	counterspell,draw,cantrip
discord, lord of disharmony	evasive
discordant piper	tokens
discovery	draw,cantrip
disdainful stroke	counterspell
disembowel	removal
disemvowel	removal
disenchant	removal
disfigure	combat_pump
disguise agent	
disintegrate	removal,burn
dismal failure	counterspell
dismantle	removal
dismantling blow	removal,draw,cantrip
dismantling wave	removal
dismember	combat_pump
dismiss	counterspell,draw,cantrip
dismissive denial	counterspell
dismissive pyromancer	
disorder	sweeper
disorder in the court	removal
disorient	combat_pump
disorienting choice	removal,ramp,land_fetch
disowned ancestor	
dispatch	removal
dispatch dispensary	tokens
dispel	counterspell
dispelling exhale	counterspell
dispersal	removal
dispersal shield	counterspell
disperse	removal
displace	removal
display of dominance	removal
dispossess	removal
disrupt	counterspell,draw,cantrip
disrupting shoal	counterspell
disruption protocol	counterspell
disruptive stormbrood	evasive
dissatisfied customer	evasive,haste
dissection practice	combat_pump
dissection tools	anthem,equipment
dissenter's deliverance	removal
dissipate	removal,counterspell
dissolve	counterspell
dissonant wave	counterspell
distant melody	draw,cantrip
distant memories	removal,draw,cantrip
distinguished conjurer	
distorted curiosity	draw,cantrip
distorting wake	removal
distortion strike	combat_pump
distract the guards	tokens
district mascot	
dive bomber	evasive
divebomber griffin	evasive
divergent equation	removal
divergent transformations	removal
diversion specialist	evasive
diversion unit	evasive
divert disaster	counterspell
divide by zero	removal
divination	draw,cantrip
divine arrow	removal
divine deflection	removal,burn
divine favor	anthem
divine gambit	removal
divine offering	removal
divine reckoning	removal
divine retribution	removal
divine sacrament	mass_pump,anthem
divine smite	removal
divine transformation	anthem
divine verdict	removal
diviner of mist	evasive
diviner of victory	
diviner's wand	equipment
diving griffin	evasive
divining witch	
divinity of pride	evasive
dizzy spell	combat_pump
djeru and hazoret	haste
djinn illuminatus	evasive
djinn of fool's fall	evasive
djinn of infinite deceits	evasive
djinn of the fountain	evasive
djinn of the lamp	evasive
djinn of wishes	evasive
djinni windseer	evasive
do or die	sweeper
do-it-yourself seraph	evasive
doc aurlock, grizzled genius	
doc ock's tentacles	anthem,equipment
doc samson, super psychiatrist	mana_dork,ramp
docent of perfection	tokens,evasive
dockside chef	
dockside extortionist	
dockworker drone	
doctor doom	tokens
doctor octopus, master planner	anthem
doctor spectrum	evasive
dog walker	tokens
dogged detective	
dogpile	removal,burn
dokai, weaver of life	tokens
dokuchi silencer	
dollmaker's shop	tokens
domesticated hydra	evasive
domesticated mammoth	
dominus of fealty	evasive
domri's ambush	removal
domri's nodorog	evasive
domri, anarch of bolas	anthem
don & raph, hard science	evasive
don't make a sound	counterspell
don't move	sweeper
donald blake, guise of thor	
donatello's science lesson	draw,cantrip
donatello's technique	draw,cantrip
donatello, way with machines	evasive
doom blade	removal
doom whisperer	evasive
doom's servo-guards	
doombot harbinger	evasive
doomed artisan	tokens
doomed dissenter	tokens
doomed necromancer	reanimation
doomed traveler	tokens
doomfall	removal
doomgape	evasive
doomsday	sweeper
doomsday confluence	tokens
doomsday excruciator	evasive
doomsday specter	evasive
doomskar	sweeper
doomskar warrior	evasive
doorkeeper	
doorkeeper thrull	evasive
doorman	
dora milaje elite	
dori, bearer of friends	evasive
dormant gomazoa	evasive
dorothea, vengeful victim	evasive
dosan's oldest chant	draw,cantrip
dose of dawnglow	reanimation
dot-7 repair squad	evasive
double deal	removal
double header	evasive
double negative	counterspell
double play	ramp,land_fetch
double take	draw,cantrip
dour port-mage	
douse in gloom	removal
dovescape	tokens
dovin's veto	counterspell
dovin, grand arbiter	tokens
down for repairs	removal
downdraft	sweeper
downhill charge	combat_pump
downsize	combat_pump
dowsing dagger	anthem,tokens,equipment
dr. eggman	evasive
drach'nyen	equipment
draco	evasive
draconautics engineer	tokens
draconic debut	removal,burn
draconic destiny	anthem
draconic disciple	mana_dork,ramp,tokens
draconic fealty	sweeper
draconic intervention	removal,sweeper
draconic lore	draw,cantrip
draconic roar	removal
draconic visitor	evasive
dracoplasm	evasive
dracosaur auxiliary	evasive,haste
drafna, founder of lat-nam	
drag down	combat_pump
drag the canal	tokens
drag to the bottom	mass_pump
drag to the roots	removal
drag to the underworld	removal
drag under	removal,draw,cantrip
dragon breath	mass_pump
dragon broodmother	tokens,evasive
dragon egg	tokens
dragon fangs	anthem
dragon fodder	tokens
dragon grip	anthem
dragon hatchling	evasive
dragon hunter	
dragon mage	evasive
dragon man, reformed robot	evasive
dragon moose	haste
dragon roost	tokens
dragon scales	anthem
dragon shadow	anthem
dragon sniper	
dragon throne of tarkir	equipment
dragon trainer	tokens
dragon typhoon	tokens
dragon tyrant	evasive
dragon whelp	evasive
dragon whisperer	tokens
dragon's approach	removal
dragon's desire	ramp,ritual
dragon's disciple	
dragon's eye savants	
dragon's eye sentry	
dragon's fire	removal
dragon's herald	
dragon's hoard	mana_dork,ramp
dragon's presence	removal
dragon's prey	removal
dragon's rage channeler	evasive
dragon-kami's egg	
dragonback assault	tokens
dragonback lancer	tokens,evasive
dragonblood twins	
dragonborn champion	evasive
dragonborn looter	
dragonbroods' relic	mana_dork,ramp,tokens
dragonfire blade	anthem,equipment
dragonfly pilot	
dragonfly swarm	evasive
dragonhawk, fate's tempest	evasive
dragonkin berserker	tokens
dragonlair spider	tokens
dragonloft idol	evasive
dragonlord atarka	evasive
dragonlord dromoka	evasive
dragonlord kolaghan	evasive,haste
dragonlord ojutai	evasive
dragonlord silumgar	evasive
dragonlord's prerogative	draw,cantrip
dragonlord's servant	
dragonmaster outcast	tokens
dragonrage	ramp,ritual
dragonsguard elite	
dragonstalker	evasive
dragonstorm forecaster	
dragonstorm globe	mana_dork,ramp
dragonweave tapestry	mana_dork,ramp
dragonwing glider	anthem,tokens,equipment
dragoon's lance	anthem,tokens,equipment
dragoon's wyvern	tokens,evasive
drain life	removal,burn
drain the well	removal
draining whelk	evasive
drainpipe vermin	
drake familiar	evasive
drake hatcher	tokens
drake hatchling	evasive
drake haven	tokens
drake umbra	anthem
drake with set's mechanic	evasive
drake-skull cameo	mana_dork,ramp
drakewing krasis	evasive
drakuseth, maw of flames	evasive
dralnu's crusade	anthem
dramatic finale	anthem,tokens
dramatic rescue	removal
drana and linvala	evasive
drana's chosen	tokens
drana's emissary	evasive
drana, kalastria bloodchief	evasive
drana, liberator of malakir	evasive
drana, the last bloodchief	evasive
drannith healer	
drannith magistrate	
drannith stinger	
drastic revelation	draw,cantrip
draugr's helm	anthem,tokens,equipment
draw team lines	sweeper
drawn from dreams	draw,cantrip
dread	evasive
dread drone	tokens
dread osseosaur	evasive
dread reaper	evasive
dread return	reanimation
dread slag	evasive
dread summons	tokens
dread wanderer	
dread whispers	draw,cantrip
dreadbore	removal
dreaded bat-cloud	evasive
dreadfeast demon	evasive
dreadhorde arcanist	evasive
dreadhorde butcher	haste
dreadmalkin	evasive
dreadwing	
dreadwing scavenger	evasive
dream beavers	evasive
dream cache	draw,cantrip
dream devourer	
dream eater	evasive
dream fracture	counterspell,draw,cantrip
dream pillager	evasive
dream salvage	draw,cantrip
dream seizer	evasive
dream spoilers	evasive
dream stalker	
dream strix	evasive
dream thief	evasive
dream thrush	evasive
dream trawler	evasive
dream-thief's bandana	equipment
dreamcaller siren	evasive
dreamcatcher	
dreamdrinker vampire	
dreampod druid	tokens
dreams of laguna	draw,cantrip
dreams of steel and oil	removal
dreams of the dead	reanimation
dreamscape artist	
dreamshackle geist	evasive
dreamspoiler witches	evasive
dreamstealer	evasive
dreamstone hedron	mana_dork,ramp
dreamtail heron	evasive
dredge	draw,cantrip
dredge the mire	sweeper
dredging claw	anthem,equipment
dreg mangler	haste
dreg recycler	
dregs of sorrow	removal,draw,cantrip
dregscape sliver	
dregscape zombie	
drekavac	
drey keeper	tokens
drider	tokens
drift of phantasms	evasive
drifter il-dal	evasive
drifting djinn	evasive
drifting shade	evasive
drill too deep	removal
drill-skimmer	evasive
drillworks mole	
dripping-tongue zubera	tokens
drive to work	removal
driver of the dead	reanimation
drizzt do'urden	tokens
drogskol armaments	anthem
drogskol captain	anthem,evasive
drogskol cavalry	tokens,evasive
drogskol infantry	
drogskol reaver	evasive
dromar's charm	counterspell,combat_pump
dromar, the banisher	evasive
dromoka dunecaster	
dromoka monument	mana_dork,ramp
dromoka warrior	
dromoka, the eternal	evasive
dronepack kindred	evasive
drooling ogre	
drop bear	haste
dropkick bomber	anthem
dross golem	evasive
dross hopper	
dross prowler	evasive
drossclaw	anthem,tokens,equipment
drossforge bridge	mana_dork,ramp
drover of the mighty	mana_dork,ramp
drown in dreams	draw,cantrip
drown in filth	combat_pump
drown in ichor	combat_pump
drown in shapelessness	removal
drown in sorrow	mass_pump
drown in the loch	removal,counterspell
drowned	
drowned rusalka	
drowner initiate	
drowner of hope	tokens
drowner of truth	tokens
drownyard lurker	tokens
drowsing tyrannodon	
drudge beetle	
drudge skeletons	
drudge spell	tokens
druid class	ramp
druid lyrist	
druid of horns	tokens
druid of the anima	mana_dork,ramp
druid of the cowl	mana_dork,ramp
druid of the spade	evasive
druid's call	tokens
druidic satchel	tokens
drumbellower	evasive
drumhunter	mana_dork,ramp
drunau corpse trawler	tokens
dry spell	sweeper
dryad arbor	mana_dork,ramp
dryad greenseeker	
dryad militant	
dryad of the ilysian grove	ramp
dryad sophisticate	
dual shot	removal
dual-sun adepts	mass_pump
dual-sun technique	draw,cantrip
dub	anthem
dubious challenge	removal,sweeper,draw,cantrip
duct crawler	
due diligence	anthem
due respect	draw,cantrip
duel tactics	removal
dueling rapier	anthem,equipment
duelist of deep faith	
duelist of the mind	evasive
duergar assailant	
duergar mine-captain	mass_pump
duh	removal
dunbarrow revivalist	
dundoolin weaver	
dune beetle	
dune drifter	reanimation
dune mover	
dune-brood nephilim	tokens
duneblast	sweeper
dunerider outlaw	
dunes of the dead	tokens
dungeon crawler	
dungeon geists	evasive
dungeon map	mana_dork,ramp
dungeon master	tokens
dungeon shade	evasive
dunland crebain	evasive
durable coilbug	
dusk	sweeper
dusk feaster	evasive
dusk imp	evasive
dusk legion duelist	
dusk legion sergeant	evasive
dusk legion zealot	
dusk sight	draw,cantrip
dusk's landing	draw,cantrip
duskborne skymarcher	evasive
duskdale wurm	evasive
duskhunter bat	evasive
duskmantle guildmage	
duskmantle operative	
duskmantle prowler	haste
duskmantle seer	evasive
duskrider falcon	evasive
duskrider peregrine	evasive
duskshell crawler	
duskwalker	
duskwatch recruiter	
duskwielder	
dust animus	evasive
dust corona	anthem
dust elemental	evasive
dust stalker	haste
dust to dust	removal
dutiful griffin	evasive
dutiful thrull	
duty-bound dead	
dwalin, weaponmaster	
dwarfhold champion	
dwarven armorer	
dwarven berserker	
dwarven blastminer	
dwarven castle guard	tokens
dwarven catapult	removal
dwarven forge-chanter	
dwarven grunt	
dwarven hammer	anthem,tokens,equipment
dwarven landslide	removal
dwarven lieutenant	
dwarven mattock	anthem,equipment
dwarven mauler	
dwarven mine	tokens
dwarven miner	
dwarven pony	
dwarven provisioner	mass_pump
dwarven reinforcements	tokens
dwarven scorcher	
dwarven shortsword	anthem,tokens,equipment
dwarven soldier	
dwarven trader	
dwarven weaponsmith	
dwynen's elite	tokens
dwynen, gilt-leaf daen	anthem
dyadrine, synthesis amalgam	tokens,evasive
dying to serve	tokens
dynacharge	combat_pump
dynaheir, invoker adept	haste
dynamite diver	
dáin of the ancient halls	haste
dáin's company	
dáin, lord of the iron hills	
dúnedain blade	anthem,equipment
eager cadet	
eager construct	
eager first-year	
eager glyphmage	tokens
eager trufflesnout	evasive
eagle of deliverance	evasive
eagle of the great shelf	evasive
eagle of the watch	evasive
eagle vision	draw,cantrip
eagle's rescue	anthem
eagles of the north	evasive
eardrum rattler	
earl of squirrel	anthem
early winter	removal
earth king's lieutenant	evasive
earth kingdom protectors	
earth rift	removal
earth rumble wrestlers	evasive
earth tremor	removal
earth's mightiest heroes	draw,cantrip
earthblighter	
earthbrawn	combat_pump
earthen ally	
earthen goo	evasive
earthquake	sweeper
earthquake dragon	evasive
earthshaker dreadmaw	evasive
earthshaker giant	evasive
earthshaker khenra	haste
earthshaking si	evasive
east wind avatar	evasive
east-mark cavalier	
easterling vanguard	
easy pickings	sweeper
easy prey	removal
eat to extinction	removal
eaten alive	removal
eaten by spiders	removal
eater of days	evasive
eater of hope	evasive
eater of virtue	anthem,equipment
ebon dragon	evasive
ebon drake	evasive
ebon praetor	evasive
ebondeath, dracolich	evasive
ebony charm	removal
ebony fly	mana_dork,ramp
ebony rhino	evasive
eccentric apprentice	evasive
eccentric pestfinder	evasive
echo circlet	equipment
echo inspector	evasive
echo of death's wail	evasive,haste
echo of dusk	
echo of eons	sweeper,draw,cantrip
echoing calm	removal,sweeper
echoing courage	combat_pump
echoing decay	combat_pump
echoing return	sweeper
echoing ruin	removal,sweeper
echoing truth	removal
eclipsed kithkin	
ecological appreciation	removal
ecstatic awakener	
ed-e, lonesome eyebot	evasive
eddie brock	reanimation
eddytrail hawk	evasive
edgar markov	tokens,haste
edgar markov's coffin	tokens
edgar's awakening	reanimation
edgar, ancient bloodlord	
edgar, charmed groom	anthem
edge of autumn	ramp,land_fetch
edge of the divinity	anthem
edge rover	
edgewall innkeeper	
edgewall pack	tokens,evasive
eel umbra	anthem
eel-hounds	evasive
eelectrocute	removal,burn
eerie interlude	removal
efficient construction	tokens
effortless master	evasive
ego drain	removal
eidolon of obstruction	
eidolon of philosophy	
eidolon of the great revel	
eiganjo exemplar	
eiganjo free-riders	evasive
eiganjo uprising	tokens
eight-and-a-half-tails	
eightfold maze	removal
eirdu, carrier of dawn	evasive
eivor, battle-ready	haste
eivor, wolf-kissed	evasive,haste
eject	removal,draw,cantrip
eject the warp core	combat_pump
ekthi, contaminator priest	anthem
ekundu griffin	evasive
eladamri, lord of leaves	
eland umbra	anthem
elas il-kor, sadistic pilgrim	
elbrus, the binding blade	anthem,equipment
elder auntie	tokens
elder brain	evasive
elder gargaroth	evasive
elder land wurm	evasive
elder mastery	anthem
elderfang disciple	
elderleaf mentor	tokens
elderscale wurm	evasive
elderwood scion	evasive
eldest dragon highlander	evasive
eldrazi aggressor	haste
eldrazi confluence	removal,combat_pump,tokens
eldrazi conscription	anthem
eldrazi devastator	evasive
eldrazi linebreaker	evasive
eldrazi mimic	
eldrazi monument	anthem
eldrazi obligator	haste
eldrazi repurposer	tokens
eldrazi skyspawner	tokens,evasive
eldritch evolution	removal
eldritch pact	draw,cantrip
electric eel	
electric revelation	draw,cantrip
electric seaweed	haste
electrickery	removal
electrify	removal
electro's bolt	removal
electro, assaulting battery	evasive
electrodominance	removal,burn
electrolyze	removal,burn,draw,cantrip
electrosiphon	counterspell
electrostatic blast	removal,burn
electrostatic bolt	removal
electrostatic field	
electrostatic infantry	evasive
electrozoa	evasive
elegy acolyte	tokens
elemental appeal	combat_pump,tokens
elemental eruption	tokens
elemental mascot	evasive
elemental masterpiece	tokens
elemental spectacle	tokens
elemental summoning	tokens
elemental teachings	sweeper,ramp,land_fetch
elemental, my dear	tokens
elementalist adept	
elementalist's palette	mana_dork,ramp
elenda and azor	tokens,evasive
elenda's hierophant	tokens,evasive
elenda, saint of dusk	evasive
elenda, the dusk rose	tokens
elephant ambush	tokens
elephant guide	anthem,tokens
elephant-rat	evasive
elesh norn, grand cenobite	anthem
elfhame druid	mana_dork,ramp
elfhame wurm	evasive
elfsworn giant	tokens
elgaud inquisitor	tokens
eligeth, crossroads augur	evasive
eliminate	removal
eliminate the competition	removal
elite arrester	
elite guardmage	evasive
elite headhunter	evasive
elite inquisitor	
elite interceptor	
elite spellbinder	evasive
elite vanguard	
elixir	sweeper
ellie, brick master	tokens
elmar, ulvenwald informant	haste
elminster	tokens
elsha, threefold master	tokens,evasive
elspeth conquers death	reanimation
elspeth resplendent	tokens
elspeth tirel	sweeper,tokens
elspeth's smite	removal
elspeth, knight-errant	tokens
elspeth, storm slayer	tokens
elspeth, sun's champion	sweeper,tokens
elspeth, sun's nemesis	tokens
elturel survivors	evasive
elturgard ranger	tokens
elusen, the giving	evasive,haste
elusive otter	
elusive spellfist	
elven ambush	tokens
elven bow	anthem,tokens,equipment
elven farsight	draw,cantrip
elvenking's harper	
elves of deep shadow	mana_dork,ramp
elvish aberration	mana_dork,ramp
elvish archdruid	mana_dork,ramp,anthem
elvish archers	
elvish archivist	
elvish berserker	
elvish champion	anthem
elvish clancaller	anthem
elvish doomsayer	
elvish elegy	sweeper,mass_pump
elvish eulogist	
elvish farmer	tokens
elvish fury	combat_pump
elvish handservant	
elvish harbinger	mana_dork,ramp
elvish herder	
elvish hexhunter	
elvish hunter	
elvish lookout	
elvish lyrist	
elvish mystic	mana_dork,ramp
elvish pioneer	
elvish promenade	tokens
elvish reclaimer	
elvish scout	
elvish scrapper	
elvish skysweeper	
elvish vanguard	
elvish visionary	
elvish warmaster	tokens
elvish warrior	
emancipation angel	evasive
embalmed ascendant	tokens
ember gale	sweeper
ember hauler	
ember shot	removal,burn,draw,cantrip
ember-eye wolf	haste
ember-fist zubera	
embercleave	anthem,equipment
embereth blaze	removal,burn
embereth paladin	haste
embereth shieldbreaker	
embereth skyblazer	evasive
embereth veteran	
emberheart challenger	haste
embermaw hellion	evasive
embermouth sentinel	
embersmith	
emberstrike duo	
emberwilde augur	
emberwilde caliph	evasive
emberwilde djinn	evasive
embiggen	combat_pump
emblazoned golem	
embodiment of agonies	evasive
embodiment of flame	
embodiment of fury	evasive
embodiment of spring	
embraal bruiser	evasive
embrace oblivion	removal
embrace the paradox	draw,cantrip
emerald charm	removal
emerald collector	
emerald dragon	evasive
emerald dragonfly	evasive
emerge from the cocoon	reanimation
emergency eject	removal
emergency medical hologram	
emergency phytomedic	
emergency powers	removal,sweeper,draw,cantrip
emergency weld	tokens
emergent growth	combat_pump
emergent sequence	ramp,land_fetch
emergent ultimatum	removal
emeria angel	tokens,evasive
emeria captain	evasive
emeria shepherd	evasive
emeria's call	tokens
emeria, the sky ruin	reanimation
emeritus of conflict	
emeritus of ideation	evasive
emeritus of truce	tokens
emil, vastlands roamer	tokens
emissary escort	
emissary of despair	evasive
emissary of grudges	evasive,haste
emissary of hope	evasive
emissary of the sleepless	tokens,evasive
emmara, soul of the accord	tokens
emperor mihail ii	tokens
emperor of bones	
emporium thopterist	anthem
empowered autogenerator	mana_dork,ramp
emptiness	reanimation
empty the catacombs	sweeper
empty the pits	tokens
empty the warrens	tokens
empty-shrine kannushi	
empyreal voyager	evasive
empyrean eagle	anthem,evasive
empyrial archangel	evasive
empyrial plate	equipment
empyrial storm	tokens
emrakul and chatterfang	tokens,evasive
emrakul's evangel	tokens
emrakul's hatcher	tokens
emrakul's messenger	tokens,evasive
emrakul, the aeons torn	evasive
emrakul, the exigent doom	evasive
emrakul, the promised end	evasive
emrakul, the world anew	evasive
encampment keeper	mass_pump
enchanted carriage	tokens
enclave cryptologist	
encouraging aviator	evasive
encumbered reejerey	
end hostilities	sweeper
end of the hunt	removal
end the festivities	sweeper
end-blaze epiphany	removal
end-raze forerunners	evasive,haste
endemic plague	sweeper
endless foot assault	tokens
endless obedience	reanimation
endless one	
endless ranks of hydra	tokens
endless ranks of the dead	tokens
endless sands	sweeper
endless swarm	tokens
endless wurm	evasive
endrek sahr, master breeder	tokens
endrider catalyzer	mana_dork,ramp
endurance bobblehead	mana_dork,ramp
enduring angel	evasive
enduring bondwarden	
enduring scalelord	evasive
enduring sliver	
enduring victory	removal
enemy of enlightenment	evasive
energy bolt	removal
energy tap	ramp,ritual
energybending	draw,cantrip
enforcer griffin	evasive
engine rat	
engineered explosives	sweeper
engulfing eruption	removal
engulfing flames	removal
enhanced awareness	draw,cantrip
enhanced surveillance	sweeper
enigma drake	evasive
enigma sphinx	evasive
enigma thief	evasive
enkira, hostile scavenger	tokens
enlightened ascetic	
enlightened confidant	
enlightened maniac	tokens
ennis, debate moderator	
enolc, perfect clone	
enormous energy blade	anthem,equipment
enrage	combat_pump
enraged giant	evasive,haste
enraged huorn	evasive
enraged killbot	
enraging licid	
enroot	removal
enshrined memories	sweeper,draw,cantrip
enshrouding mist	combat_pump
enslaved dwarf	
enslaved horror	reanimation
ensouled scimitar	anthem,equipment
ent's fury	combat_pump
enter the dungeon	sweeper
enter the enigma	draw,cantrip
enter the god-eternals	removal
enter the infinite	draw,cantrip
entering	reanimation
enterprising scallywag	
enthusiastic mechanaut	evasive
entish restoration	ramp,land_fetch
entomb	removal
entrails feaster	
entrapment maneuver	tokens
entreat the angels	tokens
entreat the dead	reanimation
entropic specter	evasive
entry denied	removal
envelop	counterspell
environmental sciences	ramp,land_fetch
environmental scientist	
envoy of okinec ahau	tokens
eon frolicker	evasive
ephara's dispersal	removal
ephara, ever-sheltering	
ephemerate	removal
ephemeron	evasive
epic confrontation	combat_pump
epic downfall	removal
epic experiment	sweeper
epic proportions	anthem
epiphany at the drownyard	draw,cantrip
epochrasite	
equal treatment	draw,cantrip
equestrian skill	anthem
eradicate	removal,sweeper
eradicator valkyrie	evasive
erase	removal
erase (not the urza's legacy one)	removal
erayo, soratami ascendant	evasive
erdwal illuminator	evasive
erdwal ripper	haste
erebor flamesmith	
erebos's emissary	mass_pump,anthem
erebos's intervention	removal,combat_pump
erg raiders	
erhnam djinn avatar	tokens
eriette's lullaby	removal
eris, roar of the storm	tokens,evasive
erode	removal,ramp,land_fetch
eron the relentless	haste
errand of duty	tokens
errant and giada	evasive
errant doomsayers	
errant ephemeron	evasive
errant, street artist	haste
errantry	anthem
erratic apparition	evasive
erratic cyclops	evasive
erratic explosion	removal
erratic mutation	combat_pump
erratic visionary	
error	counterspell
ersta, friend to all	tokens
ertai's familiar	
ertai's meddling	removal
ertai's scorn	counterspell
ertai's trickery	counterspell
ertha jo, frontier mentor	tokens
erupting dreadwolf	
escape artist	
escape detection	removal,draw,cantrip
escape velocity	anthem
escaped experiment	
escaped shapeshifter	evasive
escarpment fortress	anthem
esgaroth garrison	tokens
eshki dragonclaw	evasive
esika's chariot	tokens
esika, god of the tree	mana_dork,ramp
esior, wardwing familiar	evasive
esix, fractal bloom	evasive
esper charm	removal,draw,cantrip
esper cormorants	evasive
esper origins	removal
esper sentinel	
esper stormblade	evasive
esper terra	evasive
espers to magicite	sweeper
esperzoa	evasive
esquire of the king	mass_pump
essence anchor	tokens
essence backlash	removal,counterspell
essence burn	removal
essence capture	counterspell
essence channeler	evasive
essence drain	removal,burn
essence extraction	removal
essence feed	tokens
essence filter	sweeper
essence flare	anthem
essence flux	removal
essence fracture	removal
essence of orthodoxy	evasive
essence pulse	mass_pump
essence scatter	counterspell
essence symbiote	
essence vortex	removal
essence warden	
essenceknit scholar	tokens
establishing shot	removal,burn
estrid, the masked	sweeper
etali's favor	anthem
etali, primal conqueror	evasive
etali, primal sickness	evasive
etched slith	evasive
etching of kumano	haste
etchings of the chosen	anthem
eternal dominion	ramp,land_fetch
eternal dragon	evasive
eternal flame	removal
eternal student	tokens
eternal taskmaster	
ether	mana_dork,ramp
ethercaste knight	
ethereal absolution	anthem,tokens
ethereal elk	evasive
ethereal forager	evasive
ethereal guidance	mass_pump
ethereal investigator	tokens,evasive
ethereal valkyrie	evasive
ethereal whiskergill	evasive
etherium pteramander	evasive
etherium sculptor	
etherium spinner	tokens
ethersworn adjudicator	evasive
ethersworn canonist	
ethersworn sphinx	evasive
ethrimik, imagined fiend	anthem
eumidian hatchery	tokens
eumidian lifeseed	mana_dork,ramp
eumidian terrabotanist	
eureka moment	draw,cantrip
euroakus	tokens
eusocial engineering	tokens
evangel of heliod	tokens
evangel of synthesis	evasive
evaporate	sweeper
evasive action	counterspell
evasive maneuvers	draw,cantrip,combat_pump
even the odds	tokens
even the score	draw,cantrip
evendo brushrazer	mana_dork,ramp
ever after	reanimation
evercoat ursine	evasive
everdream	draw,cantrip
evereth, viceroy of plunder	evasive
everett k. ross, hapless attaché	anthem
everflame eidolon	mass_pump,anthem
everflowing chalice	mana_dork,ramp
evermind	draw,cantrip
everquill phoenix	evasive
evershrike	evasive
evershrike's gift	anthem
everything comes to dust	sweeper
evidence examiner	
evie frye	
evil boros charm	removal,burn,mass_pump,tokens
evil comes to fruition	tokens
evil reawakened	reanimation
evin, waterdeep opportunist	evasive
evincar's justice	sweeper
eviscerate	removal
eviscerator's insight	draw,cantrip
evolution charm	ramp,land_fetch
evolved sleeper	
evolved spinoderm	evasive
evolving adaptive	
exalted angel	evasive
exalted dragon	evasive
exalted sunborn	evasive
exava, rakdos blood witch	haste
excalibur ii	equipment
excalibur, sword of eden	anthem,equipment
excava, the risen past	evasive,haste,reanimation
excavated wall	
excavation explosion	removal,burn
excavation mole	evasive
excavation technique	removal
excise	removal
excise the imperfect	removal
exclude	counterspell,draw,cantrip
excogitator sphinx	evasive
excoriate	removal
execute	removal,draw,cantrip
executioner's hood	equipment
executioner's swing	combat_pump
exemplar of light	evasive
exemplar of strength	
exhibition tidecaller	
exhilarating elocution	mass_pump
exhume	reanimation
exiled boggart	
exiled doomsayer	
exit specialist	
exocomp	evasive
exorcise	removal
exorcist	
exosuit savior	evasive
exotic pets	tokens
expand the sphere	draw,cantrip
expansive reapplication	counterspell
expedite	draw,cantrip
expedition diviner	evasive
expedition envoy	
expedition healer	
expedition lookout	
expedition raptor	evasive
expedition skulker	
expel	removal
expel from orazca	removal
expel the interlopers	sweeper
expel the unworthy	removal
expendable lackey	tokens
expendable troops	
experiment five	
experiment one	
experiment twelve	evasive
experimental armor	anthem,equipment
experimental augury	draw,cantrip
experimental aviator	tokens,evasive
experimental confectioner	tokens
experimental overload	removal,tokens
experimental pilot	
experimental synthesizer	tokens
expert-level safe	sweeper
exploding barrel	mana_dork,ramp
exploding borders	removal,ramp,land_fetch
exploration	ramp
exploration broodship	ramp
explore	draw,cantrip
explore the underdark	ramp,land_fetch
explore the vastlands	sweeper,draw,cantrip
explorer's scope	equipment
explosion	removal,burn,draw,cantrip
explosion of riches	draw,cantrip
explosive crystal	removal,burn
explosive derailment	removal
explosive entry	removal
explosive getaway	removal,sweeper
explosive growth	combat_pump
explosive impact	removal,burn
explosive prodigy	
explosive revelation	removal
explosive shot	removal
explosive singularity	removal,burn
explosive vegetation	ramp,land_fetch
explosive welcome	removal,burn,ramp,ritual
expose to daylight	removal
expressive firedancer	
expressive iteration	removal,draw,cantrip
expunge	removal
exquisite archangel	evasive
exquisite firecraft	removal,burn
exquisite huntmaster	tokens
exsanguinator cavalry	evasive
extended absence	removal
exterminate!	removal
exterminatus	sweeper
extinction	sweeper
extinction event	sweeper
extinguish	counterspell
extinguish all hope	sweeper
extinguish the light	removal
extirpate	sweeper
extract	removal
extract from darkness	reanimation
extraction specialist	reanimation
extractor demon	evasive
extravagant spirit	evasive
extremely slow zombie	
extremis elite	
extricator of flesh	tokens
extricator of sin	tokens
exuberant firestoker	mana_dork,ramp
exuberant fuseling	evasive
exude toxin	mass_pump
exultant skymarcher	evasive
eye collector	evasive
eye gouge	removal,combat_pump
eye of doom	sweeper
eye of duskmantle	evasive
eye of nowhere	removal
eye of ojer taq	mana_dork,ramp
eye of ramos	mana_dork,ramp
eye spy	removal,draw,cantrip
eye to eye	removal
eyeblight cullers	tokens
eyeblight massacre	mass_pump
eyeblight's ending	removal
eyekite	evasive
eyeless watcher	tokens
eyes in the skies	tokens
eyes of gitaxias	draw,cantrip
eyes of the beholder	combat_pump
eyes of the wisent	tokens
eyetwitch	evasive
ezio auditore da firenze	evasive
ezio, brash novice	
ezrim, agency chief	evasive
ezuri's archers	
ezuri's brigade	evasive
ezuri's predation	tokens
fa'adiyah seer	
fable of the mirror-breaker	tokens
fable of wolf and owl	tokens
fabrication foundry	mana_dork,ramp
face of divinity	anthem
face to face	removal
faceless devourer	evasive
facet reader	
facevaulter	
fade from history	sweeper,tokens
fade from memory	removal
fade into antiquity	removal
fading hope	removal
fae flight	anthem
fae of wishes	evasive
faebloom trick	tokens
faeburrow elder	mana_dork,ramp
faerie aerie	tokens
faerie artisans	evasive
faerie bladecrafter	evasive
faerie dreamthief	evasive
faerie duelist	evasive
faerie fencing	combat_pump
faerie formation	tokens,evasive
faerie guidemother	evasive
faerie harbinger	evasive
faerie impostor	evasive
faerie invaders	evasive
faerie macabre	evasive
faerie mastermind	evasive
faerie mechanist	evasive
faerie miscreant	evasive
faerie noble	mass_pump,anthem,evasive
faerie seer	evasive
faerie slumber party	tokens
faerie snoop	evasive
faerie squadron	
faerie swarm	evasive
faerie trickery	removal,counterspell
faerie vandal	evasive
failed fording	removal
failed inspection	counterspell,draw,cantrip
failure	removal
fain, the broker	tokens
fairgrounds patrol	tokens
faith healer	
faith unbroken	anthem
faith's reward	sweeper
faithbound judge	evasive
faithful disciple	
faithful mending	draw,cantrip
faithful watchdog	
faithless looting	draw,cantrip
faithless salvaging	draw,cantrip
falco spara, pactweaver	evasive
falcon abomination	tokens,evasive
falcon and redwing	tokens,evasive
falcon's wing harness	anthem,equipment
falcon, joaquin torres	evasive
falcon, winged wonder	tokens,evasive
falconer adept	tokens
faldorn, dread wolf herald	tokens
falkenrath aristocrat	evasive,haste
falkenrath celebrants	evasive
falkenrath exterminator	
falkenrath forebear	evasive
falkenrath gorger	
falkenrath marauders	evasive,haste
falkenrath noble	evasive
falkenrath perforator	
falkenrath pit fighter	
falkenrath reaver	
fall of the gavel	counterspell
fall of the hammer	removal
fall of the titans	removal,burn
fall to earth	removal
fallaji antiquarian	haste
fallaji archaeologist	
fallaji dragon engine	evasive
fallen angel	evasive
fallen askari	
falling star	sweeper
false dawn	draw,cantrip
false defeat	reanimation
false floor	sweeper
false summoning	counterspell
familiar's ruse	counterspell
family reunion	mass_pump
famine	sweeper
famished paladin	
fan bearer	
fanatic of rhonas	mana_dork,ramp
fanatic of xenagos	evasive
fanatical firebrand	haste
fanatical offering	draw,cantrip
fancy footwork	combat_pump
fang dragon	evasive
fang of shigeki	
fang skulkin	
fang, roku's companion	evasive
fangblade eviscerator	mass_pump
fanged flames	removal
fangren hunter	evasive
fanning the flames	removal,burn
fantastic bounce	removal,draw,cantrip
fantastic elasticity	removal
far	removal
far wanderings	ramp,land_fetch
faramir, field commander	tokens
faramir, prince of ithilien	tokens
faramir, steward of gondor	tokens
farbog revenant	evasive
farewell	sweeper
farideh's fireball	removal
farm	removal
farmer cotton	tokens
farseeing flockmate	evasive
farseek	ramp,land_fetch
farsight ritual	draw,cantrip
fascination	draw,cantrip
fast [298a6369-1c1f-4d75-aa97-69c56323c122]	draw,cantrip
fastbond	ramp
fat ass	evasive
fatal blow	removal
fatal fumes	combat_pump
fatal grudge	draw,cantrip
fatal lore	draw,cantrip
fatal push	removal
fate forgotten	removal
fate of the sun-cryst	removal
fated clash	sweeper
fated conflagration	removal
fated intervention	tokens
fated retribution	sweeper
fated return	reanimation
fateful absence	removal
fateful end	removal,burn
fateful handoff	draw,cantrip
fateful showdown	removal,burn,draw,cantrip
fatehold charm	removal,draw,cantrip,mass_pump
fatehold chronologist	evasive
fathom feeder	
fathom fleet captain	tokens,evasive
fathom fleet firebrand	
fathom seer	
fathom trawl	sweeper
fault line	sweeper
faultgrinder	evasive
fauna shaman	
favor of jukai	anthem
favor of the overbeing	anthem
favorable destiny	anthem
favorable winds	anthem
favored hoplite	
fblthp, impossibly lost	
fblthp, knows the way	
fblthp, the lost	
fear (split card)	draw,cantrip
fear my authority	anthem
fear of abduction	evasive
fear of being hunted	haste
fear of change	
fear of exposure	evasive
fear of falling	evasive
fear of going 0-2 drop	
fear of infinity	evasive
fear of isolation	evasive
fear of lost teeth	
fear of missing out	
fear of sleep paralysis	evasive
fear of surveillance	
fear of the unknown	evasive
fear of unsleeved decks	evasive
fear, fire, foes!	removal,sweeper
fearful villager	evasive
fearless fledgling	
fearless liberator	tokens
fearless pup	
fearless swashbuckler	haste
fearsome awakening	reanimation
fearsome temper	anthem
fearsome werewolf	evasive
fearsome whelp	evasive
feast of blood	removal
feast of dreams	removal
feast of flesh	removal
feast of succession	mass_pump
feast of the unicorn	anthem
feast of worms	removal
feast or famine	removal,tokens
feaster of fools	evasive
feasting hobbit	
feasting troll king	evasive
feather of flight	anthem
feather, radiant arbiter	evasive
feather, the redeemed	evasive
featherbrained filcher	evasive
fecund greenshell	anthem
federation probe	evasive
feed the bog	combat_pump,reanimation
feed the cauldron	removal
feed the cycle	removal
feed the flames	removal
feed the infection	draw,cantrip
feed the pack	tokens
feed the serpent	removal
feed the swarm	removal
feedback bolt	removal
feeding frenzy	combat_pump
feisty spikeling	
feiyi snake	
feldon's cane	sweeper
feldon, ronom excavator	haste
felhide brawler	
felidar cub	
feline sovereign	anthem
felisa, fang of silverquill	tokens,evasive
felix five-boots	evasive
fell	removal
fell beast of mordor	evasive
fell flagship	anthem
fell specter	evasive
fell the mighty	sweeper
fell the pheasant	removal
fell the profane	removal
felling blow	removal
fellwar stone	mana_dork,ramp
felothar, dawn of the abzan	evasive
femeref enchantress	
femeref healer	
fen stalker	evasive
fencer clique	evasive
fencer's magemark	anthem
fencing ace	
feral appetite	combat_pump,anthem,tokens
feral deathgorger	evasive
feral encounter	removal,draw,cantrip
feral ferocity	combat_pump
feral ghoul	evasive
feral hydra	
feral incarnation	tokens
feral instinct	combat_pump
feral invocation	anthem
feral lightning	tokens
feral maaka	
feral prowler	
feral ridgewolf	evasive
feral roar	combat_pump
feral shadow	evasive
ferocious charge	combat_pump
ferocious pup	tokens
ferocious werefox	evasive
ferocity of the hunt	anthem
ferocity of the wilds	combat_pump,anthem
feroz, ulgrotha's warden	tokens
ferrafor, young yew	tokens
fertile footsteps	ramp,land_fetch
fertile imagination	tokens
fertilid's favor	ramp,land_fetch
fervent cathar	haste
fervent champion	haste
fervent denial	counterspell
fervent mastery	draw,cantrip
festercreep	mass_pump
festergloom	mass_pump
festerhide boar	evasive
festering evil	sweeper
festering goblin	
festering march	removal
festering mummy	
festering newt	
festerleech	
festival crasher	
festival of the guildpact	draw,cantrip
festive funeral	combat_pump
fetid imp	evasive
fettergeist	evasive
feudkiller's verdict	tokens
fever charm	removal,combat_pump
fevered strength	combat_pump
feywild caretaker	tokens
feywild trickster	tokens
fibrous entangler	
field creeper	
field marshal	anthem
field of souls	tokens
field of the dead	tokens
field research	draw,cantrip
field surgeon	
field trip	ramp,land_fetch
field-tested frying pan	tokens,equipment
fieldmist borderpost	mana_dork,ramp
fiend artisan	
fiend of the shadows	evasive
fiendish panda	reanimation
fiendlash	anthem,equipment
fierce guardianship	counterspell
fierce retribution	removal
fierce witchstalker	evasive
fiery annihilation	removal
fiery cannonade	sweeper
fiery conclusion	removal
fiery confluence	removal,sweeper
fiery encore	removal,draw,cantrip
fiery fall	removal
fiery finish	removal
fiery gambit	removal,draw,cantrip
fiery impulse	removal
fiery intervention	removal
fiery justice	removal,burn
fiery mantle	mass_pump
fiery temper	removal,burn
fight the _____ fight	anthem
fight to the death	sweeper
fight with fire	removal
fighting drake	evasive
figure of destiny	
figure of fable	
filigree angel	evasive
filigree attendant	evasive
filigree crawler	tokens
filigree fracture	removal,draw,cantrip
filthy cur	
fin fang foom	evasive
final act	sweeper
final death	removal
final flare	removal
final flourish	combat_pump
final iteration	anthem,tokens,evasive
final judgment	sweeper
final payment	removal
final revels	mass_pump
final reward	removal
final showdown	sweeper
final strike	removal
final vengeance	removal
final-sting faerie	evasive
final-word phantom	evasive
finale of eternity	removal,sweeper
finale of glory	tokens
finale of promise	removal
finale of revelation	removal,sweeper,draw,cantrip
finality	mass_pump
finch formation	evasive
finders, keepers	removal
finishing blow	removal
finishing move	removal
finneas, ace archer	
firdoch core	mana_dork,ramp
fire	removal,burn
fire [48ba332b-36ce-4f1d-893c-a9ef77ffd482]	removal,burn
fire ambush	removal,burn
fire and brimstone	removal,burn
fire ants	sweeper
fire at will	removal
fire bowman	
fire covenant	removal
fire diamond	mana_dork,ramp
fire dragon	evasive
fire drake	evasive
fire lord sozin	evasive,reanimation
fire magic	sweeper
fire nation archers	tokens
fire nation attacks	tokens
fire nation cadets	
fire nation occupation	tokens
fire nation salvagers	evasive,reanimation
fire nation soldier	haste
fire nation's conquest	anthem
fire navy trebuchet	tokens
fire of orthanc	removal
fire prophecy	removal,draw,cantrip
fire sages	
fire shrine keeper	evasive
fire sprites	mana_dork,ramp,evasive
fire tempest	sweeper
fire urchin	evasive
fire-belly changeling	
fire-omen crane	evasive
fire-rim form	anthem
fireball	removal,burn
firebender ascension	tokens
firebending lesson	removal
firebending student	
firebird, blazing ranger	evasive
fireblade artist	haste
fireblade charger	haste
fireblast	removal,burn
firebolt	removal,burn
firebrand archer	
firebrand ranger	
firebreathing	mass_pump
firecannon blast	removal
firecat blitz	tokens
firedrinker satyr	
firefiend elemental	haste
firefist striker	
fireflux squad	haste
firefly	evasive
firefright mage	
fireglass mentor	
firehoof cavalry	
firemane angel	evasive
firemane avenger	evasive
firemane commando	evasive
firemind vessel	mana_dork,ramp
fires of undeath	removal,burn
fires of victory	removal,draw,cantrip
fireshrieker	equipment
fireslinger	
firespitter whelp	evasive
firespout	sweeper
firestorm	removal,burn
firestorm hellkite	evasive
firestorm phoenix	evasive
firewild borderpost	mana_dork,ramp
firewing phoenix	evasive
firja's retribution	tokens
firja, judge of valor	evasive
firkraag, cunning instigator	evasive,haste
first family	draw,cantrip
first little pig	
first pick	removal
first response	tokens
first stage of magic design	removal,burn,draw,cantrip,ramp,ritual,combat_pump
first volley	removal
first-time flyer	evasive
fisher's talent	tokens
fishing gear	tokens,equipment
fishing pole	tokens,equipment
fissure	removal
fissure vent	removal
fissure wizard	
fistful of force	combat_pump
fists of flame	draw,cantrip
fists of ironwood	tokens
fists of the anvil	combat_pump
fists of the demigod	anthem
five hundred year diary	mana_dork,ramp
fix what's broken	sweeper
fixer, techno terror	
flailing drake	evasive
flailing manticore	evasive
flailing soldier	
flame burst	removal,burn
flame channeler	
flame discharge	removal
flame jab	removal,burn
flame javelin	removal,burn
flame jet	removal
flame lash	removal,burn
flame of anor	removal,draw,cantrip
flame slash	removal
flame spill	removal
flame sweep	sweeper
flame wave	removal
flame-blessed bolt	removal
flame-chain mauler	
flame-wreathed phoenix	evasive
flameblade adept	evasive
flameblade angel	evasive
flameblast dragon	evasive
flameborn hellion	haste
flamebraider	mana_dork,ramp
flamebreak	sweeper
flamecache gecko	
flameheart werewolf	
flamekin bladewhirl	
flamekin brawler	
flamekin gildweaver	evasive
flamekin harbinger	
flamekin spitfire	
flames of moradin	removal
flames of the firebrand	removal,burn
flames of the raze-boar	removal,sweeper
flamescroll celebrant	
flameshot	removal
flameskull	evasive
flamespeaker's will	anthem
flamethrower sonata	removal,draw,cantrip
flametongue yearling	
flamewake phoenix	evasive,haste
flamewar, brash veteran	sweeper
flamewright	tokens
flaming fist duskguard	
flaming gambit	removal
flaming sword	anthem
flaming tyrannosaurus	evasive
flare	removal,burn
flare of denial	counterspell
flare of faith	combat_pump
flash counter	counterspell
flash flood	removal
flash foliage	draw,cantrip,tokens
flash of insight	draw,cantrip
flash thompson, spider-fan	
flashfires	sweeper
flashfreeze	counterspell
flatten	combat_pump
flavor judge	
flawless forgery	removal
flaxen intruder	
flay essence	removal
flayer husk	anthem,tokens,equipment
flayer of loyalties	evasive
flaying tendrils	mass_pump
fledgling djinn	evasive
fledgling dragon	evasive
fledgling griffin	
fledgling mawcor	evasive
fledgling osprey	evasive
fleecemane lion	
fleet-footed monk	
fleetfeather cockatrice	evasive
fleetfeather sandals	equipment
fleetfoot dancer	evasive,haste
fleeting aven	evasive
fleeting distraction	draw,cantrip,combat_pump
fleeting effigy	haste
fleeting image	evasive
fleeting spirit	
flensermite	
flensing raptor	evasive
flesh	removal
flesh allergy	removal
flesh burrower	
flesh carver	tokens,evasive
flesh duplicate	
flesh reaver	
flesh to dust	removal
flesh-eater imp	evasive
fleshless gladiator	
fleshmad steed	
fleshtaker	
flick a coin	removal,burn,draw,cantrip
flicker	removal
flicker of fate	removal
flickerform	sweeper
flickering spirit	evasive
flickerwisp	evasive
flight of equenauts	evasive
fling	removal,burn
flinthoof boar	
flip the switch	counterspell,tokens
flitterstep eidolon	anthem
flitterwing nuisance	evasive
flitting guerrilla	evasive
flitwing, lyev detective	evasive
floating-dream zubera	
flock impostor	evasive
flockchaser phantom	evasive
flood of recollection	removal
floodbringer	evasive
floodhound	
floodpits drowner	
floodwaters	removal
floriferous vinewall	
flourish	mass_pump
flourishing bloom-kin	
flourishing defenses	tokens
flourishing fox	
flourishing grapple	removal
flourishing strike	removal,combat_pump
flow of ideas	draw,cantrip
flow of knowledge	draw,cantrip
flow state	draw,cantrip
flower	ramp,land_fetch
flowerfoot swordmaster	
flowering of the white tree	anthem
flowstone blade	mass_pump
flowstone embrace	mass_pump
flowstone flood	removal
flowstone hellion	haste
flowstone infusion	combat_pump
flowstone kavu	evasive
flowstone mauler	evasive
flowstone slide	mass_pump
flowstone surge	anthem
flowstone wyvern	evasive
flubs, the fool	ramp
flumph	evasive
flunk	combat_pump
flurry of horns	tokens
flurry of wings	tokens
flush out	draw,cantrip
flusterstorm	counterspell
flutterfox	evasive
fluttershy	evasive
flux	draw,cantrip
fluxcharger	evasive
flying dolphin-fish	evasive
flying drone	evasive
flying kick	removal
flying men	evasive
flying octobot	evasive
flywheel racer	mana_dork,ramp
focus fire	removal
focus the mind	draw,cantrip
focused funambulist	
fodder launch	removal,combat_pump
foe-razer regent	evasive
fog bank	evasive
fog elemental	evasive
fog of gnats	evasive
foggy swamp hunters	evasive
foggy swamp spirit keeper	tokens
foggy swamp visions	removal
fogwalker	evasive
foil	counterspell
fold into aether	counterspell
folk of an-havva	
follow the lumarets	draw,cantrip
foolish fate	removal
foot chopper	tokens,equipment
foot mystic	tokens
footbottom feast	draw,cantrip
foothill guide	
footlight fiend	
footsteps of the goryo	reanimation
for each of you, a gift	tokens
for the ancestors	draw,cantrip
for the family	combat_pump
foraging wickermaw	
foray of orcs	removal
forbid	counterspell
forbidden alchemy	draw,cantrip
forbidden friendship	tokens
forbidden orchard	tokens
force away	removal,draw,cantrip
force of despair	sweeper
force of nature	evasive
force of negation	removal,counterspell
force of rage	tokens
force of savagery	evasive
force of vigor	removal
force of virtue	anthem
force of will	counterspell
force spike	counterspell
force void	counterspell
forced march	sweeper
forceful denial	counterspell
forcemage advocate	
forebear's blade	anthem,equipment
foreboding fruit	draw,cantrip
foreboding statue	mana_dork,ramp
forecasting fortune teller	
forerunner of slaughter	
foresee	draw,cantrip
foreshadow	draw,cantrip
foresight	removal
forest bear	
forever young	draw,cantrip
forge devil	
forgeborn phoenix	evasive,equipment
forgefire automaton	reanimation
forger's foundry	mana_dork,ramp
forgestoker dragon	evasive
forging the anchor	draw,cantrip
forgotten creation	evasive
foriysian totem	mana_dork,ramp
forked bolt	removal,burn
forked lightning	removal
forktail sweep	sweeper
forlorn pseudamma	tokens,evasive
form a posse	tokens
formation breaker	
formless genesis	tokens
forsake the worldly	removal
forsaken miner	
forsaken monument	anthem
forsaken thresher	
forsworn paladin	evasive
forth eorlingas!	tokens
fortified area	anthem
fortified rampart	
fortify	mass_pump
fortifying draught	combat_pump
fortifying provisions	anthem
fortress kin-guard	
fortunate few	sweeper
fortune's favor	draw,cantrip
forum familiar	
forum filibuster	tokens
forum necroscribe	reanimation
foul emissary	tokens
foul imp	evasive
foul play	removal
foul rebirth	tokens
foul roads	tokens
foul spirit	evasive
foul watcher	evasive
foulmire knight	
founding of omashu	tokens
foundry beetle	equipment
foundry helix	removal,burn
foundry hornet	evasive
foundry of the consuls	tokens
foundry screecher	evasive
foundry street denizen	
fountain of ichor	mana_dork,ramp
fountainport	tokens
fountainport charmer	
fourth bridge prowler	
fowl strike	removal
fractal anomaly	tokens
fractal harness	tokens,equipment
fractal mascot	evasive
fractal summoning	tokens
fractal tender	tokens
fracture	removal
fractured identity	removal
fractured powerstone	mana_dork,ramp
fracturing gust	sweeper
fragment of konda	
fragment reality	removal
fragmentize	removal
francisco, fowl marauder	evasive
frankenstein's monster	
frantic firebolt	removal
frantic inventory	draw,cantrip
frantic purification	removal
frantic salvage	draw,cantrip
frantic scapegoat	haste
frantic search	draw,cantrip
frantic strength	anthem
frazzle	counterspell
frazzled editor	
free from flesh	combat_pump
freedom fighter recruit	
freejam regent	evasive
freewind equenaut	evasive
freewind falcon	evasive
frenemy of the guildpact	
frenetic efreet	evasive
frenzied arynx	evasive
frenzied baloth	evasive,haste
frenzied devils	haste
frenzied geistblaster	
frenzied goblin	
frenzied rage	anthem
frenzied raider	
frenzied saddlebrute	haste
frenzied tilling	removal,ramp,land_fetch
frenzied trapbreaker	
frenzy sliver	
fresh meat	tokens
fresh volunteers	
fresh-faced recruit	
fretwork colony	
freya crescent	mana_dork,ramp,evasive
freyalise supplicant	
freyalise, llanowar's fury	tokens
friarball	tokens
friendly ghost	evasive
friendly neighborhood	tokens
friendly teddy	
frightcrawler	evasive
frightful delusion	counterspell
frilled oculus	
frilled sandwalla	
frilled sparkshooter	evasive
frodo baggins	
frodo, adventurous hobbit	
frodo, determined hero	
frodo, sauron's bane	
frog butler	mana_dork,ramp
frog-squirrels	
froghemoth	evasive,haste
frogkin kidnapper	
frogtosser banneret	haste
frolicking familiar	evasive
from beyond	tokens
from the ashes	sweeper,ramp,land_fetch
from the catacombs	reanimation
from the rubble	reanimation
from under the floorboards	tokens
front porch sentries	
frontier explorer	
frontier guide	
frontier seeker	
frontline heroism	tokens
frontline rush	combat_pump,tokens
frontline strategist	
frost augur	
frost bite	removal
frost fair lure fish	tokens
frost raptor	evasive
frost trickster	evasive
frost walker	
frostbite pyromental	evasive,haste
frostbridge guard	
frostburn weird	
frostcliff siege	anthem
frostling	
frostwind invoker	evasive
fry	removal
fuel for the cause	counterspell
fuel tank feaster	mana_dork,ramp
fuel the flames	sweeper
fugitive codebreaker	haste
fugitive droid	
fugitive of the judoon	tokens
fugitive wizard	
full bore	combat_pump
full moon's rise	anthem
fully grown	combat_pump
fully-grown treefolk	
fulminous forte	removal,sweeper
fumarole	removal
fumble	removal
fume spitter	
fumigate	sweeper
fumulus, the infestation	tokens,evasive
funeral charm	combat_pump
funeral pyre	removal,tokens
funeral rites	draw,cantrip
fungal fortitude	anthem
fungal infection	combat_pump,tokens
fungal plots	tokens
fungal rebirth	tokens
fungal shambler	evasive
fungal sprouting	tokens
fungus frolic	tokens
furgul, quag nurturer	mana_dork,ramp
furious forebear	
furious reprisal	removal,burn
furious spinesplitter	evasive
furious strength	anthem
furnace dragon	evasive
furnace gremlin	
furnace hellkite	evasive
furnace host charger	haste
furnace oriflamme	anthem
furnace punisher	evasive
furnace scamp	
furnace spirit	haste
furnace whelp	evasive
furnace-blessed conqueror	
furor of the bitten	anthem
furtive homunculus	evasive
fury charm	removal
furyblade vampire	evasive
furyborn hellkite	evasive
furygale flocking	tokens
future flight	anthem
fylamarid	evasive
fyndhorn elder	mana_dork,ramp
fyndhorn elves	mana_dork,ramp
fyndhorn pollen	mass_pump
fynn, the fangbearer	
fíli and kíli, joyous	mana_dork,ramp,haste
fíli the pathfinder	anthem,tokens
g'raha tia, scion reborn	tokens
gaddock teeg	
gadget technician	tokens
gadrak, the crown-scourge	evasive
gaea's anthem	anthem
gaea's balance	ramp,land_fetch
gaea's blessing	draw,cantrip
gaea's bounty	ramp,land_fetch
gaea's embrace	anthem
gaea's herald	
gaea's might	combat_pump
gaea's revenge	haste
gaea's skyfolk	evasive
gaelicat	evasive
gainsay	counterspell
gala greeters	
galactus, devourer of worlds	evasive
galadhrim ambush	tokens
galadhrim bow	anthem,equipment
galadhrim brigade	anthem
galathul galecaller	evasive
galazeth prismari	evasive
gale force	sweeper
gale swooper	evasive
gale's redirection	removal
gale, holy conduit	tokens
galedrifter	evasive
galepowder mage	evasive
galerider sliver	
galestrike	removal,draw,cantrip
galewind moose	evasive
galian beast	evasive
galina's knight	
gallant cavalry	tokens
gallant citizen	
gallant strike	removal
gallantry	draw,cantrip,combat_pump
gallia of the endless dance	anthem,haste
gallia, the merrymaker	haste
gallia, tragic host	evasive
gallifrey falls	sweeper
galloping lizrog	evasive
gallowbraid	evasive
gallows at willow hill	tokens
gallows warden	anthem,evasive
galvanic blast	removal,burn
galvanic bombardment	removal
galvanic discharge	removal
galvanize	removal
game over	sweeper
game plan	removal,sweeper,draw,cantrip
game-trail changeling	evasive
ganax, astral hunter	evasive
gandalf's sanction	removal
gang up	removal
gangly stompling	evasive
gangrenous zombies	sweeper
gardens of tranquil repose	tokens
garenbrig squire	
gargadon	evasive
gargantuan slabhorn	evasive
gargoyle castle	tokens
gargoyle flock	tokens,evasive
garland, knight of cornelia	
garland, royal kidnapper	anthem
garnet, princess of alexandria	
garrison cat	tokens
garrison excavator	tokens,evasive
garrison griffin	evasive
garruk relentless	tokens
garruk the slayer	sweeper
garruk wildspeaker	tokens
garruk's companion	evasive
garruk's horde	evasive
garruk, apex predator	tokens
garruk, caller of beasts	sweeper
garruk, curse breaker	tokens
garruk, cursed huntsman	tokens
garruk, primal hunter	tokens
garruk, the veil-cursed	tokens
garruk, unleashed	tokens
garruk, veiled butcher	tokens
gary clone	
garza zol, plague queen	evasive,haste
gas guzzler	
gastal raider	evasive
gastal thrillseeker	haste
gate smasher	anthem,equipment
gatebreaker ram	evasive
gatecreeper vine	
gatekeeper gargoyle	evasive
gatekeeper of malakir	
gates ablaze	sweeper
gatewatch beacon	mana_dork,ramp
gather courage	combat_pump
gather the pack	draw,cantrip
gather the townsfolk	tokens
gather the white lotus	tokens
gatherer of graces	
gatstaf howler	evasive
gatstaf ravagers	evasive
gatstaf shepherd	
gau, feral youth	
gauntlet of might	anthem
gauntlet of power	anthem
gauntlets of chaos	sweeper
gauntlets of light	anthem
gavel of the righteous	equipment
gavi, nest warden	tokens
gavony ironwright	anthem
gavony trapper	
gaze of adamaro	removal,burn
gaze of granite	sweeper
gaze of justice	removal
gaze of the gorgon	sweeper
gearshift ace	
gearsmith prodigy	
geier reach bandit	haste
geist of regret	evasive
geist of saint thalia	evasive
geist of saint traft	tokens
geist of the lonely vigil	evasive
geist of the moors	evasive
geist snatch	counterspell,tokens
geist-honored monk	tokens
geistblast	removal,burn
geistchanneler	
geistflame	removal,burn
geistlight snare	counterspell
geistpack alpha	evasive
geistwave	removal,draw,cantrip
gelatinous genesis	tokens
gemhide sliver	
gemini engine	tokens
gempalm strider	
gemrazer	evasive
genasi enforcers	mass_pump
genasi rabble-rouser	mass_pump
gene pollinator	mana_dork,ramp
genemorph imago	evasive
general chang, cold warrior	
general ferrous rokiric	tokens
general kreat, the boltbringer	tokens
general kudro of drannith	anthem
general leo cristophe	reanimation
general thunderbolt ross	
general traag, heart of stone	evasive
general's enforcer	tokens
general's kabuto	equipment
generator servant	mana_dork,ramp
generous gift	removal,tokens
generous plunderer	evasive
generous pup	
generous revival	reanimation
generous soul	evasive
generous visitor	
genesis chamber	tokens
genesis hydra	
genesis of the daleks	tokens
genesis ultimatum	removal,draw,cantrip
genesis wave	sweeper,draw,cantrip
genevieve, conniving dragon	evasive
genghis frog	evasive
genji glove	equipment
gentleman's rise	tokens
geode golem	evasive
geomancer's gambit	removal,draw,cantrip,ramp,land_fetch
geometer's arthropod	
geometric nexus	tokens
geometric weird	
geosurge	ramp,ritual
geralf's masterpiece	evasive
geralf, the fleshwright	tokens
geralf, visionary stitcher	tokens
germinate recruits	tokens
gerrard's battle cry	mass_pump
gerrard's command	combat_pump
gerrard's hourglass pendant	sweeper
gerrard's irregulars	evasive,haste
gerrymandering	sweeper
gert and old lace, runaways	evasive
get lost	removal
get out	removal,counterspell
get the point	removal
getaway glamer	removal
geth's summons	reanimation
geth, lord of the vault	evasive,reanimation
geth, thane of contracts	reanimation
gev, scaled scorch	
geyser drake	evasive
geyser leaper	evasive
geyserfield stalker	evasive
ghalma the shaper	tokens
ghalta and mavren	evasive
ghalta the unstoppable	evasive
ghalta, primal hunger	evasive
ghalta, stampede tyrant	evasive
ghastbark twins	evasive
ghastly conscription	sweeper
ghastly demise	removal
ghastly discovery	draw,cantrip
ghastly gloomhunter	evasive
ghave, guru of spores	tokens
ghazbán ogre	
ghazbán ogress	
ghirapur gearcrafter	tokens
ghirapur orrery	ramp
ghirapur osprey	evasive
ghired's belligerence	removal
ghired, conclave exile	tokens
ghired, mirror of the wilds	haste
ghitu amplifier	
ghitu chronicler	
ghitu embercoiler	
ghitu fire	removal,burn
ghitu firebreathing	mass_pump
ghitu lavarunner	haste
ghor-clan rampager	evasive
ghor-clan wrecker	evasive
ghost hounds	
ghost lantern	equipment
ghost ship	evasive
ghost tactician	mass_pump
ghost warden	
ghost-lit drifter	evasive
ghost-lit redeemer	
ghost-lit stalker	
ghost-lit warder	
ghost-spider	evasive,haste
ghost-spider, gwen stacy	evasive
ghostblade eidolon	anthem
ghostfire	removal,burn
ghostfire blade	anthem,equipment
ghostfire slice	removal,burn
ghostflame sliver	
ghostly castigator	evasive
ghostly dancers	tokens,evasive
ghostly flicker	removal
ghostly keybearer	evasive
ghostly pilferer	
ghostly sentinel	evasive
ghostly visit	removal
ghostly wings	anthem
ghostway	sweeper
ghoul's feast	combat_pump
ghoulcaller gisa	tokens
ghoulcaller's accomplice	tokens
ghoulcaller's harvest	tokens
ghoulish impetus	anthem
ghoulish procession	tokens
ghouls' night out	sweeper
giada, font of hope	mana_dork,ramp,evasive
giant adephage	evasive
giant albatross	evasive
giant ambush beetle	haste
giant ankheg	evasive
giant cindermaw	evasive
giant dustwasp	evasive
giant fire beetles	evasive
giant fly	evasive
giant growth	combat_pump
giant inheritance	anthem
giant killer	
giant opportunity	tokens
giant ox	
giant slug	
giant solifuge	evasive,haste
giant spectacle	anthem
giant strength	anthem
giant tortoise	
giant warthog	evasive
giant's amulet	anthem,tokens,equipment
giant's boulder	mana_dork,ramp
giant's ire	removal,draw,cantrip
giant's skewer	anthem,equipment
giant-sized flying ant	evasive
giantbaiting	tokens
giantfall	removal
gibbering fiend	
gibbering kami	evasive
gideon's defeat	removal
gideon's lawkeeper	
gideon's memorial	mana_dork,ramp,anthem
gideon's phalanx	tokens
gideon's reproach	removal
gideon's resolve	anthem
gideon, ally of zendikar	tokens
gideon, champion of justice	sweeper
gideon, martial paragon	mass_pump
gideon, the oathsworn	sweeper
gift of estates	ramp,land_fetch
gift of fangs	anthem
gift of granite	anthem
gift of growth	combat_pump
gift of orzhova	anthem
gift of strands	anthem
gift of the deity	anthem
gift of the gargantuan	draw,cantrip
gift of wrath	anthem,tokens
gifted aetherborn	
gifts given	sweeper
gifts ungiven	removal
gigantic big bear	haste
gilacorn	
gilanra, caller of wirewood	mana_dork,ramp
gild	removal
gilded drake	evasive
gilded ghoda	
gilded goose	mana_dork,ramp,evasive
gilded lotus	mana_dork,ramp
gilded pinions	equipment
gilt-leaf alchemist	
gilt-leaf ambush	tokens
gilt-leaf winnower	evasive
gilt-leaf's embrace	anthem
giltgrove stalker	
gimbal, gremlin prodigy	tokens
gimli's axe	anthem,equipment
gimli's fury	combat_pump
gimli, counter of kills	evasive
gin'tak charge	removal,burn
gingerbehemoth	evasive
gingerbrute	haste
giott, king of the dwarves	
girder goons	tokens
gisa's bidding	tokens
gisa's favorite shovel	anthem,tokens,equipment
gisa, the hellraiser	anthem,tokens
gisela, blade of goldnight	evasive
gisela, the broken blade	evasive
gishath, sun's avatar	evasive,haste
gitaxian mindstinger	
gitaxian probe	draw,cantrip
gitaxian raptor	evasive
gitaxian spellstalker	evasive
githzerai monk	evasive
gitrog, horror of zhava	evasive
give no ground	combat_pump
giver of runes	
gix's command	sweeper
gixian infiltrator	
gixian puppeteer	reanimation
gixian recycler	
glacial crasher	evasive
glacial dragonhunt	removal,draw,cantrip
glacial grasp	draw,cantrip
glacial ray	removal,burn
glacial revelation	draw,cantrip
glacier godmaw	evasive
glade watcher	
gladecover scout	
glaive of the guildpact	equipment
glamdring	equipment
glamdring, foe-hammer	equipment
glamer gifter	evasive
glamer spinners	evasive
glamermite	evasive
glamorous grapplers	evasive
glare of heresy	removal
glarecaster	evasive
glarewielder	haste
glaring aegis	anthem
glaring fleshraker	tokens
glass of the guildpact	anthem
glass-cast heart	tokens
glasswing grace	anthem
glaze fiend	evasive
gleam of death	sweeper
gleam of resistance	mass_pump
gleaming barrier	
gleaming geardrake	evasive
gleancrawler	evasive
gleeful demolition	removal,tokens
gleeful sabotage	removal
gleemox	mana_dork,ramp
glen elendra archmage	evasive
glen elendra guardian	evasive
glen elendra liege	anthem,evasive
glen elendra pranksters	evasive
glen elendra's answer	tokens
glidedive duo	evasive
glider kids	evasive
glider staff	anthem,equipment
glimmer bairn	
glimmer hoarder	
glimmer lens	tokens,equipment
glimmer of genius	draw,cantrip
glimmer seeker	tokens
glimmerbell	evasive
glimmerburst	draw,cantrip,tokens
glimmering angel	evasive
glimmerlight	anthem,tokens,equipment
glimpse of freedom	draw,cantrip
glimpse of tomorrow	sweeper,draw,cantrip
glimpse the core	ramp,land_fetch
glimpse the cosmos	draw,cantrip
glimpse the future	draw,cantrip
glint hawk	evasive
glint raker	evasive
glint-horn buccaneer	haste
glint-nest crane	evasive
glint-sleeve siphoner	evasive
glissa's retriever	haste
glissa's scorn	removal
glistener elf	
glistener seer	
glistening deluge	mass_pump
glistening goremonger	
glistening sphere	mana_dork,ramp
glitch ghost surveyor	evasive
glitterfang	haste
glitterflitter	evasive
glittering lynx	
glittering stockpile	mana_dork,ramp
glittering wish	removal
gloom surgeon	
gloomdrifter	evasive
gloomfang mauler	evasive
gloomhunter	evasive
gloomlance	removal
gloomshrieker	evasive
gloomwidow's feast	removal,tokens
glorious anthem	anthem
glorious charge	mass_pump
glorious decay	removal,draw,cantrip
glorious dragon-kin	evasive
glorious enforcer	evasive
glorious gale	counterspell
glorious protector	evasive
glory	evasive
glory of warfare	anthem
glory seeker	
glory-bound initiate	
glorybringer	evasive,haste
gloryheath lynx	
glowcap lantern	equipment
glowspore shaman	
gluntch, the bestower	evasive
gluttonous hellkite	evasive
gluttonous slug	evasive
gluttonous troll	evasive
gluttonous zombie	evasive
glyph elemental	
glyph keeper	evasive
glyph of destruction	combat_pump
glyph of doom	sweeper
glyph of reincarnation	sweeper,reanimation
gnarlback rhino	evasive
gnarled grovestrider	
gnarled professor	evasive
gnarled scarhide	anthem
gnarlid colony	
gnarlid pack	
gnarlroot pallbearer	evasive
gnarlroot trapper	mana_dork,ramp
gnarlwood dryad	
gnashing of teeth	combat_pump,mass_pump
gnat miser	
gnawing crescendo	mass_pump
gnawing vermin	
gnawing zombie	
gnoll hunter	
gnoll war band	evasive
gnome-made engine	tokens
gnomeball machine	tokens
gnottvold slumbermound	tokens
go blank	sweeper
go for the throat	removal
go forth	ramp,land_fetch,combat_pump
go hog wild	combat_pump
go ninja go	removal
go-shintai of boundless vigor	evasive
go-shintai of life's origin	tokens
go-shintai of lost wisdom	evasive
go-shintai of shared purpose	tokens
goatnap	combat_pump
gobhobbler rats	
gobland	mana_dork,ramp
goblin airbrusher	
goblin anarchomancer	
goblin archaeologist	
goblin arsonist	
goblin artisans	
goblin assailant	
goblin assault	tokens
goblin assault team	haste
goblin balloon brigade	
goblin banneret	
goblin barrage	removal
goblin berserker	haste
goblin bird-grabber	
goblin blast-runner	evasive
goblin bookie	
goblin brigand	
goblin bully	
goblin bushwhacker	
goblin cadets	
goblin caves	anthem
goblin champion	haste
goblin chariot	haste
goblin chieftain	anthem,haste
goblin chirurgeon	
goblin clearcutter	mana_dork,ramp
goblin cohort	
goblin crash pilot	
goblin cratermaker	
goblin cruciverbalist	haste
goblin dark-dwellers	evasive
goblin deathraiders	evasive
goblin digging team	
goblin diplomats	
goblin dirigible	evasive
goblin electromancer	
goblin elite infantry	
goblin engineer	
goblin fire fiend	haste
goblin firebug	
goblin fireleaper	
goblin fireslinger	
goblin firestarter	
goblin freerunner	evasive
goblin furrier	
goblin gang leader	tokens
goblin gathering	tokens
goblin gaveleer	evasive
goblin glasswright	
goblin glider	evasive
goblin glory chaser	evasive
goblin goliath	tokens
goblin grappler	
goblin grenade	removal,burn
goblin guide	haste
goblin haberdasher	evasive
goblin instigator	tokens
goblin javelineer	haste
goblin kaboomist	
goblin king	anthem
goblin lackey	
goblin legionnaire	
goblin locksmith	
goblin lookout	mass_pump
goblin lore	draw,cantrip
goblin marshal	tokens
goblin maskmaker	
goblin masons	
goblin mime	
goblin morale sergeant	haste
goblin morningstar	anthem,equipment
goblin motivator	
goblin mountaineer	
goblin mutant	evasive
goblin negotiation	removal,tokens
goblin offensive	tokens
goblin oriflamme	combat_pump,anthem
goblin outlander	
goblin patrol	
goblin picker	
goblin piker	
goblin piledriver	
goblin plate mail	anthem,equipment
goblin rabblemaster	tokens
goblin raider	
goblin rally	tokens
goblin recruiter	
goblin ringleader	haste
goblin rock sled	evasive
goblin ruinblaster	haste
goblin sappers	
goblin savant	
goblin scouts	tokens
goblin shortcutter	
goblin shrine	anthem
goblin ski patrol	
goblin sky raider	evasive
goblin skycutter	
goblin sledder	
goblin sleigh ride	sweeper
goblin smuggler	haste
goblin soothsayer	mass_pump
goblin spy	
goblin spymaster	tokens
goblin striker	haste
goblin surprise	mass_pump,tokens
goblin surveyor	evasive
goblin swine-rider	
goblin taskmaster	
goblin test pilot	evasive
goblin tinkerer	
goblin tomb raider	haste
goblin trailblazer	evasive
goblin trapfinder	
goblin trashmaster	anthem
goblin trenches	tokens
goblin tunneler	
goblin turncoat	
goblin vandal	
goblin war buggy	haste
goblin war paint	anthem
goblin war party	tokens
goblin war strike	removal
goblin warchief avatar	combat_pump,anthem
goblin wardriver	
goblin warrens	tokens
goblin welder	
goblin wizardry	tokens
goblin-town flunkies	haste
goblins of the flarg	
goblinslide	tokens
god-eternal bontu	evasive
god-eternal kefnet	evasive
god-eternal oketra	tokens
god-favored general	tokens
god-pharaoh's faithful	
goddric, cloaked reveler	evasive,haste
godhead of awe	evasive
godo's irregulars	
gods' eye, gate to the reikai	tokens
godsend	anthem,equipment
godsire	tokens
goggles of night	equipment
goka the unjust	
golbez, crystal collector	
gold myr	mana_dork,ramp
gold pan	anthem,equipment
gold rush	combat_pump
gold-forge garrison	tokens
gold-forged sentinel	evasive
gold-forged thopteryx	evasive
goldberry, river-daughter	
golden demise	combat_pump,mass_pump
golden egg	mana_dork,ramp
golden hind	mana_dork,ramp
golden ratio	draw,cantrip
golden sidekick	evasive
golden wish	removal
golden-scale aeronaut	evasive
goldenglow moth	evasive
goldfury strider	evasive
goldhound	mana_dork,ramp,evasive
goldlust triad	evasive
goldmane griffin	evasive
goldmeadow	tokens
goldmeadow dodger	
goldmeadow harrier	
goldmeadow lookout	tokens
goldmeadow nomad	tokens
goldmeadow stalwart	
goldmire bridge	mana_dork,ramp
goldnight castigator	evasive,haste
goldnight redeemer	evasive
goldspan dragon	evasive,haste
goldvein hydra	evasive,haste
goldvein pick	anthem,equipment
goldwarden's helm	anthem,tokens,equipment
goldwardens' gambit	tokens
golem foundry	tokens
golem-skin gauntlets	equipment
golgari charm	removal,mass_pump
golgari cluestone	mana_dork,ramp
golgari death swarm	evasive
golgari germination	tokens
golgari guildmage	
golgari keyrune	mana_dork,ramp
golgari locket	mana_dork,ramp
golgari raiders	haste
golgari signet	mana_dork,ramp
golgari thug	
goliath beetle	evasive
goliath hatchery	tokens
goliath sphinx	evasive
goliath, mass manipulator	
gollum the abandoned	
gollum's bite	combat_pump
gollum, obsessed stalker	evasive
gollum, patient plotter	
gollum, riddle master	
gollum, scheming guide	
gollum, silent slinker	evasive
goma fada vanguard	
gomazoa	evasive
gomif, fast racer	
gone	removal
gone fishing	removal
goobbue gardener	mana_dork,ramp
good knight	
gorbag of minas morgul	
gore-house chainwalker	
goremand	evasive
gorging vulture	evasive
gorgon flail	anthem,equipment
gorgon's head	equipment
gorilla berserkers	evasive
gorilla shaman	
gorilla tactics	tokens
gorilla titan	evasive
gorn captain	evasive
gornog, the red reaper	haste
goro-goro and satoru	tokens
goro-goro, disciple of ryusei	tokens
goryo's vengeance	reanimation
gossamer phantasm	evasive
gourmand's talent	tokens
grab the prize	draw,cantrip
grab the reins	removal,burn
graceful restoration	reanimation
graf harvest	tokens
graf rats	
graf reaver	
grafted butcher	anthem
grafted exoskeleton	anthem,equipment
grafted identity	anthem
grafted wargear	anthem,equipment
graham o'brien	
grakk the pacifist	
grakmaw, skyclave ravager	tokens
gran pulse ochu	
gran-gran	
grand abolisher	
grand architect	anthem
grand ball guest	evasive
grand crescendo	tokens
grand entryway	tokens
grand warlord radha	haste
grandmother goby	tokens
grandmother ravi sengir	evasive
granger guildmage	
granite gargoyle	evasive
granite witness	evasive
granitic titan	evasive
granulate	sweeper
grapeshot	removal,burn
grapple with death	removal
grappler spider	
grappling hook	equipment
grappling sundew	
grasp of darkness	combat_pump
grasp of the hieromancer	anthem
grasping current	removal
grasping scoundrel	
grasping thrull	evasive
grateful apparition	evasive
grave birthing	removal,draw,cantrip,tokens
grave consequences	removal,draw,cantrip
grave endeavor	reanimation
grave expectations	removal
grave servitude	anthem
grave titan	tokens
grave upheaval	reanimation
gravecrawler	
gravedig	tokens
gravel-hide goblin	
gravelgill scoundrel	
gravelighter	evasive
graven archfiend	evasive
graven dominator	evasive
graven lore	draw,cantrip
gravepurge	draw,cantrip
gravespawn sovereign	reanimation
gravestone strider	
gravetiller wurm	evasive
gravewaker	evasive,reanimation
graveyard glutton	
graveyard marshal	tokens
graveyard shift	reanimation
gravitational shift	anthem
gravitic punch	removal,burn
gravity negator	evasive
gravkill	removal
gravpack monoist	tokens,evasive
gray harbor merfolk	
gray slaad	evasive
graypelt hunter	evasive
grayscaled gharial	
greasefang, okiba boss	reanimation
greasewrench goblin	
great arashin city	tokens
great defender	combat_pump
great desert hellion	evasive
great divide guide	
great fang chroniclers	
great fierce bee	evasive
great forest druid	mana_dork,ramp
great furnace	mana_dork,ramp
great gilded boat	tokens
great hall of starnheim	tokens
great intelligence's plan	draw,cantrip
great teacher's decree	mass_pump
great unclean one	tokens
greataxe	anthem,equipment
greatbow doyen	anthem
greater tanuki	evasive
greatsword	anthem,equipment
greatsword of tyr	equipment
greed's gambit	tokens
greedy freebooter	
green dragon	evasive
green goblin	evasive
green goblin, back for more	evasive
green goblin, nemesis	evasive
green goblin, revenant	evasive
green mana battery	mana_dork,ramp
green scarab	anthem
green sun's twilight	draw,cantrip
greenbelt guardian	
greenbelt rampager	
greener pastures	tokens
greenhouse propagator	mana_dork,ramp
greenseeker	
greenside watcher	
greensleeves	sweeper
greensleeves, maro-sorcerer	tokens
greenweaver druid	mana_dork,ramp
greenwheel liberator	
greenwood sentinel	
gregor, shrewd magistrate	evasive
gremlin infestation	tokens
gremlin tamer	tokens
grendel, spawn of knull	evasive
grenzo's cutthroat	
grenzo's rebuttal	sweeper,tokens
grenzo, dungeon warden	
grenzo, havoc raiser	
gretchen titchwillow	
greven, predator captain	evasive
grey host reinforcements	evasive
greymond, avacyn's stalwart	anthem
grief	evasive
griffin aerie	tokens
griffin dreamfinder	evasive
griffin guide	anthem,tokens
griffin protector	evasive
griffin rider	evasive
griffin sentinel	evasive
griffnaut tracker	evasive
grifter's blade	anthem,equipment
grim bounty	removal
grim flayer	evasive
grim flowering	draw,cantrip
grim initiate	
grim lavamancer	
grim monolith	mana_dork,ramp
grim physician	
grim reaper's scythe	tokens,reanimation
grim reaper's sprint	anthem
grim reaper, lethal legionnaire	reanimation
grim repriser	
grim roustabout	
grim servant	evasive
grim wanderer	
grimclaw bats	evasive
grime gorger	evasive
grimlock, dinobot leader	anthem
grimlock, ferocious king	evasive
grimoire of the dead	sweeper
grimoire thief	
grip of amnesia	draw,cantrip
grip of desolation	removal
grip of phyresis	tokens
grip of the roil	draw,cantrip
griselbrand	evasive
grisly anglerfish	
grisly ritual	removal
grisly salvage	draw,cantrip
grisly sigil	removal
grisly spectacle	removal
grismold, the dreadsower	tokens,evasive
grist, the hunger tide	tokens
grist, the plague swarm	tokens
grist, voracious larva	
gristle glutton	
grixis	reanimation
grixis charm	removal,combat_pump,mass_pump
grixis grimblade	
grixis illusionist	
grixis slavedriver	tokens
grizzled leotau	
grizzlegom, hurloon hero	tokens
grizzly bears	
grizzly fate	tokens
grizzly ghoul	evasive
groom's finery	anthem,equipment
grotag bug-catcher	evasive
grotag siege-runner	
grotesque demise	removal
ground assault	removal
ground pounder	
groundbreaker	evasive,haste
groundchuck & dirtbag	evasive
grounded for life	removal
groundling pouncer	
groundskeeper	
groundswell	combat_pump
group project	tokens
grove of the dreampods	reanimation
grove of the guardian	tokens
grove rumbler	evasive
grovetender druids	tokens
grow extra arms	combat_pump
grow from the ashes	ramp,land_fetch
grow old together	combat_pump
growth cycle	combat_pump
growth spasm	ramp,land_fetch,tokens
growth spiral	draw,cantrip
growth spurt	combat_pump
growth-chamber guardian	
grub's command	removal,sweeper
grub, notorious auntie	evasive
grub, storied matriarch	evasive
grudge keeper	
gruesome encore	reanimation
gruesome realization	draw,cantrip
gruff triplets	evasive
grusilda, monster masher	reanimation
gruul charm	sweeper
gruul cluestone	mana_dork,ramp
gruul guildmage	
gruul keyrune	mana_dork,ramp
gruul locket	mana_dork,ramp
gruul signet	mana_dork,ramp
gruul spellbreaker	evasive
gruul war chant	combat_pump,anthem
gryff rider	evasive
gryff vanguard	evasive
gryff's boon	anthem
gryffwing cavalry	evasive
guan yu's 1,000-li march	sweeper
guan yu, sainted warrior	evasive
guard gomazoa	evasive
guarded heir	tokens
guardian archon	evasive
guardian augmenter	anthem
guardian gladewalker	
guardian idol	mana_dork,ramp
guardian kirin	evasive
guardian of cloverdell	tokens
guardian of ghirapur	evasive
guardian of new benalia	
guardian of pilgrims	
guardian of solitude	
guardian of tazeem	evasive
guardian of the gateless	evasive
guardian of the great door	evasive
guardian of the halls	evasive
guardian scalelord	evasive
guardian seraph	evasive
guardian shield-bearer	
guardian's magemark	anthem
guardians' pledge	mass_pump
gudul lurker	
guerrilla gorilla	
guerrilla tactics	removal,burn
guess who it is!	draw,cantrip
guide of souls	
guided passage	sweeper
guided strike	draw,cantrip
guidelight optimizer	mana_dork,ramp
guidelight synergist	evasive
guiding bolt	removal
guiding hydra	
guiding spirit	evasive
guild globe	mana_dork,ramp
guild thief	
guildpact informant	evasive
guildpact paragon	
guildsworn prowler	
guiltfeeder	evasive
guise of fire	anthem
gumato	mana_dork,ramp
gunner conscript	evasive
gurgling anointer	evasive,reanimation
gurmag rakshasa	evasive
gurmag swiftwing	evasive,haste
gush	draw,cantrip
gust of wind	removal,draw,cantrip
gust walker	
gust-skimmer	
gustcloak harrier	evasive
gustcloak runner	
gustcloak savior	evasive
gustcloak skirmisher	evasive
gustrider exuberant	evasive
gut shot	removal,burn
gut, true soul zealot	tokens
gutmorn, pactbound servant	evasive
gutter grime	tokens
gutter skulk	
gutterbones	
guttural response	counterspell
gutwrencher oni	evasive
guul draz assassin	
guul draz overseer	evasive
guul draz specter	evasive
guul draz vampire	evasive
guy in the chair	mana_dork,ramp
gwaihir the windlord	evasive
gwaihir, greatest of the eagles	tokens,evasive
gwen stacy	
gwenna, eyes of gaea	mana_dork,ramp
gwyllion hedge-mage	tokens
gyome, master chef	evasive
gyre engineer	mana_dork,ramp
gyre sage	mana_dork,ramp
gysahl greens	tokens
h.e.r.b.i.e. scout unit	evasive
h.e.r.b.i.e., lovable robot	mana_dork,ramp,evasive
haazda exonerator	
haazda marshal	tokens
haberthrasher	
hada freeblade	
hada spy patrol	
hades, sorcerer of eld	
hadran, naya sunseeder	mana_dork,ramp
hag of death's legion	tokens
haggle	draw,cantrip
hagra mauling	removal
hail of arrows	removal
hail storm	sweeper
hailstorm valkyrie	evasive
hajar, loyal bodyguard	
hakim, loreweaver	sweeper,evasive
hakka, whispering raven	evasive
halam djinn	haste
haldir, lórien lieutenant	
half-kitten, half-	
half-orc, half-	evasive
half-shark, half-	
half-squirrel, half-	
halimar excavator	
halimar wavewatch	
hall monitor	haste
hall of triumph	anthem
hallar, the firefletcher	evasive
hallowed burial	sweeper
hallowed haunting	tokens
hallowed moonlight	draw,cantrip
hallowed priest	
hallowed respite	removal
hallowed spiritkeeper	tokens
halo forager	evasive
halo fountain	tokens
halo hunter	evasive
halo scarab	
halt order	counterspell,draw,cantrip
hamato ninpō	removal
hamlet captain	
hamlet glutton	evasive
hammer mage	sweeper
hammer of bogardan	removal,burn
hammer of nazahn	anthem,equipment
hammer of purphoros	tokens
hammer of ruin	anthem,equipment
hammerfist giant	sweeper
hammerhand	anthem
hammerhead shark	
hammerhead tyrant	evasive
hammerhead, maggia boss	
hana kami	
hanabi blast	removal,burn
hand of cruelty	
hand of death	removal
hand of enlightenment	
hand of honor	
hand of silumgar	
hand of the praetors	anthem
hand of vecna	equipment
hand that feeds	
handy dandy clone machine	tokens
hangarback walker	tokens
hanged executioner	tokens,evasive
hangman	
hankyu	equipment
hansk, slayer zealot	tokens
hanweir garrison	tokens
hanweir militia captain	
hanweir, the writhing township	tokens,evasive,haste
hapatra, vizier of poisons	tokens
hapless researcher	
happy hogan, dauntless driver	
harabaz druid	mana_dork,ramp
harald, king of skemfar	evasive
harbin, vanguard aviator	evasive
harbinger of the hunt	sweeper,evasive
harbinger of the tides	
hard cover	anthem
hard evidence	tokens
hard-hitting question	removal
hard-won jitte	equipment
hardbristle bandit	mana_dork,ramp
hardened academic	evasive,haste
hardened-scale armor	anthem
hardy veteran	
hare apparent	tokens
hargilde, kindly runechanter	mana_dork,ramp
harmattan efreet	evasive
harmonic convergence	sweeper
harmonic prodigy	
harmonious archon	tokens,evasive
harmonize	draw,cantrip
harmonized crescendo	draw,cantrip
harmonized trio	
harness infinity	removal
harnessed lightning	removal
harper recruiter	evasive
harried artisan	haste
harried dash	tokens
harried dronesmith	tokens
harried spearguard	tokens,haste
harrier griffin	evasive
harrier strix	evasive
harrow	ramp,land_fetch
harrowing journey	draw,cantrip
harsh annotation	removal,tokens
harsh justice	removal
harsh mentor	
harsh mercy	sweeper
harsh sustenance	removal,burn
haru, hidden talent	
haruspex	mana_dork,ramp
harvest mage	
harvest pyre	removal
harvest season	ramp,land_fetch
harvest wurm	
harvester druid	mana_dork,ramp
harvester of misery	evasive
harvesttide assailant	evasive
harvesttide infiltrator	evasive
harvesttide sentry	
hashaton, scarab's fist	
hasran ogress	
hatchery sliver	
hate weaver	
hateful eidolon	
hatred	combat_pump
haughty djinn	evasive
haunt of the dead marshes	
haunt the network	tokens
haunted angel	evasive
haunted cloak	equipment
haunted dead	tokens
haunted guardian	
haunted house	reanimation
haunted library	tokens
haunted plate mail	anthem,equipment
haunted screen	mana_dork,ramp
haunting apparition	evasive
haunting echoes	removal,sweeper
haunting figment	
haunting imitation	removal
haunting misery	removal
haunting voyage	sweeper
have for dinner	tokens
havengul mystery	reanimation
havengul runebinder	tokens
havenwood wurm	evasive
havi, the all-father	reanimation
havoc demon	evasive
havoc devils	evasive
havoc eater	evasive
hawkeater moth	evasive
hawkeye's bow	anthem,equipment
hawkeye's shot	removal
hawkeye, master marksman	
haytham kenway	anthem
haywire mite	
hazard of the dunes	evasive
hazardous blast	sweeper
hazardous conditions	mass_pump
haze of rage	mass_pump
hazel of the rootbloom	mana_dork,ramp
hazel's brewmaster	evasive
hazerider drake	evasive
hazezon, shaper of sand	tokens
hazmat suit (used)	anthem
hazoret the fervent	haste
hazoret, godseeker	haste
hazy homunculus	
he who hungers	evasive
he's dead, jim	removal
head games	sweeper
head of security	
head of the class	
head of the homestead	tokens
headhunter	
headless rider	tokens
headless specter	evasive
headliner scarlett	haste
headsplitter	anthem,tokens,equipment
headstone	removal
headstrong brute	evasive
healer of the glade	
healer's flock	evasive
healer's hawk	evasive
healer's headdress	anthem,equipment
healing hands	draw,cantrip
healing technique	removal
heap doll	
heart of ramos	mana_dork,ramp
heart sliver	
heart warden	mana_dork,ramp
heart's desire	tokens
heart-piercer bow	equipment
heartfire	removal,burn
heartfire hero	
heartfire immolator	
heartflame duelist	
heartflame slash	removal,burn
hearth charm	removal,mass_pump
hearth kami	
hearthborn battler	haste
hearthcage giant	tokens
heartlash cinder	haste
heartless act	removal
heartless conscription	removal,sweeper
hearts on fire	combat_pump
heartseeker	anthem,equipment
heartstabber mosquito	evasive
heartstring puller	tokens,evasive
heartwarming redemption	draw,cantrip
heartwood crafter	mana_dork,ramp
heartwood dryad	
heat ray	removal
heated argument	removal
heated debate	removal
heaven	sweeper
heavenly blademaster	evasive
heavenly qilin	evasive
heavy arbalest	equipment
heavy mattock	anthem,equipment
heavyweight demolisher	evasive
hecteyes	
hedge whisperer	
hedgewitch's mask	anthem,equipment
hedron archive	mana_dork,ramp
hedron blade	anthem,equipment
hedron crab	
hedron crawler	mana_dork,ramp
hedron fields of agadeem	tokens
hedron matrix	equipment
hedron scrabbler	
heed the mists	draw,cantrip
heedless one	evasive
hei bai, forest guardian	tokens
heidegger, shinra executive	tokens
heightened reflexes	combat_pump
heiko yamazaki, the general	evasive
heir of falkenrath	
heir of the wilds	
heir to dragonfire	
heir to the night	evasive
heirloom blade	anthem,equipment
heirs of stromkirk	evasive
helbrute	haste
helga, skittish seer	mana_dork,ramp
helicarrier strike	removal
heliod's emissary	anthem
heliod's intervention	removal
heliod, god of the sun	tokens
heliod, the warped eclipse	
helionaut	mana_dork,ramp,evasive
helitrooper	evasive
hell swarm	mass_pump
hell to pay	removal
hell's caretaker	reanimation
hell's caretaker avatar	reanimation
hell's thunder	evasive,haste
hell-bent raider	haste
hellcarver demon	evasive
hellcat, undying vigilante	haste
hellfire	removal,sweeper
hellhole rats	haste
hellion crucible	tokens
hellion eruption	tokens
hellish sideswipe	removal,draw,cantrip
hellkite charger	evasive,haste
hellkite courser	evasive
hellkite hatchling	evasive
hellkite igniter	evasive,haste
hellkite overlord	evasive,haste
hellkite punisher	evasive
hellkite tyrant	evasive
hellkite whelp	evasive
hellrider	haste
hellspark elemental	evasive,haste
hellspur brute	evasive
hellspur posse boss	tokens
helm of kaldra	tokens,equipment
helm of the ghastlord	anthem
helm of the gods	equipment
helm of the host	equipment
helpful hunter	
helping hand	reanimation
hemosymbic mite	
henchfiend of ukor	haste
henrika domnathi	evasive
henrika, infernal seer	mass_pump,evasive
herald of amity	evasive
herald of anafenza	tokens
herald of anguish	evasive
herald of dromoka	
herald of eternal dawn	evasive
herald of faith	evasive
herald of hoofbeats	evasive
herald of ilharg	evasive
herald of leshrac	evasive
herald of serra	evasive
herald of the forgotten	evasive
herald of the host	evasive
herald of the pantheon	
herald of the sun	evasive
herald of torment	anthem,evasive
herald of vengeance	evasive
herald of war	evasive
herald's reveille	draw,cantrip
heraldic banner	mana_dork,ramp,anthem
heralds of tzeentch	evasive
herbology instructor	
herd	tokens
herd baloth	tokens
herd heirloom	mana_dork,ramp
herd migration	tokens
herdchaser dragon	evasive
here comes a new hero!	draw,cantrip
herigast, erupting nullkite	evasive
heritage druid	
heritage reclamation	removal,draw,cantrip
hermes, overseer of elpis	tokens
hermit druid	
hermitic herbalist	mana_dork,ramp
hermitic nautilus	
hero of bladehold	tokens
hero of bretagard	evasive
hero of iroas	
hero of leina tower	
hero of oxid ridge	haste
hero of precinct one	tokens
hero of the dunes	anthem,reanimation
hero of the nyxborn	tokens
hero of the pride	
hero of the winds	evasive
hero's blade	anthem,equipment
hero's demise	removal
hero's downfall	removal
hero's heirloom	anthem,equipment
hero's resolve	anthem
hero's uncle	
heroes in a half shell	evasive,haste
heroes of kamigawa	sweeper,reanimation
heroes of the revel	tokens
heroic charge	mass_pump
heroic defiance	anthem
heroic reinforcements	tokens
heroic return	reanimation
heroic sacrifice	draw,cantrip
heroic teamwork	draw,cantrip,combat_pump
heron of hope	evasive
heron-blessed geist	tokens,evasive
heronblade elite	mana_dork,ramp
hew the entwood	sweeper,draw,cantrip
hex	removal
hex magic	sweeper,draw,cantrip
hex parasite	
hex, kellan's companion	haste
hexavus	evasive
hexdrinker	
hexgold halberd	tokens,equipment
hexgold hoverwings	anthem,tokens,equipment
hexgold slash	removal
hexgold sledge	anthem,tokens,equipment
hexgold slith	
hexhaven battalion	tokens
hexing squelcher	
hexplate wallbreaker	anthem,tokens,equipment
hey, has anyone seen garruk?	removal
hibernation sliver	
hidden blade	anthem,equipment
hidden dragonslayer	
hidden footblade	anthem,equipment
hidden herbalists	
hidden stockpile	tokens
hide in plain sight	draw,cantrip
hide on the ceiling	removal
hideous end	removal
hideous fleshwheeler	evasive
hideous laughter	mass_pump
hideous taskmaster	evasive,haste
hidetsugu and kairi	evasive
hidetsugu's second rite	removal
hieroglyphic illumination	draw,cantrip
hierophant's chalice	mana_dork,ramp
high and dry black market	draw,tokens
high fae negotiator	evasive
high fae prankster	evasive
high fae trickster	evasive
high marshal arguel	tokens
high priest of penance	
high sentinels of arashin	evasive
high-flying ace	evasive
high-society hunter	evasive
highborn ghoul	evasive
highland berserker	
highland game	
highly illogical	counterspell
highspire bell-ringer	evasive
highspire infusion	combat_pump
highspire mantis	evasive
highway reaver	evasive
highway robbery	draw,cantrip
hikari, twilight guardian	evasive
hildibrand manderville	anthem
hill gigas	evasive,haste
hinata, dawn-crowned	evasive
hinder	removal,counterspell
hindering light	counterspell,draw,cantrip
hindering touch	counterspell
hinterland drake	evasive
hinterland hermit	
hinterland logger	
hinterland sanctifier	
hinterland scourge	
hipparion	
hippo-cows	evasive
hire a crew	mass_pump,tokens
hired claw	
hired hexblade	
hired poisoner	
hisoka's defiance	counterspell
hisoka's guard	
historian's boon	tokens
historian's wisdom	anthem
history of benalia	tokens
hit	removal
hit-monkey	haste
hithlain knots	draw,cantrip
hive stirrings	tokens
hiveheart shaman	tokens
hoard robber	
hoard-smelter dragon	evasive
hoarder's greed	draw,cantrip
hoarding broodlord	evasive
hoarding dragon	evasive
hobbit's sting	removal
hobblefiend	evasive
hobbling zombie	tokens
hobgoblin bandit lord	anthem
hobgoblin captain	
hobgoblin dragoon	evasive
hobgoblin, mantled marauder	evasive,haste
hofri ghostforge	anthem
hogaak, arisen necropolis	evasive
hoisted hireling	evasive
hold the line	mass_pump
hold the perimeter	tokens
hollow marauder	evasive
hollow specter	evasive
hollowhenge huntmaster	
hollowhenge overlord	tokens
hollowhenge spirit	evasive
holographic double	
holy armor	mass_pump,anthem
holy avenger	equipment
holy cow	evasive
holy frazzle-cannon	equipment
holy light	mass_pump
holy mantle	anthem
holy strength	anthem
homarid spawning bed	tokens
homesickness	draw,cantrip
homicidal brute	
homicidal seclusion	anthem
homicide investigator	
homing lightning	removal
homura's essence	anthem
honden of life's web	tokens
honed khopesh	anthem,equipment
honk!	removal
honor	draw,cantrip
honor guard	
honor of the pure	anthem
honor the fallen	sweeper
honor the god-pharaoh	draw,cantrip
honor the past	reanimation
honor-worn shaku	mana_dork,ramp
honorable passage	removal
honorable scout	
honored crop-captain	
honored dreyleader	evasive
honored heirloom	mana_dork,ramp
honored hierarch	
honored hydra	evasive
honored knight-captain	tokens
hooded hydra	tokens
hoodwink	removal
hoofprints of the stag	tokens
hook swords	anthem,tokens,equipment
hook-haunt drifter	evasive
hookblade	anthem,equipment
hookblade veteran	evasive
hooting mandrills	evasive
hop to it	tokens
hope and glory	combat_pump
hope charm	removal
hope estheim	
hope of ghirapur	evasive
hope tender	
hope-ender coatl	evasive
hopeful eidolon	anthem
hopeful initiate	
hopeful vigil	tokens
horde ambusher	
horde of boggarts	evasive
horde of notions	evasive,haste
hordeling outburst	tokens
hordewing skaab	evasive
horizon chimera	evasive
horizon drake	evasive
horizon scholar	evasive
hormagaunt horde	
horn of gondor	tokens
horn of ramos	mana_dork,ramp
horn of valhalla	equipment
horncaller's chant	tokens
horned helm	anthem,equipment
horned kavu	
horned stoneseeker	evasive
hornet cannon	tokens
hornet nest	tokens
hornet queen	tokens,evasive
hornet sting	removal,burn
hornswoggle	counterspell
horobi's whisper	removal
horobi, death's wail	evasive
horribly awry	removal,counterspell
horrific assault	removal
horses of the bruinen	removal
horta	evasive
hostile minotaur	haste
hostile takeover	sweeper
hostility	haste
hot dog cart	mana_dork,ramp
hot soup	equipment
hotfoot gnome	haste
hotheaded giant	haste
hotshot mechanic	
hound of the farbogs	evasive
hound tamer	evasive
hour of defeat	removal
hour of devastation	sweeper
hour of eternity	removal
hour of glory	removal
hour of need	removal,tokens
hour of promise	ramp,land_fetch,tokens
hour of reckoning	sweeper
hour of revelation	sweeper
hour of victory	tokens
hourglass of the lost	sweeper,mana_dork,ramp
house cartographer	
house guildmage	
housemeld	removal
hover barrier	evasive
hoverguard observer	evasive
hoverguard sweepers	evasive
hovermyr	evasive
hoverstone pilgrim	evasive
how to keep an izzet mage busy	removal
how to start a riot	mass_pump
howl from beyond	combat_pump
howl of the hunt	anthem
howl of the night pack	tokens
howling banshee	evasive
howling chorus	tokens
howling fury	combat_pump
howling gale	sweeper
howling galefang	haste
howling giant	tokens
howling moon	tokens
howlpack alpha	tokens
howlpack avenger	
howlpack of estwald	
howlpack resurgence	anthem
howlsquad heavy	mana_dork,ramp,tokens
hraesvelgr of the first brood	evasive
htbr, racetrack referee	
huatli's final strike	removal,combat_pump
huatli's raptor	
huatli's snubhorn	
huatli's spurring	combat_pump
huatli, warrior poet	tokens
hubris	removal
huddle up	draw,cantrip
hugs, grisly guardian	ramp,evasive
hulk smash!	removal
hulk's thunderclap	removal
hulk, always angry	evasive
hulk, bruce banner	evasive
hulk, gamma goliath	evasive
hulk, strongest there is	evasive
hulkbuster armor	equipment
hulking bugbear	haste
hulking goblin	
hulkling, young avenger	evasive
hull breach	removal
hullcarver	
human frailty	removal
human torch, johnny storm	evasive
humble budoka	
humble defector	
humble naturalist	mana_dork,ramp
humble the brute	removal
humbling elder	
humming-	evasive
hundred-talon kami	evasive
hunger of the nim	combat_pump
hungering hydra	
hungry flames	removal
hungry for more	tokens
hungry ghoul	
hungry lynx	tokens
hungry ridgewolf	evasive
hungry spriggan	evasive
hunt for specimens	tokens
hunt the hunter	combat_pump
hunted bonebrute	tokens,evasive
hunted dragon	tokens,evasive,haste
hunted ghoul	
hunted horror	tokens,evasive
hunted lammasu	tokens,evasive
hunted nightmare	evasive
hunted phantasm	tokens
hunted troll	tokens
hunted witness	tokens
hunter sliver	
hunter's axe	anthem,equipment
hunter's blowgun	anthem,equipment
hunter's bow	equipment
hunter's edge	removal
hunter's mark	removal,combat_pump
hunting drake	evasive
hunting pack	tokens
hunting triad	tokens
hunting wilds	ramp,land_fetch
huntmaster of the fells	tokens
hurl into history	counterspell
hurl through hell	removal
hurloon battle hymn	removal
hurly-burly	sweeper
hurr jackal	
hurricane	sweeper
hush	sweeper
hushbringer	evasive
hushwing gryff	evasive
huskburster swarm	evasive
hydaelyn, the mothercrystal	
hydra assault robot	
hydra broodmaster	tokens
hydra disintegrator	anthem,tokens,equipment
hydra trainer	
hydra troopers	tokens
hydradoodle	evasive
hydraulic helper	mana_dork,ramp
hydro-channeler	mana_dork,ramp
hydro-man, fluid felon	
hydroblast	removal,counterspell
hydroid krasis	evasive
hydrolash	draw,cantrip,mass_pump
hydromorph gull	evasive
hydroponics architect	evasive
hydrosurge	combat_pump
hyena umbra	anthem
hylderblade	anthem,equipment
hymn of rebirth	reanimation
hymn of the faller	draw,cantrip
hyperion's atomic vision	removal
hyperion, supreme hero	evasive
hypersonic dragon	evasive,haste
hypnotic grifter	
hypnotic pattern	combat_pump
hypnotic siren	anthem,evasive
hypnotic specter	evasive
hypnotic sprite	evasive
hypnox	evasive
hypothesizzle	removal,draw,cantrip
hystrodon	evasive
i am iron man	draw,cantrip
i am untouchable	tokens
i call for slaughter	tokens
ian the reckless	
ib halfheart, goblin tactician	tokens
icatian crier	tokens
icatian infantry	
icatian javelineers	
icatian lieutenant	
icatian moneychanger	
icatian priest	
icatian scout	
icatian town	tokens
ice	draw,cantrip
ice cream kitty	
ice magic	removal
ice out	counterspell
ice storm	removal
ice-fang coatl	evasive
iceberg cancrix	
iceberg titan	
icecave crasher	evasive
icefall	removal
icefall regent	evasive
icefeather aven	evasive
icehide golem	
iceman and firestar	evasive
icequake	removal
icetill explorer	ramp
icewind elemental	evasive
ich-tekik, salvage splicer	tokens
ichiga, who topples oaks	evasive
ichor aberration	evasive
ichor drinker	
ichor elixir	mana_dork,ramp
ichor explosion	mass_pump
ichor slick	combat_pump
ichor synthesizer	
ichorclaw myr	
ichorid	haste
ichorplate golem	anthem
icing manipulator	
icingdeath, frost tyrant	evasive
icon of ancestry	anthem
iconic shield	anthem,equipment
icy reception	counterspell,combat_pump
ideas unbound	draw,cantrip
identify the culprit	removal
identity crisis	sweeper
idol of false gods	tokens
idol of oblivion	tokens
ifh-bíff efreet	sweeper,evasive
ifrit, warden of inferno	
igneous cur	
igneous inspiration	removal,burn
igneous pouncer	haste
ignite disorder	removal
ignite memories	removal
ignoble hierarch	mana_dork,ramp
ignorant bliss	sweeper
iguana parrot	evasive
ikiral outrider	
ikra shidiqi, the usurper	evasive
il mheg pixie	evasive
ilharg, the raze-boar	evasive
ill-gotten gains	removal
ill-tempered cyclops	evasive
ill-timed explosion	sweeper,draw,cantrip
illicit masquerade	reanimation
illuminate	removal,draw,cantrip
illuminate history	draw,cantrip,tokens
illuminating detective	
illuminating lash	removal,burn
illumination	counterspell
illuminator virtuoso	
illuminor szeras	mana_dork,ramp
illuna, apex of wishes	evasive
illusion of choice	draw,cantrip
illusion spinners	evasive
illusionary armor	anthem
illusionary forces	evasive
illusionary informant	evasive
illusionary servant	evasive
illusionary wall	evasive
illusionist's bracers	equipment
illusionist's stratagem	removal,draw,cantrip
illusory angel	evasive
illusory demon	evasive
illustrious historian	tokens
illustrious wanderglyph	anthem,tokens
illvoi galeblade	evasive
illvoi light jammer	anthem,equipment
illvoi operative	
ilysian caryatid	mana_dork,ramp
imagecrafter	
imaginary friends	tokens
imaginary pet	
imbraham, dean of theory	evasive
immersturm battlefield	anthem
immersturm predator	evasive
immersturm raider	
immerwolf	evasive
immobilizer eldrazi	
immolating glare	removal
immolating gyre	sweeper
immolating souleater	
immolation	anthem
immolation shaman	
immoral bargain	removal
immortal phoenix	evasive
immortal servitude	sweeper
immortus, master of eternity	sweeper,mana_dork,ramp
imoen, occult trickster	tokens
imoen, trickster friend	
imotekh the stormlord	tokens
impale	removal
impaler shrike	evasive
impassioned orator	
impatient iguana	haste
impeccable timing	removal
impelled giant	evasive
impending doom	anthem
impending flux	sweeper
imperial aerosaur	evasive
imperial edict	removal
imperial hellkite	evasive
imperial lancer	
imperial moth	evasive
imperial oath	tokens
imperious oligarch	tokens
imperious perfect	anthem,tokens
impetuous devils	evasive,haste
impetuous lootmonger	
impetuous sunchaser	evasive,haste
implements of sacrifice	mana_dork,ramp
implode	removal,draw,cantrip
impolite entrance	draw,cantrip
impose hierarchy	removal
imposing grandeur	draw,cantrip
imposing sovereign	
impossible inferno	removal
impossible man	evasive
impostor of the sixth pride	
impractical joke	removal
improbable alliance	tokens
improvised act	draw,cantrip
improvised armor	anthem
improvised arsenal	equipment
improvised club	removal,burn
improvised weaponry	removal,burn
improvising aerialist	
impulse	draw,cantrip
impulsive pilferer	
in garruk's wake	sweeper
in oketra's name	mass_pump
in the darkness bind them	tokens
in the pale moonlight	tokens
in the presence of ages	draw,cantrip
in the trenches	anthem
inaction injunction	draw,cantrip
incandescent aria	sweeper
incandescent soulstoke	anthem
incarnation technique	reanimation
incendiary command	removal,sweeper,draw,cantrip
incendiary flow	removal,burn
incendiary oracle	
incendiary sabotage	sweeper
inchblade companion	anthem,equipment
incinerate	removal,burn
incinerating blast	removal,draw,cantrip
incinerator of the guilty	evasive
incisor glider	evasive
incisor steed	
incite rebellion	removal
incited rabble	
incoming!	ramp,land_fetch
incongruity	removal,tokens
incorrigible youths	haste
increasing ambition	sweeper
increasing devotion	tokens
incriminating impetus	anthem
incubation	draw,cantrip
incubation druid	mana_dork,ramp
incubation sac	tokens
incubator drone	tokens
incursion specialist	
indatha crystal	mana_dork,ramp
indebted spirit	anthem,tokens
indentured djinn	evasive
independent troops	
index	draw,cantrip
indigo faerie	evasive
indoctrination attendant	tokens
indomitable archangel	evasive
indomitable creativity	removal,sweeper
indomitable might	anthem
indomitable will	anthem
indoraptor, the perfect hybrid	evasive
indrik umbra	anthem
induce despair	combat_pump
induce paranoia	counterspell
indulgent aristocrat	
indulgent tormentor	evasive
indulging patrician	evasive
inescapable blaze	removal,burn
inevitable defeat	removal
inexorable blob	tokens
infantry shield	equipment
infantry veteran	
infected vermin	sweeper
infectious bite	removal
infectious bloodlust	anthem
infectious inquiry	draw,cantrip
infectious rage	anthem
infernal contract	draw,cantrip
infernal genesis	tokens
infernal grasp	removal
infernal harvest	removal
infernal idol	mana_dork,ramp
infernal kirin	evasive
infernal offering	draw,cantrip,reanimation
infernal plunge	ramp,ritual
infernal reckoning	removal
infernal scarring	anthem
infernal sovereign	evasive
infernal spawn of evil	evasive
infernal spawn of infernal spawn of evil	evasive
infernius spawnington iii, esq.	evasive,haste
inferno	sweeper
inferno fist	anthem
inferno hellion	evasive
inferno jet	removal
inferno of the star mounts	evasive,haste
inferno project	evasive
inferno trap	removal
infest	mass_pump
infestation expert	tokens
infestation sage	tokens
infested fleshcutter	anthem,tokens,equipment
infested roothold	tokens
infested werewolf	tokens
infesting radroach	evasive
infiltration lens	equipment
infiltrator il-kor	evasive
infiltrator's magemark	anthem
infinite guideline station	tokens
infinite obliteration	removal
infinity formula	anthem,equipment
infirmary healer	
inflame	sweeper
information dealer	
informed inkwright	tokens
infuriate	combat_pump
ingenious mastery	draw,cantrip
ingenious prodigy	evasive
ingenious smith	
ingenious thief	evasive
ingris stingerquill	tokens,evasive
inherited envelope	mana_dork,ramp
inherited fiend	evasive
inhumaniac	
initiate's companion	
initiates of the ebon hand	
ink dissolver	
ink-eyes, servant of oni	reanimation
ink-eyes, servant of oni avatar	reanimation
inkfathom infiltrator	
inkfathom witch	evasive
inkling mascot	
inkling summoning	tokens
inkrise infiltrator	evasive
inkshield	tokens
inkwell leviathan	evasive
inner calm, outer strength	combat_pump
inner demon	anthem
inner fire	ramp,ritual
inner struggle	removal
inner-chamber guard	
inner-flame igniter	mass_pump
inniaz, the gale force	mass_pump,evasive
innocent bystander	
innocuous insect	evasive
innocuous rat	
innovative metatect	
inordinate rage	combat_pump
inquisition	removal
inquisitive glimmer	
inquisitive puppet	tokens
inquisitor exarch	
inquisitor greyfax	anthem
inquisitor's flail	equipment
inquisitor's snare	removal
inquisitorial rosette	tokens,equipment
insatiable appetite	combat_pump
insatiable avarice	draw,cantrip
insatiable harpy	evasive
insatiable skittermaw	evasive
inscription of insight	removal,draw,cantrip,tokens
inscription of ruin	removal,reanimation
insectile aberration	evasive
insectoid exterminator	evasive
inside out	draw,cantrip
inside source	tokens
insidious bookworms	
insidious fungus	
insidious mist	
insidious roots	tokens
insidious will	counterspell
insist	draw,cantrip
insolent neonate	evasive
inspiration	draw,cantrip
inspirational antelope	
inspired charge	mass_pump
inspired fire	removal
inspired idea	draw,cantrip
inspired insurgent	
inspired skypainter	evasive
inspired sphinx	tokens,evasive
inspired sprite	evasive
inspired ultimatum	removal,burn,draw,cantrip
inspiring call	draw,cantrip
inspiring easel	mana_dork,ramp
inspiring overseer	evasive
inspiring refrain	removal,draw,cantrip
inspiring veteran	anthem
inspirit	combat_pump
instigator	
instigator gang	combat_pump,anthem
instill infection	draw,cantrip
instruments of war	anthem
insufferable balladeer	
intangible virtue	anthem
integrity	combat_pump
intellectual offering	draw,cantrip
intelligence bobblehead	mana_dork,ramp
interceptor mechan	evasive
interceptor, shadow's hound	evasive
interdict	counterspell,draw,cantrip
interdimensional web watch	mana_dork,ramp
interface ace	
intermediate chirography	tokens
interplanar brushwagg	haste
interpret the signs	draw,cantrip
intervene	counterspell
intervention	removal,burn
intet, the dreamer	evasive
inti, seneschal of the sun	
intimidation bolt	removal
intimidation tactics	removal
intimidator initiate	
into the core	removal
into the fae court	draw,cantrip,tokens
into the fire	sweeper,draw,cantrip
into the flood maw	removal
into the maw of hell	removal
into the night	draw,cantrip
into the north	ramp,land_fetch
into the roil	removal,draw,cantrip
into the story	draw,cantrip
into the void	removal
into thin air	removal
intrepid ace	
intrepid adversary	
intrepid outlander	
intrepid paleontologist	mana_dork,ramp
intrepid provisioner	evasive
intrepid stablemaster	mana_dork,ramp
intrepid tenderfoot	
intrepid trufflesnout	
introduction to annihilation	removal,draw,cantrip
introduction to prophecy	draw,cantrip
intrude on the mind	tokens
intruder's inquisition	removal
intruding soulrager	
invasion of belenon	tokens
invasion of kaladesh	tokens
invasion of new phyrexia	tokens
invasion of segovia	tokens
invasion reinforcements	tokens
invasive maneuvers	removal
invasive surgery	removal,counterspell
inventor's apprentice	
inventor's axe	anthem,equipment
inventor's goggles	anthem,equipment
inverter of truth	evasive
invigorate	combat_pump
invisible stalker	
invisible woman	tokens
invisible woman, sue storm	tokens
invoke calamity	removal
invoke despair	draw,cantrip
invoke the ancients	tokens
invoke the divine	removal
invoke the firemind	removal,burn,draw,cantrip
iona's blessing	anthem
iona's judgment	removal
iona, shield of emeria	evasive
ionize	removal,counterspell
iraxxa, empress of mars	tokens,evasive
ire of kaminari	removal,burn
ire shaman	evasive
irencrag feat	ramp,ritual
iridescent angel	evasive
iridescent blademaster	
iridescent drake	evasive
iridescent hornbeetle	tokens
iridescent vinelasher	
iridian maelstrom	sweeper
iroas's blessing	anthem
iroh's demonstration	removal,sweeper
iroh, dragon of the west	haste
iroh, tea master	tokens
iron apprentice	
iron bully	evasive
iron fist, hero for hire	evasive
iron giant	evasive
iron hills blacksmith	
iron hills stalwart	evasive
iron lad, diverging destiny	evasive
iron lad, young avenger	evasive
iron league steed	haste
iron man armor	anthem,equipment
iron man, armored avenger	evasive
iron man, bleeding edge	evasive
iron man, futurist paragon	evasive
iron man, master of machines	evasive
iron man, modern marvel	anthem,evasive
iron man, titan of innovation	evasive,haste
iron man, tony stark	combat_pump,anthem,tokens,evasive
iron monger, sadistic tycoon	evasive
iron myr	mana_dork,ramp
iron tusk elephant	evasive
iron verdict	removal
iron will	combat_pump
iron-barb hellion	haste
iron-shield elf	
ironclaw orcs	
ironfang	
ironheart, clever champion	evasive
ironhoof boar	evasive,haste
ironpaw aspirant	
ironroot warlord	tokens
ironshell beetle	
ironwright's cleansing	removal
irradiate	combat_pump
irrefutable evidence	draw,cantrip
irregular cohort	tokens
irresistible prey	draw,cantrip
irreverent gremlin	evasive
isamaru and yoshimaru	
isamaru, hound of konda	
isareth the awakener	reanimation
ishai, ojutai dragonspeaker	evasive
ishi-ishi, akki crackshot	
ishkanah, broodmother	anthem
ishkanah, grafwidow	tokens
isildur's fateful strike	removal
isilu, carrier of twilight	evasive
isolate	removal
isperia the inscrutable	evasive
isperia's skywatch	evasive
isperia, supreme judge	evasive
it came from planet glurg	
it doesn't add up	reanimation
it of the horrid swarm	tokens
it that heralds the end	anthem
it that rides as one	evasive
it'll quench ya!	counterspell
it's clobberin' time!	removal
item shopkeep	
ithilien kingfisher	evasive
itzquinth, firstborn of gishath	haste
ivora, insatiable heir	evasive
ivory charm	mass_pump
ivory gargoyle	evasive
ivory guardians	anthem
ivy elemental	
ivy, gleeful spellthief	evasive
iwamori of the open fist	evasive
ixalli's diviner	
ixalli's keeper	
ixalli's lorekeeper	mana_dork,ramp
ixhel, scion of atraxa	evasive
ixidor's will	counterspell
ixidor, reality sculptor	anthem
iymrith, desert doom	evasive
izoni, center of the web	tokens,evasive
izoni, thousand-eyed	tokens
izzet charm	removal,counterspell,draw,cantrip
izzet chemister	haste
izzet cluestone	mana_dork,ramp
izzet guildmage	
izzet keyrune	mana_dork,ramp
izzet locket	mana_dork,ramp
izzet polarizer	
izzet signet	mana_dork,ramp
izzet staticaster	haste
jace's defeat	counterspell
jace's ingenuity	draw,cantrip
jace's mindseeker	evasive
jace's phantasm	evasive
jace's ruse	removal
jace's scrutiny	combat_pump
jace's sentinel	
jace's triumph	draw,cantrip
jace, cunning castaway	tokens
jace, reality sculptor	sweeper
jace, the living guildpact	sweeper
jace, the mind sculptor	sweeper
jace, vryn's prodigy	
jack of hearts, volatile hero	evasive,haste
jackal familiar	
jackal pup	
jackal, genius geneticist	evasive
jackdaw savior	evasive,reanimation
jacked rabbit	tokens
jackhammer	anthem,equipment
jackknight	
jacob hauken, inspector	
jacques le vert	anthem
jadar, ghoulcaller of nephalia	tokens
jaddi offshoot	
jade avenger	
jade bearer	
jade mage	tokens
jade orb of dragonkind	mana_dork,ramp
jaded analyst	
jaded response	counterspell
jadeheart attendant	
jadelight spelunker	
jagged lightning	removal
jagwasp swarm	evasive
jaheira's respite	ramp,land_fetch
jaheira, harper emissary	
jalira's show	tokens
james, wandering dad	mana_dork,ramp
jamie mccrimmon	evasive
jan jansen, chaos crafter	tokens,haste
jaraku the interloper	
jared carthalion	tokens
jasconian isle	mana_dork,ramp
jasmine boreal of the seven	mana_dork,ramp
jasmine dragon tea shop	tokens
jaspera sentinel	mana_dork,ramp
javelin of lightning	anthem,equipment
jawbone duelist	
jawbone skulkin	
jaws of stone	removal,burn
jaws, relentless predator	evasive,haste
jaya ballard, task mage	sweeper
jaya's firenado	removal
jaya's greeting	removal
jaya's immolating inferno	removal,burn
jaya's phoenix	evasive,haste
jaya, fiery negotiator	tokens
jazal goldmane	mass_pump
jecht, reluctant guardian	evasive
jedit ojanen of efrava	tokens
jedit ojanen, mercenary	tokens
jeering homunculus	
jeering instigator	
jegantha, the wellspring	mana_dork,ramp
jelenn sphinx	evasive
jeleva, nephalia's scourge	evasive
jem lightfoote, sky explorer	evasive
jenara, asura of war	evasive
jennifer walters	
jennika's technique	sweeper
jennika, bad apple big sister	tokens
jenson carthalion, druid exile	mana_dork,ramp,tokens
jeong jeong's deserters	
jermane, pride of the circus	
jerren, corrupted bishop	tokens
jeska and kamahl	haste
jeska's will	ramp,ritual
jeska, warrior adept	haste
jeskai baller	tokens
jeskai banner	mana_dork,ramp
jeskai barricade	
jeskai charm	removal
jeskai devotee	
jeskai elder	
jeskai monument	tokens
jeskai revelation	removal,burn,draw,cantrip,tokens
jeskai runemark	anthem
jeskai sage	
jeskai shrinekeeper	evasive,haste
jeskai student	
jeskai windscout	evasive
jester's mask	sweeper
jet collector	reanimation
jetfire, ingenious scientist	evasive
jetmir's fixer	
jetmir, nexus of revels	anthem
jetsam	removal
jetting glasskite	evasive
jewel thief	evasive
jeweled amulet	mana_dork,ramp
jeweled bird	sweeper
jeweled lotus	mana_dork,ramp
jeweled spirit	evasive
jhessian infiltrator	
jhessian lookout	
jhessian zombies	evasive
jhoira's familiar	evasive
jhoira's timebug	
jhoira's toolbox	
jhoira, ageless innovator	
jhovall rider	evasive
jiang yanggu	tokens
jiang yanggu, alone	evasive
jiang yanggu, never alone	tokens
jibbirik omnivore	
jiffy, vehicle repairer	
jilt	removal
jirina kudro	anthem,tokens
jirina, dauntless general	
jitte and divining top	equipment
jiwari, the earth aflame	sweeper
jocasta, automaton avenger	evasive
jodah, archmage eternal	evasive
joel, resolute survivor	evasive
johann's stopgap	removal,draw,cantrip
join forces	combat_pump
join the dance	tokens
join the dead	combat_pump
join the maestros	tokens
join the ranks	tokens
join the winning team	removal
joined researchers	
joiner adept	
joint assault	combat_pump
joint exploration	draw,cantrip
jokulhaups	sweeper
jokulmorder	evasive
jolly gerbils	
jolrael, mwonvuli recluse	tokens
joo dee, one of many	
jor kadeen, first goldwarden	evasive
jor kadeen, the prevailer	anthem
joraga invocation	mass_pump
joraga treespeaker	mana_dork,ramp
joraga warcaller	
josu vess, lich knight	tokens,evasive
journey for the elixir	ramp,land_fetch
journey of discovery	ramp,land_fetch
journey to the oracle	removal
joust	combat_pump
joust through	removal
jousting dummy	
jousting lance	anthem,equipment
joven's ferrets	
jovial evil	removal
joyful stormsculptor	tokens
jubilant skybonder	evasive
judge magister gabranth	evasive
judge of currents	
judge unworthy	removal
judge's familiar	evasive
judgment bolt	removal
judith, the scourge diva	anthem
judoon enforcers	evasive
jugan defends the temple	tokens
jugan, the rising star	evasive
juggernaut peddler	
juggletron	evasive
jukai messenger	
jukai naturalist	
jukai trainee	
jumbo imp	evasive
jund	tokens
jund battlemage	tokens
jund charm	sweeper
jund hackblade	haste
june, bounty hunter	
jungle delver	
jungle lion	
jungle patrol	tokens
jungleborn pioneer	tokens
juniper order advocate	anthem
juniper order rootweaver	
junji, the midnight sky	evasive
junk diver	evasive
junk jet	equipment
junkblade bruiser	evasive
junún efreet	evasive
juri, master of the revue	
jurin, leading the charge	haste
jushi apprentice	
just fate	removal
just the wind	removal
justice strike	removal
justice, vance astrovik	evasive
justiciar's portal	removal
juvenile gloomwidow	
juvenile mist dragon	evasive
jwar isle avenger	evasive
jwari disruption	counterspell
jwari shapeshifter	
jyoti, moag ancient	tokens
jötun grunt	
jötun owl keeper	tokens
k'un-lun warrior	
k-9, mark i	
ka-zar of the savage land	tokens
kaalia of the vast	evasive
kaalia, zenith seeker	evasive
kabira takedown	removal
kabira vindicator	anthem
kabuto moth	evasive
kadena's silencer	
kaervek's hex	sweeper
kaervek's purge	removal
kaervek's torch	removal,burn
kagemaro, first to suffer	mass_pump
kaijin of the vanishing touch	
kain, traitorous dragoon	evasive
kairi, the swirling sky	evasive
kaiso, memory of loyalty	evasive
kaito shizuki	tokens
kaito, cunning infiltrator	tokens
kaito, dancing shadow	tokens
kalain, reclusive painter	
kalastria healer	
kalastria highborn	
kaldra compleat	anthem,tokens,equipment
kaleidoscorch	removal,burn
kaleidostone	mana_dork,ramp
kalonian hydra	evasive
kalonian tusker	
kalonian twingrove	tokens
kamachal, ship's mascot	evasive
kamahl's desire	anthem
kamahl's druidic vow	draw,cantrip
kamahl's sledge	removal
kamahl's summons	tokens
kamahl, pit fighter	haste
kami of ancient law	
kami of bamboo groves	
kami of false hope	
kami of lunacy	evasive
kami of the crescent moon	
kami of the honored dead	evasive
kami of the palace fields	evasive
kami of the waning moon	evasive
kami of transience	evasive
kami of transmutation	
kami of whispered hopes	mana_dork,ramp
kami's flare	removal
kang prime	evasive
kang the conqueror	evasive
kangee's lieutenant	evasive
kangee, aerie keeper	evasive
kangee, sky warden	evasive
kappa tech-wrecker	
kapsho kitefins	evasive
karai's technique	combat_pump
karakyk guardian	evasive
karametra's acolyte	mana_dork,ramp
karametra's blessing	combat_pump
kardum, patron of flames	haste
kardur's vicious return	reanimation
karfell harbinger	mana_dork,ramp
kargan dragonlord	evasive
kargan dragonrider	evasive
kargan intimidator	
kargan warleader	anthem
kari zev, crew of two	evasive,haste
kari zev, skyship raider	tokens,evasive
karlach, raging tiefling	
karlach, tiefling berserker	haste
karlach, tiefling guardian	haste
karlach, tiefling punisher	haste
karlach, tiefling spellrager	haste
karlach, tiefling zealot	tokens,haste
karlov of the ghost council	
karlov's crossbow	equipment
karmic guide	evasive,reanimation
karn liberated	sweeper
karn's sylex	sweeper
karn's temporal sundering	removal
karn, argent defender	
karn, gilded guardian	evasive
karn, scion of urza	tokens
karolina dean, runaway	evasive
karona, false god	haste
karoo meerkat	
karplusan wolverine	
karrthus, tyrant of jund	evasive,haste
karvanista, loyal lupari	evasive,haste
kasla, the broken halo	evasive,haste
kaslem's strider	
kasmina, enigma sage	tokens
kasmina, enigmatic mentor	tokens
kassandra, eagle bearer	haste
kastral, the windcrested	evasive
kataki, war's wage	
katara's reversal	counterspell
katara, water tribe's hope	tokens
katara, waterbending master	
kate stewart	tokens
kathari bomber	tokens,evasive
kathari remnant	evasive
kathari screecher	evasive
katilda, dawnhart martyr	evasive
katilda, dawnhart prime	
katsumasa, the animator	evasive
kaust, eyes of the glade	
kav landseeker	evasive
kavaron harrier	tokens
kavaron, memorial world	tokens
kavu mauler	evasive
kavu predator	evasive
kavu runner	haste
kavu titan	
kaya's guile	sweeper,tokens
kaya's wrath	sweeper
kaya, geist hunter	sweeper,tokens
kaya, spirits' justice	tokens
kayla's command	ramp,land_fetch,tokens
kayla's reconstruction	draw,cantrip
kaysa	anthem
kaza, roil chaser	evasive,haste
kazandu blademaster	
kazandu nectarpot	
kazandu stomper	evasive
kazandu tuskcaller	tokens
kazarov, sengir pureblood	evasive
kazuul's fury	removal,burn
kazuul, tyrant of the cliffs	tokens
kederekt creeper	evasive
kederekt parasite	
kediss, emberclaw familiar	
keen duelist	
keen glidemaster	
keen-eared sentry	
keen-eyed curator	evasive
keen-eyed raven	evasive
keeneye aven	evasive
keening apparition	
keening banshee	evasive
keep out	removal
keep safe	counterspell,draw,cantrip
keep watch	draw,cantrip
keeper of kookus	
keeper of secrets	haste
keeper of the accord	tokens
keeper of the beasts	tokens
keeper of the crown	anthem
keeper of the dead	
keeper of the flame	
keeper of the lens	
keeper of the light	
keeper of the mind	
keeper of the nine gales	evasive
keeper of the secret lair	
kefka, ruler of ruin	evasive
kefnet the mindful	evasive
keiga, the tide star	evasive
keldon battlewagon	evasive
keldon champion	haste
keldon mantle	mass_pump
keldon marauders	
keldon overseer	haste
keldon strike team	tokens
keldon warcaller	
keleth, sunmane familiar	
kelinore bat	evasive
kellan's lightblades	removal
kellan, daring traveler	
kellan, inquisitive prodigy	evasive
kellan, planar trailblazer	
kellan, the kid	evasive
kellogg, dangerous mind	haste
kels, fight fixer	evasive
kelsien, the plague	haste
kelsinko ranger	
kemba's banner	tokens,equipment
kemba's outfitter	
kemba's skyguard	evasive
kemba, kha enduring	anthem,tokens
kemba, kha regent	tokens
kenessos, priest of thassa	
kenrith, the returned king	reanimation
kentaro, the smiling cat	
kenzo the hardhearted	
kess, dissident mage	evasive
kessig cagebreakers	tokens
kessig dire swine	evasive
kessig flamebreather	
kessig forgemaster	
kessig naturalist	
kessig prowler	
kessig wolfrider	tokens,evasive
kestia, the cultivator	anthem
ketramose, the new dawn	evasive
ketria crystal	mana_dork,ramp
kevin, questing dragon	evasive
key to the archive	mana_dork,ramp
khaaaaaaaaaaaannn!	removal
khalni garden	tokens
khalni gem	mana_dork,ramp
khalni hydra	evasive
kharis & the beholder	tokens,evasive
khenra charioteer	evasive
khenra eternal	
khenra scrapper	evasive
khenra spellspear	evasive
kher keep	tokens
kheru goldkeeper	evasive
kheru lich lord	reanimation
kheru mind-eater	evasive
khod, etlan shiis envoy	anthem
khorvath brightflame	evasive,haste
kianne, dean of substance	tokens
kid loki	
kiki-jiki, mirror breaker	haste
kiku's shadow	removal
kiku, night's flower	
kill shot	removal
kill! destroy!	removal
kill! maim! burn!	removal,burn
kill-suit cultist	
killer	removal
killer bees	evasive
killer cosplay	equipment
killer service	tokens
killer's mask	equipment
killian's confidence	draw,cantrip,combat_pump
killian, ink duelist	evasive
killing glare	removal
killmonger, ruthless usurper	evasive
kiln fiend	
kilnmouth dragon	evasive
kilo, apogee mind	haste
kin-tree invocation	tokens
kin-tree severance	removal
kin-tree warden	
kinbinding	tokens
kindle	removal,burn
kindle the carnage	sweeper
kindly cognician	
kindly customer	
kindred denial	counterspell
kindred dominance	sweeper
kindred judgment	sweeper
kinetic augur	evasive
kinetic ooze	
king darien xlviii	anthem,tokens
king of the oathbreakers	tokens,evasive
king of the pride	anthem
king suleiman	
kingfisher	evasive
kingpin's pet	evasive
kingpin, wilson fisk	evasive
kinjalli's caller	
kinjalli's sunwing	evasive
kinnan, bonder prodigy	
kinsbaile aspirant	
kinsbaile balloonist	evasive
kinsbaile borderguard	tokens
kinsbaile skirmisher	
kinscaer harpoonist	evasive
kinscaer sentry	
kinzu of the bleak coven	evasive
kiora bests the sea god	tokens
kiora of fire and ashes	tokens
kiora's dismissal	removal
kiora's follower	
kiora, master of the depths	tokens
kiora, the rising tide	tokens
kiora, the tide's fury	tokens
kira, great glass-spinner	evasive
kird ape	
kirin-touched orochi	
kirk, enterprising captain	evasive
kirol, history buff	
kirri, talented sprout	anthem
kirtar's wrath	sweeper,tokens
kishla skimmer	evasive
kiss of death	removal
kiss of the amesha	draw,cantrip
kitchen imp	evasive,haste
kite shield	anthem,equipment
kitesail	anthem,equipment
kitesail apprentice	evasive
kitesail cleric	evasive
kitesail corsair	evasive
kitesail freebooter	evasive
kitesail larcenist	evasive
kitesail scout	evasive
kitesail skirmisher	evasive
kithkeeper	tokens
kithkin daggerdare	
kithkin greatheart	
kithkin shielddare	
kithkin spellduster	evasive
kithkin zealot	
kitsa, otterball elite	
kitsune ace	
kitsune diviner	
kitsune loreweaver	
kitt kanto, mayhem diva	tokens
kjeldoran dead	
kjeldoran gargoyle	evasive
kjeldoran guard	
kjeldoran home guard	tokens
kjeldoran javelineer	
kjeldoran knight	
kjeldoran outpost	tokens
kjeldoran outrider	
kjeldoran pride	anthem
kjeldoran skycaptain	evasive
kjeldoran skyknight	evasive
kjeldoran war cry	mass_pump
kjeldoran warrior	
klauth's will	removal,sweeper
klauth, unrivaled ancient	evasive,haste
klement, death acolyte	tokens
klement, nature acolyte	tokens
klement, novice acolyte	
klingon strike force	evasive,haste
klothys's design	mass_pump
knacksaw clique	evasive
knickknack ouphe	
knife	anthem,equipment
knife and death	sweeper
knight errant	
knight exemplar	anthem
knight in _____ armor	
knight luminary	tokens
knight of cliffhaven	evasive
knight of dawn's light	
knight of doves	tokens
knight of dusk's shadow	evasive
knight of glory	
knight of grace	
knight of infamy	
knight of lost causes	
knight of malice	
knight of meadowgrain	
knight of new benalia	
knight of sorrows	tokens
knight of stromgald	
knight of sursi	evasive
knight of the ebon legion	
knight of the hokey pokey	
knight of the holy nimbus	
knight of the kitchen sink	
knight of the last breath	tokens
knight of the new coalition	tokens
knight of the skyward eye	
knight of the white orchid	
knight of valor	mass_pump
knight of wundagore	evasive
knight rampager	evasive
knight watch	tokens
knight's pledge	anthem
knight-captain of eos	tokens
knightfisher	tokens,evasive
knightly valor	anthem,tokens
knights' charge	sweeper
knockout blow	removal
knockout maneuver	removal
knollspine dragon	evasive
knotvine mystic	mana_dork,ramp
knotvine paladin	
knowing	draw,cantrip
knowledge seeker	
knowledge vault	sweeper
knucklebone witch	
knuckles the echidna	evasive,haste
kobold drill sergeant	anthem
kobold overlord	
kobold taskmaster	anthem
kobold warcaller	
kobolds of kher keep	
kodama of the north tree	evasive
kodama's might	combat_pump
koilos roc	evasive
kokusho, the evening star	evasive
kolaghan aspirant	
kolaghan forerunners	evasive
kolaghan monument	mana_dork,ramp
kolaghan skirmisher	
kolaghan stormsinger	haste
kolaghan warmonger	haste
kolaghan's command	removal,burn
kolaghan, the storm's fury	evasive
koll, the forgemaster	anthem
kolodin, triumph caster	
koma and toski, compleated	tokens
koma, cosmos serpent	tokens
koma, world-eater	tokens,evasive
komainu battle armor	anthem,evasive,equipment
komodo rhino	evasive
konda's banner	anthem,equipment
konda's hatamoto	
kongming, "sleeping dragon"	anthem
konstrari charm	removal,ramp,ritual
konstrari improviser	
kookus	evasive
kor aeronaut	evasive
kor blademaster	
kor bladewhirl	
kor castigator	
kor duelist	
kor firewalker	
kor halberd	anthem,equipment
kor line-slinger	
kor outfitter	
kor skyfisher	evasive
kor spiritdancer	
korlessa, scale singer	
korozda guildmage	tokens
korozda monitor	evasive
korvold, fae-cursed king	evasive
korvold, gleeful glutton	evasive,haste
kothophed, soul hoarder	evasive
koya, death from above	evasive
kozilek's channeler	mana_dork,ramp
kozilek's command	removal,draw,cantrip,tokens
kozilek's predator	tokens
kozilek's return	sweeper
kozilek's sentinel	
kozilek's unsealing	tokens
kozilek, the broken reality	anthem
kozilek, the great distortion	evasive
kraken hatchling	
krakilin	
krallenhorde howler	
krallenhorde killer	
krallenhorde wantons	
krang, utrom warlord	evasive,haste
krark, the thumbless	
krark-clan shaman	sweeper
krark-clan stoker	mana_dork,ramp
kraul harpooner	
kraul raider	evasive
kraul swarm	evasive
kraul warrior	
kraul whipcracker	
kraum, ludevic's opus	evasive,haste
kraum, violent cacophony	evasive
kraven the hunter	evasive
kraven's cats	
kree commandos	evasive
krenko's buzzcrusher	evasive
krenko's command	tokens
krenko's enforcer	evasive
krenko, baron of tin street	tokens,haste
krenko, mob boss	tokens
krenko, tin street kingpin	tokens
krile baldesion	
kris mage	
kronch wrangler	evasive
krond the dawn-clad	evasive
krosa	anthem
krosan adaptation	anthem
krosan avenger	evasive
krosan grip	removal
krosan wayfarer	
krothuss, lord of the deep	evasive
krovikan elementalist	
krovikan fetish	anthem
krovikan mist	evasive
krovikan rot	removal
krovikan scoundrel	
krovod haunch	anthem,tokens,equipment
kroxa and kunoros	evasive,reanimation
kroxa, titan of death's hunger	
kruin striker	
krumar initiate	
kruphix's insight	draw,cantrip
krydle of baldur's gate	
kudo, king among bears	
kuja, genome sorcerer	tokens
kujar seedsculptor	
kuldotha cackler	evasive
kuldotha phoenix	evasive,haste
kuldotha rebirth	tokens
kulrath knight	evasive
kumena's speaker	
kunoros, hound of athreos	evasive
kura, the boundless sky	evasive
kurbis, harvest celebrant	
kuro's taken	
kuroki, thief of talents	evasive
kusari-gama	equipment
kwain, itinerant meddler	
kwia vigorbloom	evasive
kydele, chosen of kruphix	mana_dork,ramp
kykar, wind's fury	tokens,evasive
kykar, zephyr awakener	evasive
kylox, visionary inventor	evasive,haste
kyodai, soul of kamigawa	evasive
kyoshi battle fan	anthem,tokens,equipment
kyoshi warrior guard	
kyoshi warriors	tokens
kyren archive	sweeper
kyren flamewright	tokens
kyren glider	evasive
kyren legate	haste
kyscu drake	evasive
kytheon's tactics	mass_pump
kytheon, hero of akros	
kíli the resourceful	
la forge, perceptive engineer	mana_dork,ramp
lab rats	tokens
labyrinth adversary	evasive
labyrinth guardian	
labyrinth raptor	mass_pump,evasive
laccolith whelp	
lace with moonglove	draw,cantrip
lacerate flesh	removal
ladies' knight	evasive
lady octopus, inspired inventor	
lady of laughter	evasive
lady spider, maybelle reilly	
lady zhurong, warrior queen	evasive
lae'zel's acrobatics	sweeper
lae'zel, callous warrior	reanimation
lae'zel, wrathful warrior	tokens
laelia, the blade reforged	haste
lagomos, hand of hatred	tokens
lagonna-band trailblazer	
lagorin, soul of alacria	evasive
lair delve	sweeper
lair of the ashen idol	tokens
lake-town lookout	tokens
lakeshore apothecary	
lambholt butcher	
lambholt harrier	
lambholt pacifist	
lambholt ravager	
lammastide weave	draw,cantrip
lampad of death's vigil	
lamplight phoenix	evasive
lancers en-kor	evasive
land aid '04	ramp,land_fetch
land grant	ramp,land_fetch
lander rizzi	
landfill	sweeper
landlore navigator	
landroval, horizon witness	evasive
landscape painter	
landslide	removal
languish	mass_pump
lantern bearer	evasive
lantern flare	removal
lantern kami	evasive
lantern of revealing	mana_dork,ramp
lantern of the lost	sweeper
lantern spirit	evasive
lanterns' lift	anthem
lapis orb of dragonkind	mana_dork,ramp
lapse of certainty	counterspell
laquatus's creativity	draw,cantrip
laquatus's disdain	counterspell,draw,cantrip
larder zombie	
large bear	evasive,haste
largepox	removal
laser screwdriver	mana_dork,ramp
lash of malice	combat_pump
lash of the balrog	removal
lash of the tyrant	anthem,equipment
lash of the whip	combat_pump
lash out	removal
lashwrithe	tokens,equipment
lassoed by the law	tokens
last breath	removal
last caress	draw,cantrip
last gasp	combat_pump
last kiss	removal
last march of the ents	draw,cantrip
last one standing	removal
last stand	removal,draw,cantrip,tokens
last thoughts	draw,cantrip
last voyage of the _____	anthem,reanimation
last word	counterspell
last-ditch effort	removal,burn
lasting fayth	tokens
latchkey faerie	evasive
late to dinner	reanimation
lathliss, dragon queen	tokens,evasive
lathnu hellion	haste
lathril, blade of the elves	tokens,evasive
lattice library	tokens
laughing hyena	
laughing mad	draw,cantrip
launch mishap	counterspell,tokens
launch party	removal
lava axe	removal
lava blister	removal
lava burst	removal,burn
lava coil	removal
lava dart	removal,burn
lava flow	removal
lava hounds	haste
lava runner	haste
lava serpent	haste
lava spike	removal
lava, axe	removal
lava-field overlord	evasive
lavaball trap	removal,sweeper
lavabrink floodgates	mana_dork,ramp
lavafume invoker	mass_pump
lavalanche	removal
lavaspur boots	anthem,equipment
lavastep raider	
lavinia, azorius renegade	
lavinia, foil to conspiracy	mana_dork,ramp
law-rune enforcer	
lay bare	counterspell
lay down arms	removal
lay of the land	ramp,land_fetch
lay waste	removal
lazav, the multifarious	
lazav, wearer of faces	
lazier goblin	
lazotep chancellor	
lazotep convert	
lazotep reaver	
lead pipe	anthem,equipment
lead the stampede	draw,cantrip
lead-belly chimera	evasive
leaden fists	anthem
leaden myr	mana_dork,ramp
leadership vacuum	sweeper,draw,cantrip
leaf arrow	removal
leaf gilder	mana_dork,ramp
leaf-crowned visionary	anthem
leaf-leap guide	
leafcrown dryad	anthem
leafkin avenger	mana_dork,ramp
leafkin druid	mana_dork,ramp
league guildmage	
leap	draw,cantrip
leapfrog	evasive
leaping master	
learn from the past	sweeper,draw,cantrip
learned learner	
leather armor	anthem,equipment
leatherhead, iron gator	evasive,haste
leatherhead, swamp stalker	evasive
leave	removal
leave in the dust	removal,draw,cantrip
leave no trace	removal,sweeper
lecturing scornmage	
ledev champion	tokens
ledger shredder	evasive
leech collector	
leech fanatic	
leech gauntlet	equipment
leeches	removal
leeching bite	combat_pump
leeching licid	
leeching lurker	
leeching sliver	
leering emblem	equipment
leering gargoyle	evasive
leering onlooker	tokens,evasive
legion angel	evasive
legion extruder	tokens
legion guildmage	
legion lieutenant	anthem
legion loyalist	haste
legion reconsecrator	reanimation
legion vanguard	
legion warboss	tokens
legion's end	removal,sweeper
legion's initiative	sweeper,anthem
legion's judgment	removal
legion's landing	tokens
legions to ashes	removal
lena, selfless champion	tokens
lend a ham	removal
lens flare	removal
leonardo's technique	reanimation
leonardo, cutting edge	
leonardo, leader in blue	
leonin arbiter	
leonin bladetrap	sweeper
leonin bola	equipment
leonin den-guard	
leonin elder	
leonin lightscribe	
leonin of the lost pride	
leonin relic-warder	
leonin sanctifier	
leonin scimitar	anthem,equipment
leonin shikari	
leonin skyhunter	evasive
leonin snarecaster	
leonin squire	
leonin sun standard	mass_pump
leonin surveyor	
leonin vanguard	
leonin warleader	tokens
leopard-spotted jiao	
leori, sparktouched hunter	evasive
lesser masticore	
lessons from life	draw,cantrip
let the galaxy burn	sweeper
lethal exploit	combat_pump
lethal protection	removal
lethal scheme	removal
lethal sting	removal
lethal throwdown	removal,draw,cantrip
lethargy trap	mass_pump
letter of acceptance	mana_dork,ramp
leviathan	evasive
leyline axe	anthem,equipment
leyline invocation	tokens
leyline of hope	anthem
leyline of the meek	anthem
leyline of vitality	anthem
leyline prowler	mana_dork,ramp
leyline tyrant	evasive
li'l giri saves the day	tokens
liara of the flaming fist	
liberate	removal
liberate [ff7c12dd-1a1a-417a-b08a-d1346430858e]	removal
liberated dwarf	
liberated livestock	tokens
liberating combustion	removal
liberator, urza's battlethopter	evasive
liberty prime, recharged	evasive,haste
lich lord of unx	tokens
lich's caress	removal
lich's relic	anthem,equipment
lictor	tokens
lie in wait	removal
liege of the hollows	tokens
liege of the pit	evasive
liege of the tangle	evasive
liesa, forgotten archangel	evasive
liesa, shroud of dusk	evasive
lieutenant kirtar	evasive
lieutenants of the guard	tokens
life at stake	removal
life cloud	draw,cantrip,reanimation
life of the party	evasive,haste
life's finale	removal,sweeper
life's legacy	draw,cantrip
lifebane zombie	evasive
lifeblood hydra	evasive
lifecraft cavalry	evasive
lifecraft engine	anthem
lifecreed duo	evasive
lifesmith	
lifespring druid	mana_dork,ramp
lifestream's blessing	draw,cantrip
light 'em up	removal
light of hope	removal
light of judgment	removal
light of the legion	evasive
light the way	removal
light up the night	removal,burn
light-paws, emperor's voice	
lightfoot rogue	
lighthouse chronologist	
lightkeeper of emeria	evasive
lightless evangel	
lightning angel	evasive,haste
lightning axe	removal
lightning berserker	
lightning blast	removal,burn
lightning bolt	removal,burn
lightning bolt [5963eef1-1022-42b1-8a0c-fc9850bfc2a3]	removal,burn
lightning coils	tokens
lightning dart	removal
lightning diadem	anthem
lightning dragon	evasive
lightning elemental	haste
lightning greaves	equipment
lightning helix	removal,burn
lightning javelin	removal,burn
lightning mare	
lightning mauler	
lightning phoenix	evasive,haste
lightning reaver	evasive,haste
lightning reflexes	anthem
lightning runner	haste
lightning serpent	evasive,haste
lightning shrieker	evasive,haste
lightning skelemental	evasive,haste
lightning spear	anthem,equipment
lightning storm	removal,burn
lightning stormkin	evasive,haste
lightning strike	removal,burn
lightning surge	removal,burn
lightning talons	anthem
lightning visionary	
lightning, army of one	evasive
lightning, security sergeant	evasive
lightning-core excavator	
lightshield parry	combat_pump
lightstall inquisitor	
lightwalker	evasive
likeness looter	evasive
likeness of the seeker	
lila, hospitality hostess	anthem
liliana the faultless	
liliana the repentant	reanimation
liliana vess	sweeper
liliana's defeat	removal
liliana's devotee	anthem,tokens
liliana's mastery	anthem,tokens
liliana's reaver	tokens
liliana's scorn	removal
liliana's specter	evasive
liliana's spoils	draw,cantrip
liliana's steward	
liliana, death wielder	sweeper
liliana, death's majesty	sweeper,tokens,reanimation
liliana, defiant necromancer	reanimation
liliana, dreadhorde general	tokens
liliana, heretical healer	tokens
liliana, the necromancer	reanimation
lim-dûl's paladin	evasive
lim-dûl's vault	draw,cantrip
lineprancers	
lingering souls	tokens
lingering tormentor	evasive
linvala, keeper of silence	evasive
linvala, shield of sea gate	evasive
linvala, the preserver	tokens,evasive
lion heart	anthem,equipment
lion sash	equipment
lion umbra	anthem
lion vulture	evasive
lionheart maverick	
liquid fire	removal
liquify	removal,counterspell
liquimetal torque	mana_dork,ramp
lita, little orphan amphibian	
literal delver of secrets	evasive
lithobraking	sweeper
lithomancer's focus	combat_pump
lithomantic barrage	removal
littjara	tokens
little girl	
liturgy of blood	removal,ramp,ritual
liu bei, lord of shu	evasive
live fast	draw,cantrip
live or die	removal,reanimation
lively dirge	removal,reanimation
livewire lash	anthem,equipment
living airship	evasive
living breakthrough	evasive
living conundrum	evasive
living death	sweeper
living end	sweeper
living history	tokens
living hive	tokens,evasive
living laser	haste
living lectern	
living library	
living lies of loki	
living lightning, charged up	evasive,haste
living tempest	evasive
living tsunami	evasive
living wish	removal
livio, oathsworn sentinel	sweeper
lizard blades	equipment
lizard, connors's curse	evasive
llanowar augur	
llanowar dead	mana_dork,ramp
llanowar druid	
llanowar elite	evasive
llanowar elves	mana_dork,ramp
llanowar greenwidow	evasive
llanowar knight	
llanowar loamspeaker	mana_dork,ramp
llanowar mentor	tokens
llanowar scout	
llanowar stalker	
llanowar tribe	mana_dork,ramp
llanowar visionary	mana_dork,ramp
lluwen, imperfect naturalist	tokens
loam dryad	mana_dork,ramp
loam dweller	
loam larva	
loam lion	
loathing	draw,cantrip
loathsome curator	evasive
lobe lobber	equipment
lobelia sackville-baggins	evasive
lobotomy	removal
localized destruction	sweeper
loch dragon	evasive
loch mare	
lock and load	draw,cantrip
lockjaw, slobbering teleporter	
locthwain gargoyle	
locthwain lancer	evasive
locthwain paladin	evasive
locthwain scorn	combat_pump
locus cobra	
locust spray	combat_pump
locust swarm	evasive
lodestone myr	evasive
lofty denial	counterspell
lofty dreams	anthem
logic knot	counterspell
lokhust heavy destroyer	evasive
loki laufeyson	
loki's scepter	mana_dork,ramp
loki, god of mischief	
lolth, spider queen	tokens
lona, tracker of the known	
lone missionary	
lone rider	
lone wolf of the natterknolls	
lonely end	combat_pump
long goodbye	removal
long lake nuisance	tokens,evasive
long rest	removal
long river's pull	counterspell
long road home	removal
long-finned skywhale	evasive
long-forgotten gohei	anthem
long-lost lances	anthem,equipment
longbow archer	
longtusk cub	
longtusk stalker	
lonis, cryptozoologist	sweeper
look skyward and despair	tokens
lookout's dispersal	counterspell
looming hoverguard	evasive
loot dispute	tokens
loot, exuberant explorer	ramp
loot, the nexus	mana_dork,ramp
loot, the pathfinder	mana_dork,ramp,haste
looter il-kor	evasive
lorcan, warlock collector	evasive
lord dregg, insect invader	tokens,evasive
lord jyscal guado	evasive
lord of atlanta	
lord of atlantis	
lord of change	evasive
lord of lineage	anthem,tokens,evasive
lord of the accursed	anthem
lord of the forsaken	evasive
lord of the nazgûl	tokens,evasive
lord of the pit	evasive
lord of the ulvenwald	anthem
lord of the undead	anthem
lord of the unreal	anthem
lord of the void	evasive
lord skitter, sewer king	tokens
lord windgrace	tokens
lore broker	
lore seeker	
lorehold apprentice	
lorehold charm	reanimation
lorehold command	removal,burn,draw,cantrip,tokens
lorehold excavation	tokens
lorehold, the historian	evasive,haste
lose focus	counterspell
lose hope	combat_pump
lossarnach captain	tokens
lost in a labyrinth	combat_pump
lost in memories	anthem
lost in the mist	removal,counterspell
lost in the spirit world	removal,tokens
lost jitte	equipment
lost legacy	removal,draw,cantrip
lost leonin	
lothlórien blade	equipment
lothlórien lookout	
lotho, corrupt shirriff	
lotleth troll	evasive
lotus bloom	mana_dork,ramp
lotus blossom	mana_dork,ramp
lotus cobra	
lotus guardian	mana_dork,ramp,evasive
lotus path djinn	evasive
lotus petal	mana_dork,ramp
lotus ring	anthem,equipment
lotusguard disciple	evasive
louisoix's sacrifice	counterspell
love song of night and day	tokens
lovisa coldeyes	anthem
loxodon peacekeeper	
loxodon warhammer	anthem,equipment
loyal apprentice	tokens,haste
loyal cathar	
loyal drake	evasive
loyal fire sage	tokens
loyal gryff	evasive
loyal guardian	evasive
loyal gyrfalcon	evasive
loyal pegasus	evasive
loyal retainers	reanimation
loyal sentry	
loyal subordinate	evasive
loyal warhound	
lozhan, dragons' legacy	evasive
lu bu, master-at-arms	evasive,haste
lu meng, wu general	evasive
lu xun, scholar general	evasive
lucent liminid	evasive
lucid dreams	draw,cantrip
lucius the eternal	haste
luck bobblehead	mana_dork,ramp
lucky offering	removal
lucky the pizza dog	
ludevic's abomination	evasive
ludevic's test subject	
ludevic, necrogenius	
lukamina, bear form	anthem,evasive
lukamina, hawk form	evasive
lukamina, wolf form	tokens,evasive
luke cage, hero for hire	evasive
lukka, bound to ruin	tokens
lukka, wayward bonder	reanimation
lullmage mentor	tokens
lullmage's familiar	mana_dork,ramp
lulu, curious hollyphant	evasive
lulu, forgetful hollyphant	evasive
lulu, helpful hollyphant	evasive
lulu, inspiring hollyphant	tokens,evasive
lulu, loyal hollyphant	evasive
lulu, vengeful hollyphant	evasive
lulu, wild hollyphant	evasive
lumaret's favor	combat_pump
lumbering lightshield	
lumbering megasloth	evasive
lumen-class frigate	anthem
lumengrid drake	evasive
lumengrid gargoyle	evasive
lumengrid sentinel	evasive
lumengrid warden	
luminarch ascension	tokens
luminarch aspirant	
luminous angel	tokens,evasive
luminous broodmoth	evasive
luminous phantom	evasive
luminous rebuke	removal
lumithread field	anthem
lunar convocation	tokens
lunar hatchling	evasive
lunar insight	draw,cantrip
lunar rejection	removal,draw,cantrip
lunarch inquisitors	
lunarch mantle	anthem
lunarch veteran	
lunge	removal
lupine harbingers	evasive,haste
lupine prototype	
lurking green dragon	evasive
lurking informant	
lurking lizards	evasive
lurking nightstalker	
luxior and shadowspear	anthem,equipment
luxior, giada's gift	equipment
luxior, ignited	equipment
luxurious libation	combat_pump,tokens
lychguard	sweeper
lyev skyknight	evasive
lyna, veil of vengeance	evasive
lynx	
lyra dawnbringer	anthem,evasive
lyra, archangel of dawn	evasive
lyra, tolarian archangel	tokens,evasive
lys alana dignitary	mana_dork,ramp
lys alana huntmaster	tokens
lys alana informant	
lórien revealed	draw,cantrip
m.o.d.o.k.	evasive
m.o.d.o.k., evil intellect	evasive
ma chao, western warrior	evasive
maalfeld twins	tokens
mabel's mettle	combat_pump
mabel, bitter recluse	
mabel, heir to cragflame	anthem
macabre mockery	reanimation
maccready, lamplight mayor	
mace of disruption	anthem,equipment
mace of the valiant	equipment
macetail hystrodon	haste
mach-1, swooping scoundrel	evasive
machinate	draw,cantrip
machine god's effigy	mana_dork,ramp
machine over matter	removal
machinesmith automaton	evasive
machinist's arsenal	tokens,equipment
machinist's dismissal	counterspell
mad auntie	anthem
mad dog	
mad prophet	haste
mad ratter	tokens
mad science fair project	mana_dork,ramp
madame hydra	tokens
madame hydra, reanimated	evasive
madame masque	tokens
madcap skills	anthem
maddening imp	evasive
maelstrom archangel	evasive
maelstrom artisan	haste
maelstrom djinn	evasive
maelstrom muse	evasive
maelstrom pulse	removal,sweeper
maestros charm	removal,draw,cantrip
maestros confluence	combat_pump
maestros diabolist	haste
magda, brazen outlaw	anthem
magda, the hoardmaster	tokens
mage duel	combat_pump
mage hunters' onslaught	removal
mage siege	tokens
mage slayer	equipment
mage tower referee	
mage's attendant	tokens
mage-ring bully	
magebane armor	anthem,equipment
magebane lizard	
magefire wings	anthem
mages' contest	counterspell
mageta the lion	sweeper
mageta's boon	anthem
maggot carrier	
maggot therapy	anthem
magic designer	
magic missile	removal,burn
magical hacker	
magicconsecrated sphinx	evasive
magister of worth	evasive
magister sphinx	evasive
magitek armor	tokens
magitek infantry	
magitek scythe	anthem,equipment
magma burst	removal,burn
magma hellion	evasive,haste
magma jet	removal,burn
magma opus	removal,burn,draw,cantrip,tokens
magma phoenix	evasive
magma pummeler	
magma rift	removal
magma spray	removal
magma vein	sweeper
magmablood archaic	evasive
magmaquake	sweeper
magmatic channeler	
magmatic hellkite	evasive
magmatic insight	draw,cantrip
magmatic scorchwing	evasive
magmatic sinkhole	removal
magmatic sprinter	haste
magnificent end	removal
magnify	mass_pump
magnifying glass	mana_dork,ramp
magnivore	haste
magnus the red	tokens,evasive
magus lucea kane	mana_dork,ramp
magus of the balance	
magus of the bazaar	
magus of the bridge	tokens
magus of the candelabra	
magus of the chains	
magus of the coffers	mana_dork,ramp
magus of the disk	sweeper
magus of the jar	sweeper
magus of the library	mana_dork,ramp
magus of the scroll	
magus of the unseen	
magus of the vineyard	
maha, its feathers night	evasive
mahamoti djinn	evasive
mai, jaded edge	
mai, scornful striker	
main event horizon	sweeper
maja, bretagard protector	anthem,tokens
majestic genesis	draw,cantrip
majestic heliopterus	evasive
majestic metamorphosis	draw,cantrip
major teroh	sweeper,evasive
make disappear	counterspell
make mischief	removal,burn,tokens
make your mark	combat_pump
make your move	removal
make your own luck	removal,sweeper,draw,cantrip
makeshift mannequin	reanimation
makindi aeronaut	evasive
makindi griffin	evasive
makindi sliderunner	evasive
makindi stampede	mass_pump
malach of the dawn	evasive
malady invoker	
malakir blood-priest	
malakir bloodwitch	evasive
malakir cullblade	
malakir familiar	evasive
malamet brawler	
malamet scythe	anthem,equipment
malamet veteran	evasive
malanthrope	evasive
malcator's watcher	evasive
malcator, purity overseer	tokens
malcolm, alluring scoundrel	evasive
malcolm, keen-eyed navigator	evasive
malcolm, the eyes	evasive,haste
malefic scythe	equipment
malevolent chandelier	evasive
malevolent hermit	
malevolent noble	
malevolent rumble	draw,cantrip,tokens
malevolent witchkite	evasive
malfegor	evasive
malice	removal
malicious affliction	removal
malicious eclipse	mass_pump
malicious invader	evasive
malicious malfunction	mass_pump
malleable impostor	evasive
mammoth bellow	tokens
mammoth growth	combat_pump
mammoth umbra	anthem
mana crypt	mana_dork,ramp
mana cylix	mana_dork,ramp
mana drain	counterspell
mana geode	mana_dork,ramp
mana geyser	ramp,ritual
mana leak	counterspell
mana prism	mana_dork,ramp
mana sculpt	counterspell
mana seism	ramp,ritual
mana severance	removal
mana skimmer	evasive
mana tithe	counterspell
mana vault	mana_dork,ramp
mana-charged dragon	evasive
manacles of decay	mass_pump
manaforce mace	equipment
manaforge cinder	
manaform hellkite	tokens,evasive
managorger hydra	evasive
managorger phoenix	evasive
manakin	mana_dork,ramp
manakin and millikin	mana_dork,ramp
manalith	mana_dork,ramp
manamorphose	draw,cantrip,ramp,ritual
manaweft sliver	
mandate of abaddon	sweeper
mandible justiciar	
mandibular kite	anthem,tokens,equipment
mandroid squadron	
maned serval	
mangled soulrager	evasive
manhole missile	removal,draw,cantrip
maniacal rage	anthem
manic scribe	
manifestation sage	tokens
manifold mouse	
manipulate fate	removal,draw,cantrip
manor skeleton	haste
manriki-gusari	anthem,equipment
manta riders	
manticore	evasive
mantis rider	evasive,haste
mantle of the wolf	anthem,tokens
mantle of tides	anthem,equipment
mantle of webs	anthem
many partings	ramp,land_fetch
map the frontier	ramp,land_fetch
map the wastes	ramp,land_fetch
maraleaf pixie	mana_dork,ramp,evasive
maraleaf rider	
maralen, fae ascendant	evasive
marang river regent	evasive
marang river regent [099b8d2c-b482-48dd-b6bc-dedf546d66c5]	evasive
marang river skeleton	
marauder's axe	anthem,equipment
marauding mako	
marauding raptor	
marauding sphinx	evasive
maraxus	anthem
marble diamond	mana_dork,ramp
marble gargoyle	evasive
march from the tomb	reanimation
march of otherworldly light	removal
march of souls	sweeper,tokens
march of the canonized	tokens
march of the multitudes	tokens
march of the world ooze	tokens
march of wretched sorrow	removal
marchesa's smuggler	
marchesa's surprise party	draw
marchesa, resolute monarch	evasive
marching duodrone	
marcus, mutant mayor	evasive
mardu ascendancy	mass_pump,tokens
mardu banner	mana_dork,ramp
mardu charm	removal,tokens
mardu devotee	
mardu hateblade	
mardu hordechief	tokens
mardu monument	tokens
mardu runemark	anthem
mardu scout	
mardu shadowspear	
mardu siegebreaker	haste
mardu skullhunter	
mardu strike leader	tokens
mardu thunderkite	tokens,evasive
mardu woe-reaper	
margle, cousin of yargle	anthem
marionette apprentice	
marit lage's slumber	tokens
maritime guard	
mark of the vampire	anthem
mark ritual	ramp,ritual
marked by honor	anthem
market gnome	
marketback walker	
marketwatch phantom	
markov baron	anthem
markov crusader	haste
markov dreadknight	evasive
markov retribution	removal,mass_pump
markov waltzer	evasive,haste
markov warlord	haste
markov's servant	
marneus calgar	tokens
marrow bats	evasive
marrow shards	sweeper
marrow-gnawer	tokens
marsh boa	
marsh casualties	combat_pump,mass_pump
marsh flitter	tokens,evasive
marsh gas	mass_pump
marsh goblins	
marsh threader	
marshal of zhalfir	anthem
marshal's anthem	anthem,reanimation
marshland bloodcaster	evasive
marshland hordemaster	
martial coup	sweeper,tokens
martial glory	combat_pump
martial impetus	anthem
martyr for the cause	
martyr of ashes	sweeper
martyr of bones	
martyr of dusk	tokens
martyr of frost	
martyr of sands	
martyr of spores	
martyr's cry	sweeper,draw,cantrip
martyred rusalka	
marut	evasive
marvel boy, noh-varr	
marvelous melee	removal
marvin, murderous mimic	
marwyn, the clearcutter	
marwyn, the nurturer	mana_dork,ramp
marwyn, the preserver	
mary jane watson	
mary read and anne bonny	haste
mascot exhibition	tokens
mask of avacyn	anthem,equipment
mask of griselbrand	equipment
mask of immolation	tokens,equipment
mask of memory	equipment
mask of riddles	equipment
mask of the jadecrafter	tokens
mask of the schemer	equipment
masked bandits	evasive
masked blackguard	
masked meower	haste
masked vandal	
maskwood nexus	tokens
mass appeal	draw,cantrip
mass calcify	sweeper
mass of mysteries	evasive
mass polymorph	sweeper
mass production	tokens
massacre	mass_pump
massacre girl	evasive
massacre girl, known killer	evasive
massive raid	removal,burn
master decoy	
master of barbs	evasive
master of dark rites	mana_dork,ramp
master of etherium	anthem
master of pearls	
master of predicaments	evasive
master of the feast	evasive
master of the hunt	tokens
master of the pearl trident	anthem
master of the wild hunt	tokens
master of waves	anthem,tokens
master of winds	evasive
master pakku	
master splicer	anthem,tokens
master the way	removal,burn,draw,cantrip
master trinketeer	anthem,tokens
master's call	tokens
master's councillors	
master's guide-mural	tokens
master's manufactory	tokens
master's rebuke	removal
mastercraft raptor	
masterful ninja	haste
masterful replication	tokens
masterwork of ingenuity	equipment
match the odds	tokens
mathas, fiend seeker	evasive
mathemagics	draw,cantrip
matsu-tribe sniper	
matt murdock, justice seeker	
mauhúr, uruk-hai captain	evasive
maul of the skyclaves	anthem,equipment
maul splicer	tokens
maulfist revolutionary	evasive
maulfist squad	evasive
mausoleum guard	tokens
mausoleum harpy	evasive
mausoleum wanderer	evasive
maverick thopterist	tokens
mavinda, students' advocate	evasive
mavren fein, dusk apostle	tokens
maw of the mire	removal
maw of the obzedat	mass_pump
mawcor	evasive
mawloc	
maximus, knight apparent	evasive
may of the machine	removal
mayhem patrol	evasive
mayor of avabruck	anthem
maze behemoth	evasive
maze glider	evasive
maze rusher	haste
maze's mantle	anthem
mazirek, kraul death priest	evasive
meanders guide	reanimation
mechan assembler	tokens
mechan navigator	
mechan shieldmate	
mechanical glider	equipment
mechanized ninja cavalry	tokens
mechtitan core	tokens
meddling mage	
meddling youths	haste
medic's kitesail	anthem,equipment
medicine runner	
meditate	draw,cantrip
medomai the ageless	evasive
meet and greet "sisay"	
meeting of minds	draw,cantrip
meeting of the five	ramp,ritual
mega flare	sweeper,tokens
megaflora jungle	anthem,tokens
megantic sliver	anthem
megatherium	evasive
megaton's fate	removal,sweeper
meglonoth	evasive
mek'leth berserker	evasive
melancholic poet	
melded moxite	tokens
melesse spirit	evasive
meletis astronomer	
melira, sylvok outcast	
melira, the living cure	
meloku the clouded mirror	tokens,evasive
melt terrain	removal
melt through	removal,burn
meltdown	sweeper
meltstrider's gear	anthem,equipment
meltstrider's resolve	anthem
memnarch, the warden	tokens
memnarchitect	
memnite	
memorial team leader	anthem
memorial to glory	tokens
memoricide	removal
memories returning	sweeper,draw,cantrip
memory bank	draw,cantrip
memory deluge	draw,cantrip
memory drain	counterspell
memory guardian	evasive
memory jar	sweeper
memory lapse	counterspell
memory leak	removal
memory of toshiro	mana_dork,ramp
memory test	tokens
memory theft	removal
memory vampire	evasive
memory worm	
menacing ogre	evasive,haste
menagerie curator	mana_dork,ramp
menagerie liberator	evasive
mendicant core, guidelight	
meneldor, swift savior	evasive
meng huo, barbarian king	anthem
mental journey	draw,cantrip
mental misstep	counterspell
mental modulation	draw,cantrip
mental note	draw,cantrip
mentor of evos isle	evasive
mentor's guidance	draw,cantrip
mephidross slime	evasive
mephidross vampire	evasive
mephitic vapors	mass_pump
mercadia's downfall	mass_pump
merchant of many hats	
merchant of truth	evasive
merchant of venom	evasive
merchant ship	
merchant's dockhand	
merciless enforcers	
merciless eviction	sweeper
merciless predator	
merciless repurposing	removal
merciless resolve	draw,cantrip
mercurial geists	evasive
mercurial kite	evasive
mercurial spelldancer	
mercy killing	tokens
merfolk assassin	
merfolk branchwalker	
merfolk falconer	evasive
merfolk looter	
merfolk mesmerist	
merfolk mistbinder	anthem
merfolk observer	
merfolk of the pearl trident	
merfolk pupil	
merfolk raiders	
merfolk secretkeeper	
merfolk skydiver	evasive
merfolk skyscout	evasive
merfolk sovereign	anthem
merfolk spy	
merfolk traders	
merfolk trickster	
merfolk tunnel-guide	
merfolk wayfinder	evasive
merfolk windrobber	evasive
meriadoc brandybuck	
merrow bonegnawer	
merrow reejerey	anthem
merrow skyswimmer	tokens,evasive
merrow witsniper	
merry, esquire of rohan	haste
merry, warden of isengard	tokens
mesa cavalier	evasive
mesa chicken	
mesa falcon	evasive
mesa lynx	
mesa pegasus	evasive
mesa unicorn	
mesmeric fiend	
mesmeric glare	counterspell
mesmerizing benthid	tokens
messenger drake	evasive
messenger falcons	evasive
messenger hawk	evasive
messenger jays	evasive
metagamer	
metallic mimic	
metallic rebuke	counterspell
metallic sliver	
metallurgeon	
metallurgic summonings	sweeper,tokens
metalworker	mana_dork,ramp
metamorphic blast	draw,cantrip
metamorphosis	ramp,ritual
metamorphosis fanatic	reanimation
metastatic evangel	
metathran aerostat	evasive
metathran soldier	
metathran transport	evasive
metathran zombie	
meteor blast	removal,burn
meteor shower	removal,burn
meteor swarm	removal
meteor sword	anthem,equipment
meteoric mace	anthem,equipment
meteorite	mana_dork,ramp
methods of the mighty	removal
metrognome	tokens
metropolis angel	evasive
metropolis reformer	evasive
metropolis sprite	evasive
miara, thorn of the glade	
miasma demon	evasive
miasmic mummy	
michelangelo's technique	draw,cantrip
michelangelo, on the scene	evasive
michelangelo, the heart	evasive
michelangelo, weirdness to 11	
midnight angel armor	anthem,tokens,equipment
midnight assassin	evasive
midnight charm	removal
midnight clock	mana_dork,ramp
midnight duelist	
midnight entourage	anthem
midnight haunting	tokens
midnight mayhem	tokens
midnight ritual	removal,tokens
midsummer revel	tokens
might of alara	combat_pump
might of murasa	combat_pump
might of oaks	combat_pump
might of old krosa	combat_pump
might of the masses	combat_pump
might of the meek	draw,cantrip,combat_pump
might of the nephilim	combat_pump
might of the old ways	draw,cantrip,combat_pump
might sliver	anthem
might weaver	
mightstone	combat_pump,anthem
mighty mutanimals	tokens
migration path	ramp,land_fetch
migratory route	tokens
miirym, sentinel wyrm	evasive
mikaeus, the lunarch	
mikaeus, the unhallowed	anthem,evasive
mikey & leo, chaos & order	
mild-mannered librarian	
miles "tails" prower	evasive
miles morales	
militant angel	tokens,evasive
military discipline	anthem
militia's pride	tokens
millennial gargoyle	evasive
millicent, restless revenant	tokens,evasive
millikin	mana_dork,ramp
mimic	mana_dork,ramp
miming slime	tokens
mina and denn, wildborn	ramp
minamo scrollkeeper	
minamo sightbender	
minamo's meddling	counterspell
mind carver	anthem,equipment
mind funeral	sweeper
mind grind	sweeper
mind into matter	draw,cantrip
mind meanderer	evasive
mind spike	draw,cantrip
mind spiral	draw,cantrip
mind spring	draw,cantrip
mind stone	mana_dork,ramp
mind swords	removal
mind transfer protocol	draw,cantrip
mindbender spores	evasive
mindblade render	
mindblaze	removal
mindbreak trap	removal
mindculling	draw,cantrip
mindeye drake	evasive
mindful biomancer	
mindlash sliver	
mindleech ghoul	
mindleech mass	evasive
mindleecher	evasive
mindreaver	
minds aglow	draw,cantrip
mindscour dragon	evasive
mindshrieker	evasive
mindspring merfolk	
mindstatic	counterspell
mindswipe	removal,counterspell
mindwrack demon	evasive
mindwrack harpy	evasive
mindwrack liege	anthem
mine collapse	removal
mine raider	evasive
mine security	evasive
mine worker	
miner's guidewing	evasive
minion missile	removal
minion of the mighty	evasive
minion of the wastes	evasive
minions' murmurs	draw,cantrip
minister of inquiries	
ministrant of obligation	tokens
minn, wily illusionist	tokens
minor misstep	counterspell
minotaur aggressor	haste
minotaur de force	haste
minotaur explorer	
minotaur skullcleaver	haste
minotaur tactician	haste
minotaur, roxxon ceo	tokens
minsc & boo, timeless heroes	tokens
minsc, beloved ranger	tokens
mintstrosity	
miracle worker	
miraculous recovery	reanimation
mirari's wake	anthem
mire boa	
mire shade	
mire triton	
miriam, herd whisperer	
mirko vosk, mind drinker	evasive
mirko, obsessive theorist	evasive,reanimation
mirkwood bats	evasive
mirkwood elk	evasive
mirkwood spider	
mirozel	evasive
mirran banesplitter	anthem,equipment
mirran bardiche	anthem,tokens,equipment
mirran mettle	combat_pump
mirran spy	evasive
mirrex	tokens
mirri the cursed	evasive,haste
mirrodin avenged	removal,draw,cantrip
mirrodin besieged	tokens
mirror box	anthem
mirror of fate	sweeper
mirror shield	anthem,equipment
mirror-mad phantasm	evasive
mirror-shield hoplite	
mirror-sigil sergeant	evasive
mirrored lotus	mana_dork,ramp
mirrormind crown	equipment
mirrorwing dragon	evasive
miscalculation	counterspell
miscast	counterspell
mischief and mayhem	combat_pump
mischievous catgeist	
mischievous chimera	evasive
mischievous lookout	
mischievous mystic	tokens,evasive
mischievous poltergeist	evasive
mischievous sneakling	
mise	draw,cantrip
misery charm	removal
misery's shadow	
misfortune	removal
misfortune teller	tokens
misfortune's gain	removal
mishra's command	removal,draw,cantrip
mishra's juggernaut	evasive
mishra's onslaught	mass_pump,tokens
mishra, excavation prodigy	haste
mishra, lost to phyrexia	
misleading signpost	mana_dork,ramp
miss demeanor	evasive
miss highwater	evasive
misshapen fiend	evasive
mist dancer	anthem,evasive
mist intruder	evasive
mist raven	evasive
mist-cloaked herald	
mistakes were made	removal,tokens
mistbind clique	evasive
mistbreath elder	
mistcaller	
mistcutter hydra	haste
mister gutsy	
mister immortal	
mistfire weaver	evasive
mistfolk	
mistform dreamer	evasive
mistform seaswift	evasive
mistform shrieker	evasive
mistform skyreaver	evasive
mistform sliver	
mistform stalker	
mistform wakecaster	evasive
misthios's fury	removal
misthollow griffin	evasive
misthoof kirin	evasive
mistmeadow skulk	
mistmeadow witch	
mistmoon griffin	evasive,reanimation
mistral charger	evasive
mistral singer	evasive
mists of lórien	removal
mistvault bridge	mana_dork,ramp
mistvein borderpost	mana_dork,ramp
mistwalker	evasive
mistway spy	evasive
misty knight, hero for hire	
mite overseer	anthem,tokens
mithril coat	equipment
mitotic manipulation	draw,cantrip
mitotic slime	tokens
mitotic ultimus	evasive
mizzium mortars	removal
mizzix's mastery	removal
mizzix, replica rider	evasive
mjölnir's might	removal,burn
mjölnir, hammer of thor	sweeper,equipment
mjölnir, storm hammer	equipment
mm'menon, the right hand	evasive
mm'menon, uthros exile	evasive
mnemonic betrayal	removal,sweeper
mnemonic deluge	removal
mnemonic nexus	sweeper
moan of the unhallowed	tokens
moaning spirit	evasive
moat piranhas	
mob	removal
mob justice	removal
mob lookout	
mob verdict	removal
mobilization	tokens
mocking sprite	evasive
mockingbird	evasive
model of unity	mana_dork,ramp
modify memory	draw,cantrip
mog, moogle warrior	tokens
mogg alarm	tokens
mogg conscripts	
mogg fanatic	
mogg flunkies	
mogg infestation	sweeper,tokens
mogg jailer	
mogg maniac	
mogg raider	
mogg salvage	removal
mogg sentry	
mogg squad	
mogg toady	
mogg war marshal	tokens
mogis's favor	anthem
mogis's warhound	anthem
moira and teshar	evasive
moira, urborg haunt	evasive,reanimation
mojave desert	tokens
moku, meandering drummer	
mold adder	
mold folk	
molder	removal
molder beast	evasive
moldering karok	evasive
moldervine cloak	anthem
moldgraf monstrosity	evasive,reanimation
moldgraf scavenger	
mole man, moloid master	tokens
molimo, maro-sorcerer	evasive
molt tender	mana_dork,ramp
molten birth	tokens
molten blast	removal
molten collapse	removal
molten disaster	sweeper
molten exhale	removal
molten firebird	evasive
molten frame	removal
molten hydra	
molten influence	counterspell
molten lavamancer	tokens
molten monstrosity	evasive
molten note	removal
molten primordial	haste
molten psyche	sweeper,draw,cantrip
molten rain	removal
molten rebuke	removal
molten-core maestro	evasive
moltensteel dragon	evasive
molting harpy	evasive
molting snakeskin	anthem
moment of craving	combat_pump
moment of defiance	draw,cantrip
moment of reckoning	removal
moment of triumph	combat_pump
moment of truth	draw,cantrip
moment of valor	removal
momentary blink	removal
momentous fall	draw,cantrip
momo, friendly flier	evasive
momo, playful pet	evasive
momo, rambunctious rascal	evasive
mona lisa, science geek	mana_dork,ramp
monastery flock	evasive
monastery mentor	tokens
monastery messenger	evasive
monastery swiftspear	haste
monet, sensei of the sewers	tokens
mongoose lizard	evasive
mongrel pack	tokens
monica rambeau	evasive
monk of the open hand	
monk realist	
monk's fist	anthem,tokens,equipment
monkey cage	tokens
monkey-	
monoist circuit-feeder	evasive
monoist sentry	
monoskelion	
mons's goblin raiders	
mons's goblin waiters	
monster mash-up	reanimation
monster mashup	evasive
monstrify	combat_pump
monstrous emergence	removal
monstrous growth	combat_pump
monstrous onslaught	removal
monstrous rage	combat_pump
monstrous step	combat_pump
monumental corruption	draw,cantrip
moogles' valor	tokens
moon heron	evasive
moon sprite	evasive
moon-boy, dino rider	
moon-circuit hacker	
moon-eating dog	evasive
moon-vigil adherents	evasive
moonblade shinobi	tokens
moonbow illusionist	evasive
moonfolk puzzlemaker	evasive
moonlight bargain	removal,sweeper,draw,cantrip
moonlight geist	evasive
moonlit ambusher	
moonrage brute	
moonrager's slash	removal,burn
moonrise cleric	evasive
moonrise intruder	evasive
moonscarred werewolf	mana_dork,ramp
moonshadow	evasive
moonshae pixie	evasive
moonshaker cavalry	evasive
moonsilver spear	tokens,equipment
moonsnare prototype	mana_dork,ramp
moonstone eulogist	evasive
moonstone harbinger	evasive
moonstone, harsh mistress	evasive
moonveil dragon	mass_pump,evasive
moonveil regent	evasive
moonwing moth	evasive
moopsy	
moorish cavalry	evasive
moorland drifter	evasive
moorland haunt	tokens
moorland inquisitor	
moorland rescuer	reanimation
morale	mass_pump
morbid bloom	removal,tokens
morbid curiosity	draw,cantrip
morbid hunger	removal,burn
morbius the living vampire	evasive
morcant's eyes	tokens
morcant's loyalist	anthem
mordant dragon	evasive
mordenkainen	tokens
mordor muster	draw,cantrip
mordor on the march	removal
mordor trebuchet	tokens
more of that strange oil...	counterspell,draw,cantrip
moria marauder	
moria scavenger	haste
morinfen	evasive
morkrut behemoth	evasive
morkrut necropod	evasive
morlun, devourer of spiders	
morning apparition	evasive
morningtide	sweeper
morningtide's light	removal
moroii	evasive
morophon, the boundless	anthem
morsel theft	draw,cantrip
mortal obstinacy	anthem
mortality spear	removal
mortarion, daemon primarch	tokens,evasive
mortarpod	anthem,tokens,equipment
mortician beetle	
mortify	removal
moseo, vein's new dean	tokens,evasive,reanimation
mosquito guard	
moss diamond	mana_dork,ramp
moss kami	evasive
moss viper	
moss-pit skeleton	
mossbeard ancient	evasive
mossborn hydra	evasive
mossdog	
mossfire egg	mana_dork,ramp
mosswood dreadknight	evasive
most decrepit old bird	evasive
most wanted	anthem
mothdust changeling	
mother bear	tokens
mother of runes	
mothers yamazaki	haste
mothlight processionist	
mothrider cavalry	anthem,evasive
mothrider patrol	evasive
mothrider samurai	evasive
motivated muralist	
motivated pony	evasive,haste
mount doom	sweeper
mountain bandit	haste
mountain goat	
mounted dreadknight	evasive
mourner's surprise	tokens
mourning thrull	evasive
mournwillow	haste
mouser attack!	tokens
mouser foundry	tokens
mouser mark iii	
mouth	tokens
mouth of the storm	evasive
mowu, loyal companion	evasive
mox amber	mana_dork,ramp
mox diamond	mana_dork,ramp
mox emerald	mana_dork,ramp
mox jasper	mana_dork,ramp
mox jet	mana_dork,ramp
mox opal	mana_dork,ramp
mox pearl	mana_dork,ramp
mox poison	mana_dork,ramp
mox ruby	mana_dork,ramp
mox sapphire	mana_dork,ramp
mox tantalite	mana_dork,ramp
mr. house, president and ceo	tokens
mr. wiggles, helpful butterfly	evasive
mtenda griffin	evasive
mtenda herder	
mtenda lion	
mu yanling, celestial wind	mass_pump
mu yanling, sky dancer	tokens
muck rats	
mudbrawler cohort	haste
mudbutton clanger	
mudbutton cursetosser	
muddle the mixture	counterspell
mudhole	sweeper
mugging	removal
mulch	sweeper
mulldrifter	evasive
multani's acolyte	
multani's decree	sweeper
multani, yavimaya's avatar	evasive
multi-headed	
multiclass baldric	equipment
multiple choice	removal,tokens
multiversal high council	anthem
mummy paramount	
munda, ambush leader	haste
munitions enthusiast	evasive
munitions expert	
muraganda petroglyphs	anthem
murasa behemoth	evasive
murasa rootgrazer	
murder	removal
murder investigation	tokens
murder of crows	evasive
murderer's axe	anthem,equipment
murderous compulsion	removal
murderous cut	removal
murderous spoils	removal
murdock's crusade	removal
murkfiend liege	anthem
murktide regent	evasive
murmuration	anthem,tokens
murmuring mystic	tokens
murmuring phantasm	
murmuring volume	mana_dork,ramp
muscle burst	combat_pump
muscle sliver	anthem
muse drake	evasive
muse seeker	
muse's encouragement	tokens
museum nightwatch	tokens
mushroom watchdogs	
must be knights	haste
muster the departed	tokens
mutable pupa	
mutagen connoisseur	evasive
mutagen man, living ooze	evasive
mutagenic growth	combat_pump
mutalith vortex beast	evasive
mutant chain reaction	removal
mutant town musicians	evasive
mutilate	mass_pump
mutinous massacre	sweeper
mutiny	removal
mutual destruction	removal
mwonvuli acid-moss	removal,ramp,land_fetch
mwonvuli ooze	
my deck is about a seven	removal
my followers ascend	tokens
my forces are innumerable	tokens
my precious	equipment
my tendrils run deep	ramp
my undead horde awakens	reanimation
mycoid resurrection	mass_pump,reanimation
mycologist	tokens
mycoloth	tokens
myojin of blooming dawn	tokens
myojin of cleansing fire	sweeper
myojin of infinite rage	sweeper
myr battlesphere	tokens
myr convert	mana_dork,ramp
myr galvanizer	anthem
myr incubator	tokens
myr matrix	anthem,tokens
myr mindservant	
myr moonvessel	
myr reservoir	mana_dork,ramp
myr retriever	
myr scrapling	
myr servitor	
myr sire	tokens
myr superion	
myr turbine	tokens
myrel, shield of argive	tokens
myriad construct	tokens
myrsmith	tokens
mysidian elder	tokens
mysteries of the deep	draw,cantrip
mysterio's mirage	tokens
mysterio's phantasm	evasive
mysterio, master of illusion	tokens
mysterious egg	
mysterious pathlighter	evasive
mystery key	equipment
mystic archaeologist	
mystic confluence	removal,counterspell,draw,cantrip
mystic crusader	evasive
mystic denial	counterspell
mystic enforcer	evasive
mystic familiar	evasive
mystic genesis	counterspell,tokens
mystic meditation	draw,cantrip
mystic melting	removal
mystic monstrosity	
mystic penitent	evasive
mystic skull	mana_dork,ramp
mystic visionary	evasive
mystic zealot	evasive
mystical dispute	counterspell
mythic proportions	anthem
mythos of brokkos	removal
mythos of nethroi	removal
mythos of vadrok	removal
mzed, mercenary leader	tokens
naban, dean of iteration	
nacatl outlander	
nacatl savage	
nadaar, selfless paladin	anthem
nadier, agent of the duskenel	tokens
nadir kraken	tokens
nadu, winged wisdom	evasive
nael, avizoa aeronaut	evasive
nafs asp	
naga vitalist	mana_dork,ramp
nagging thoughts	draw,cantrip
nahiri's lithoforming	draw,cantrip
nahiri's resolve	anthem
nahiri's sacrifice	removal
nahiri's stoneblades	combat_pump
nahiri's warcrafting	removal,draw,cantrip
nahiri, heir of the ancients	tokens
nahiri, the lithomancer	tokens
najeela, the blade-blossom	tokens
nakaya shade	
nalathni dragon	evasive
nalfeshnee	evasive
nameless conqueror	evasive,haste
nameless race	evasive
naming screen	anthem
namor the sub-mariner	tokens,evasive
namor, atlantean king	tokens,evasive
namor, scourge of the seas	evasive
namora, the sea queen	tokens,evasive
nantuko elder	mana_dork,ramp
nantuko shade	
nantuko tracer	
naomi, pillar of order	tokens
narcomoeba	evasive
nardole, resourceful cyborg	mana_dork,ramp
narfi, betrayer king	anthem
narnam cobra	
narnam renegade	
narrow escape	removal
narset's rebuke	removal,ramp,ritual
narset's reversal	removal
naru meha, master wizard	anthem
nascent metamorph	
nashi, illusion gadgeteer	evasive
nashi, moon's legacy	evasive
nashi, searcher in the dark	evasive
nasty end	draw,cantrip
nasty little rabbit	
nath of the gilt-leaf	tokens
nath's buffoon	
natural balance	ramp,land_fetch
natural connection	ramp,land_fetch
natural end	removal
natural reclamation	removal
natural selection	draw,cantrip
natural state	removal
naturalize	removal
naturalize 2	removal
nature shields its own	tokens
nature's chant	removal
nature's claim	removal
nature's embrace	anthem
nature's kiss	mass_pump
nature's lore	ramp,land_fetch
nature's resurgence	draw,cantrip
nature's ruin	sweeper
nature's way	removal
nausea	mass_pump
naya	ramp
naya charm	removal
naya hushblade	
naya soulbeast	evasive
nazar, the velvet fang	evasive
nazgûl battle-mace	equipment
nearheath chaplain	tokens
nearheath pilgrim	
nebelgast herald	evasive
nebelgast intruder	evasive
nebula dragon	evasive
neck breaker	combat_pump,anthem
neck snap	removal
necklace of girion	mana_dork,ramp
necra disciple	mana_dork,ramp
necrogen scudder	evasive
necrogenesis	tokens
necrologia	draw,cantrip
necromancer's covenant	tokens
necromancer's familiar	evasive
necromancer's magemark	anthem
necromancer's stockpile	tokens
necromancy	reanimation
necromantic selection	removal,sweeper,reanimation
necromantic summons	reanimation
necromaster dragon	tokens,evasive
necromentia	removal,tokens
necron monolith	tokens
necropanther	reanimation
necropede	
necropolis fiend	evasive
necropolis regent	evasive
necropouncer	anthem,tokens,equipment
necrosquito	evasive
necrotic fumes	removal
necrotic hex	tokens
necrotic wound	combat_pump
nectar faerie	evasive
needle drop	removal,burn,draw,cantrip
needle specter	evasive
needle storm	sweeper
needlethorn drake	evasive
nef-crop entangler	evasive
nefarious imp	evasive
nefarox, overlord of grixis	evasive
negate	counterspell
neglected heirloom	anthem,equipment
neheb, dreadhorde champion	evasive
neheb, the worthy	anthem
neighborhood guardian	
neko-te	equipment
nemata, grove guardian	mass_pump,tokens
nemesis mask	equipment
nemesis phoenix	evasive
nemesis trap	removal
neo exdeath, dimension's end	evasive
neonate's rush	removal,draw,cantrip
nephalia moondrakes	evasive
nephalia seakite	evasive
nephalia smuggler	
neriv, crackling vanguard	tokens,evasive
neriv, heart of the storm	evasive
nervous gardener	
nessian hornbeetle	
nessian wanderer	
nest invader	tokens
nest of scarabs	tokens
nest robber	haste
nested ghoul	tokens
nested shambler	tokens
nesting bot	tokens
nesting dovehawk	evasive
nesting dragon	tokens,evasive
nesting wurm	evasive
nether shadow	haste
nether traitor	evasive,haste
nethergoyf	
nethroi, apex of death	reanimation
netter en-dal	
nettle guard	
nettle sentinel	
nettlecyst	tokens,equipment
nettling nuisance	tokens,evasive
network disruptor	evasive
network terminal	mana_dork,ramp
neurok familiar	evasive
neurok hoversail	equipment
neurok prodigy	evasive
neurok stealthsuit	equipment
neutralize	counterspell
neutralize the guards	mass_pump
neutralizing blast	counterspell
neva, stalked by nightmares	evasive
never	removal
never happened	removal
neverending torment	removal
nevermaker	evasive
neverwinter dryad	
neverwinter hydra	evasive
nevinyrral's disk	sweeper
nevinyrral, urborg tyrant	tokens
new frontiers	ramp,land_fetch
new generation's technique	ramp,land_fetch
new magic game plus	removal
new new york	tokens
new prahv guildmage	
new way forward	removal,draw,cantrip
news helicopter	tokens,evasive
nexos	
nexus mentality	draw,cantrip
nezumi bladeblesser	evasive
nezumi bone-reader	
nezumi cutthroat	evasive
nezumi freewheeler	evasive
nezumi graverobber	
nezumi informant	
nezumi linkbreaker	tokens
nezumi prowler	
nezumi road captain	evasive
nezumi shadow-watcher	
nezumi shortfang	
niambi, beloved protector	
niambi, esteemed speaker	
nibelheim aflame	sweeper,draw,cantrip
niblis of dusk	evasive
niblis of frost	evasive
niblis of the breath	evasive
niblis of the mist	evasive
niblis of the urn	evasive
nicanzil, current conductor	
nick fury, agent of s.h.i.e.l.d.	
nicol bolas	evasive
nicol bolas, god-pharaoh	sweeper
nicol bolas, the arisen	sweeper,reanimation
nicol bolas, the ravager	evasive
night	combat_pump
night market aeronaut	evasive
night market lookout	
night nurse, healer of heroes	
night of the flying merfolk	tokens
night of the sweets' revenge	mass_pump
night revelers	haste
night scythe	tokens
night shift of the living dead	tokens
night soil	tokens
night terrors	removal
night's whisper	draw,cantrip
nightblade brigade	tokens
nightdrinker moroii	evasive
nighteyes the desecrator	reanimation
nightfall predator	
nighthawk scavenger	evasive
nighthawk, dark defender	evasive
nighthaze	draw,cantrip
nighthowl pursuer	evasive
nightmare	evasive
nightmare incursion	removal
nightmare lash	equipment
nightmare moon	evasive
nightmare shepherd	evasive
nightmare sower	evasive
nightmare unmaking	sweeper
nightmare's thirst	combat_pump
nightmarish end	combat_pump
nightpack ambusher	anthem,tokens
nightscape apprentice	
nightscape familiar	
nightshade dryad	mana_dork,ramp
nightshade peddler	
nightshade schemers	evasive
nightshade stinger	evasive
nightsky mimic	
nightsquad commando	tokens
nightveil predator	evasive
nightveil specter	evasive
nightveil sprite	evasive
nightwind glider	evasive
nightwing shade	evasive
nihil spellbomb	sweeper
nihilith	evasive
nikara, lair scavenger	evasive
nim deathmantle	anthem,equipment
nim mongoose	
nim shrieker	evasive
nimana skitter-sneak	evasive
nimana skydancer	evasive
nimble hobbit	
nimble larcenist	evasive
nimble mongoose	
nimble obstructionist	evasive
nimble pilferer	
nimble thopterist	tokens
nimble trapfinder	
nimble-blade khenra	
nimblewright schematic	tokens
nimbus champion	evasive
nimbus naiad	anthem,evasive
nimbus of the isles	evasive
nimbus swimmer	evasive
nimbus wings	anthem
nimrodel watcher	
nin, the pain artist	
nine-fingers keene	evasive
ninja	
ninja teen	anthem
ninja's blades	anthem,tokens,equipment
ninja's kunai	equipment
ninth bridge patrol	
nip gwyllion	
nira, hellkite duelist	evasive,haste
nishoba brawler	evasive
nissa's chosen	
nissa's defeat	removal,draw,cantrip
nissa's expedition	ramp,land_fetch
nissa's pilgrimage	ramp,land_fetch
nissa's renewal	ramp,land_fetch
nissa's revelation	draw,cantrip
nissa's triumph	ramp,land_fetch
nissa, ascended animist	tokens
nissa, sage animist	tokens
nissa, voice of zendikar	tokens
niv-mizzet reborn	evasive
niv-mizzet, dracogenius	evasive
niv-mizzet, ghost counsel	evasive
niv-mizzet, guildpact	evasive
niv-mizzet, parun	evasive
niv-mizzet, supreme	evasive
niv-mizzet, the firemind	evasive
niv-mizzet, visionary	evasive
niveous wisps	draw,cantrip
nivix guildmage	
nivmagus elemental	
nix	counterspell
no admittance	removal,burn
no escape	removal,counterspell
no more lies	removal,counterspell
no one left behind	reanimation
no way out	tokens
no witnesses	sweeper
no-dachi	anthem,equipment
no-regrets egret	evasive
nobilis of war	combat_pump,anthem,evasive
noble elephant	evasive
noble hierarch	mana_dork,ramp
noble quarry	anthem
noble vestige	evasive
nocturnal feeder	evasive
nocturnal hunger	removal
nocturnal raid	mass_pump
nomadic elf	
nomads en-kor	
nomads' assembly	tokens
noose constrictor	
noosegraf mob	tokens
nori, teller of tales	
norin and feldon	
norin the wary	
norin, swift survivalist	
norman osborn	
norn's choirmaster	evasive
norn's fetchling	
norn's inquisitor	
north pole research base	tokens
north wind avatar	evasive
northampton farm	sweeper
norwood ranger	
nostalgic dreams	removal
not forgotten	tokens
not of this world	counterspell
not on my watch	removal
notion rain	removal,draw,cantrip
notorious sliver war	mass_pump
nova chaser	evasive
nova cleric	sweeper
nova flame	sweeper
nova hellkite	evasive,haste
novel nunchaku	anthem,equipment
novellamental	evasive
novice inspector	
novice knight	
novice occultist	
now this is aether racing	removal,burn
now you see me . . .	removal
noxious assault	mass_pump
noxious dragon	evasive
noxious gearhulk	evasive
noxious grasp	removal
noxious newt	mana_dork,ramp
noyd, keeper of the void	
nuisance engine	tokens
nuka-nuke launcher	anthem,equipment
null caller	tokens
null champion	
null elemental blast	removal,counterspell
nulldrifter	evasive
nullify	counterspell
nullpriest of oblivion	evasive,reanimation
nullstone gargoyle	evasive
number crunch	removal
numot, the devastator	evasive
nurgle's conscription	sweeper,reanimation
nurgle's rot	tokens
nurturer initiate	
nurturing bristleback	tokens
nurturing licid	
nurturing pixie	evasive
nurturing presence	tokens
nut collector	anthem,tokens
nylea's emissary	anthem,evasive
nylea's forerunner	evasive
nylea's intervention	sweeper,ramp,land_fetch
nymris, oona's trickster	evasive
nyx infusion	anthem
nyx lotus	mana_dork,ramp
nyx-fleece ram	
nyxbloom ancient	evasive
nyxborn behemoth	evasive
nyxborn eidolon	anthem
nyxborn hydra	evasive
nyxborn rollicker	anthem
nyxborn shieldmate	anthem
nyxborn triton	anthem
nyxborn unicorn	anthem
nyxborn wolf	anthem
o'aka, traveling merchant	
o-kagachi made manifest	evasive
o-kagachi, vengeful kami	evasive
o-naginata	anthem,equipment
oaken siren	mana_dork,ramp,evasive
oakenform	anthem
oakgnarl warrior	evasive
oakhame ranger	mass_pump
oashra cultivator	
oasis gardener	mana_dork,ramp
oasis ritualist	mana_dork,ramp
oath of eorl	tokens
oath of gideon	tokens
oath of liliana	tokens
oath of the grey host	tokens
oathkeeper, takeno's daisho	anthem,equipment
oathsworn giant	anthem
oathsworn vampire	
ob nixilis of the black oath	tokens
ob nixilis's cruelty	combat_pump
ob nixilis, captive kingpin	evasive
ob nixilis, the adversary	tokens
ob nixilis, the ascended	tokens,evasive
ob nixilis, unshackled	evasive
obeka, splitter of seconds	evasive
obelisk of bant	mana_dork,ramp
obelisk of esper	mana_dork,ramp
obelisk of grixis	mana_dork,ramp
obelisk of jund	mana_dork,ramp
obelisk of naya	mana_dork,ramp
obelisk of urd	anthem
oblation	draw,cantrip
obliterate	sweeper
obliterating bolt	removal
oblivion stone	sweeper
oblivion strike	removal
oblivion's hunger	draw,cantrip
oblivious bookworm	
oboro breezecaller	evasive
oboro envoy	evasive
obscura ascendancy	anthem,tokens
obscura charm	removal,counterspell
obscura initiate	evasive
observant alseid	anthem
obsessive astronomer	
obsessive collector	evasive
obsessive search	draw,cantrip
obsessive skinner	
obsessive stitcher	reanimation
obsidian acolyte	
obsidian battle-axe	anthem,equipment
obsidian charmaw	evasive
obsidian obelisk	mana_dork,ramp
obstinate familiar	
obstinate gargoyle	evasive
obyra's attendants	evasive
obyra, dreaming duelist	evasive
occult epiphany	draw,cantrip,tokens
oceanus dragon	evasive
ocelot pride	tokens
ochre jelly	evasive
octo opus	tokens
oculus	
oculus whelp	evasive
oddly uneven	sweeper
odds	counterspell
odious trow	
odious witch	
odric, blood-cursed	evasive,haste
of herbs and stewed rabbit	tokens
of one mind	draw,cantrip
offering to asha	counterspell
oft-nabbed goat	
oggyar battle-seer	haste
oglor, devoted assistant	
ognis, the dragon's lash	haste
ogre berserker	haste
ogre chitterlord	tokens,evasive
ogre sentry	
ogre slumlord	tokens
ogre's cleaver	anthem,equipment
ogre-head helm	anthem,equipment
ojer axonil, deepest might	evasive
ojer kaslem, deepest growth	evasive
ojer pakpatiq, deepest epoch	evasive
ojutai interceptor	evasive
ojutai monument	mana_dork,ramp
ojutai's command	counterspell,draw,cantrip,reanimation
ojutai's summons	tokens
ojutai, soul of winter	evasive
oketra the true	tokens
oketra's attendant	evasive
oketra's avenger	
oketra's monument	tokens
okiba salvage	reanimation
okk	
oko's accomplices	evasive
oko, shadowmoor scion	tokens
oko, the ringleader	tokens
okoye, dora milaje leader	tokens
ol' buzzbark	
olag, ludevic's hubris	
old flitterfang	evasive
old gnawbone	evasive
old guard	
old hob, alleycat blues	tokens
old one eye	tokens,evasive
old rutstein	tokens
old stickfingers	
old thrush	evasive
old-fashioned vampire	evasive
old-growth dryads	
old-growth troll	evasive
oliphaunt	evasive
olivia voldaren	evasive
olivia's attendants	evasive
olivia's bloodsworn	evasive
olivia's dragoon	
olivia's midnight ambush	combat_pump
olivia's wrath	mass_pump
olivia, crimson bride	evasive,haste,reanimation
olivia, mobilized for war	evasive
olivia, opulent outlaw	evasive
ollenbock escort	
olog-hai crusher	evasive
oltec cloud guard	tokens,evasive
olórin's searing light	removal
omarthis, ghostfire initiate	
omega myr	
omen	draw,cantrip
omen hawker	mana_dork,ramp
omen of the sun	tokens
omenport vigilante	
omenspeaker	
ominous harvest	draw,cantrip
ominous roost	tokens
ominous seas	tokens
ominous sphinx	evasive
ominous traveler	
omnath, locus of rage	tokens
omni-cheese pizza	mana_dork,ramp
omniclown colossus	evasive
omnipresent impostor	
on alert	combat_pump
on serra's wings	anthem
on the job	mass_pump
on wings of gold	anthem,tokens
onakke oathkeeper	
once and future	removal
once more with feeling	removal,sweeper,draw,cantrip
once upon a time	draw,cantrip
ondu cleric	
ondu inversion	sweeper
ondu war cleric	
one dozen eyes	tokens
one last job	reanimation
one of the pack	
one with the kami	tokens
one with the machine	draw,cantrip
one with the wind	anthem
one-clown band	
oneirophage	evasive
oni of wild places	haste
oni possession	anthem
oni-cult anvil	tokens
onward	combat_pump
onyx mage	
oona's blackguard	evasive
oona's gatewarden	evasive
oona's grace	draw,cantrip
oona's prowler	evasive
oona, queen of the fae	tokens,evasive
ooze flux	tokens
ooze garden	tokens
ooze spill	counterspell
opaline bracers	equipment
opaline unicorn	mana_dork,ramp
open communications	draw,cantrip
open fire	removal,burn
open the gates	ramp,land_fetch
open the graves	tokens
open the omenpaths	ramp,ritual,mass_pump
open the vaults	sweeper
opera love song	combat_pump
ophiomancer	tokens
opportunistic dragon	evasive
opportunity	draw,cantrip
oppressive will	counterspell
opt	draw,cantrip
optimistic scavenger	
opulent clomper	
oracle en-vec	
oracle of bones	haste
oracle of mul daya	ramp
oracle of the alpha	evasive
oracle of tragedy	
oracle's gift	tokens
oracle's restoration	draw,cantrip,combat_pump
oran-rief hydra	evasive
oran-rief invoker	
oran-rief survivalist	
orator of ojutai	evasive
orazca relic	mana_dork,ramp
orb of dragonkind	mana_dork,ramp
orbital plunge	removal
orc general	mass_pump
orca, siege demon	evasive
orcish bowmasters	
orcish cannonade	removal,burn,draw,cantrip
orcish captain	
orcish conscripts	
orcish healer	
orcish hellraiser	
orcish librarian	
orcish lumberjack	mana_dork,ramp
orcish oriflamme	combat_pump,anthem
orcish settlers	
orcish siegemaster	evasive
orcish spy	
orcish vandal	
orcrist, goblin-cleaver	anthem,equipment
orcus, prince of undeath	evasive
order	removal
order of leitbur	
order of midnight	evasive
order of sacred dusk	evasive,haste
order of the alabaster host	
order of the ebon hand	
order of the golden cricket	
order of the mirror	
order of the stars	
order of the white shield	
order of whiteclay	reanimation
order of yawgmoth	evasive
ordered migration	tokens
ore-rich stalactite	mana_dork,ramp
ore-scale guardian	evasive,haste
oread of mountain's blaze	
oreplate pangolin	
oreskos explorer	
oreskos sun guide	
oreskos swiftclaw	
organ harvest	ramp,ritual
organic extinction	sweeper
orgg	evasive
origin of metalbending	removal
origin of spider-man	tokens
origin of the hidden ones	tokens
origin of the hulk	tokens
origin spellbomb	tokens
original skullclamp	anthem,equipment
orim's thunder	removal
ormacar, relic wraith	evasive
ormendahl, profane prince	evasive,haste
ormendahl, the corrupter	evasive
ormos, archive keeper	evasive
ornamental courage	combat_pump
ornery goblin	
ornitharch	tokens,evasive
ornithopter	evasive
ornithopter of paradise	mana_dork,ramp,evasive
orochi eggwatcher	tokens
orochi hatchery	tokens
orochi leafcaller	
orochi merge-keeper	mana_dork,ramp
orochi ranger	
orochi sustainer	mana_dork,ramp
oros, the avenger	evasive
orphans of the wheat	
orzhov charm	removal,reanimation
orzhov cluestone	mana_dork,ramp
orzhov enforcer	tokens
orzhov guildmage	
orzhov keyrune	mana_dork,ramp
orzhov locket	mana_dork,ramp
orzhov racketeers	tokens
orzhov signet	mana_dork,ramp
osai vultures	evasive
osgood, operation double	mana_dork,ramp
osseous exhale	removal
osseous sticktwister	
osteomancer adept	
oswald fiddlebender	
oteclan levitator	evasive
otepec huntmaster	
otharri, suns' glory	tokens,evasive,haste
otherworldly journey	removal
otherworldly outburst	combat_pump
otrimi, the ever-playful	evasive
otter-penguin	
otterball antics	tokens
oura, the imitator	evasive
out of air	counterspell
out of bounds	counterspell
out of the way	removal,draw,cantrip
outbreak	mass_pump
outflank	removal
outland liberator	
outlaw medic	
outlaw stitcher	tokens
outlaws' fury	mass_pump
outnumber	removal
outwit	counterspell
over the edge	removal
over the top	sweeper
overcharged amalgam	evasive
overflowing insight	draw,cantrip
overgrown arch	
overgrown armasaur	tokens
overgrown battlement	mana_dork,ramp
overgrown zealot	mana_dork,ramp
overkill	combat_pump
overload	removal
overlord of the floodpits	evasive
overlord of the mistmoors	tokens
overmaster	draw,cantrip
override	counterspell
overrule	counterspell
overseer of the damned	tokens,evasive
oversimplify	sweeper,tokens
overt operative	evasive
overtaker	
overwhelm	mass_pump
overwhelmed apprentice	
overwhelming denial	counterspell
overwhelming encounter	combat_pump
overwhelming forces	sweeper,draw,cantrip
overwhelming intellect	counterspell,draw,cantrip
overwhelming remorse	removal
overwhelming surge	removal
overwhelming victory	removal
overwrite the multiverse	sweeper
ovika, enigma goliath	tokens,evasive
ovinomancer	tokens
oviya pashiri, sage lifecrafter	tokens
owl familiar	evasive
owlbear	evasive
owlin historian	evasive
owlin shieldmage	evasive
owlin spiralmancer	evasive
ox drover	tokens
oxidda daredevil	
oxidda finisher	evasive
oxidda golem	haste
oxidize	removal
oyobi, who split the heavens	tokens,evasive
ozai's cruelty	removal,burn
ozai, the phoenix king	evasive,haste
ozox, the clattering king	tokens
pack attack	draw,cantrip
pack guardian	tokens
pack leader	anthem
pack mastiff	mass_pump
pack rat	
pack's disdain	combat_pump
pack's favor	combat_pump
packsong pup	
pact of negation	counterspell
pact of the serpent	draw,cantrip
pact of the titan	tokens
pact weapon	equipment
page, loose leaf	mana_dork,ramp
pain distributor	evasive
pain seer	
pain's reward	draw,cantrip
painful bond	draw,cantrip
painful lesson	draw,cantrip
painful truths	draw,cantrip
painsmith	
painter's servant	
painwracker oni	evasive
pair o' dice lost	removal
pako, arcane retriever	haste
palace familiar	evasive
paladin class	anthem
paladin of atonement	
paladin of the bloodstained	tokens
paladin's arms	anthem,tokens,equipment
paladin's shield	anthem,equipment
palani's hatcher	tokens
pale rider of trostad	evasive
paleontologist's pick-axe	equipment
paliano	tokens
paliano vanguard	anthem
palinchron	evasive
palladia-mors	evasive
palladia-mors, the ruiner	evasive
palladium myr	mana_dork,ramp
pallid mycoderm	mass_pump,tokens
pampered loamfrill	
panglacial wurm	evasive
panicked bystander	
panther habit	equipment
panther robot	evasive
papalymo totolymo	
papercraft decoy	
paradigm shift	sweeper
paradigm shifter	mana_dork,ramp
paradise druid	mana_dork,ramp
paradise mantle	equipment
paradise plume	mana_dork,ramp
paradox shaper	
paradox zone	tokens
paradoxical outcome	removal,draw,cantrip
paragon of eternal wilds	anthem
paragon of fierce defiance	anthem
paragon of gathering mists	anthem
paragon of modernity	evasive
paragon of new dawns	anthem
paragon of open graves	anthem
parallax dementia	anthem
parallectric feedback	removal
paramecia coloniex	
paranormal analyst	
parapet	anthem
parapet thrasher	evasive
paraselene	sweeper
parasitic grasp	removal
parasitic impetus	anthem
parasitic implant	tokens
parasitic strix	evasive
parcel myr	
parch	removal,burn
pardic dragon	evasive
pardic firecat	haste
pardic miner	
pardic wanderer	evasive
parhelion ii	tokens
parhelion patrol	evasive
pariah's shield	equipment
parish-blade trainee	
park heights pegasus	evasive
park re-entry	reanimation
part the waterveil	removal
parting gust	removal
parting thoughts	removal,draw,cantrip
party crasher	haste
party thrasher	
pashalik mons	tokens
pass the torch	removal,burn
passwall adept	
patagia tiger	evasive
patagia viper	tokens,evasive
patch up	reanimation
patchwork automaton	
patchwork banner	mana_dork,ramp,anthem
patchwork beastie	
patchwork crawler	
path of anger's flame	mass_pump
path of annihilation	tokens
path of bravery	anthem
path of peace	removal
path of peril	sweeper
path of the animist	ramp,land_fetch
path of the enigma	draw,cantrip
path of the ghosthunter	tokens
path of the pyromancer	draw,cantrip,ramp,ritual
path of the schemer	reanimation
path to exile	removal,ramp,land_fetch
path to redemption	tokens
path to the festival	ramp,land_fetch
path to the world tree	tokens
pathmaker initiate	
paths of tuinvale	removal
pathway arrows	equipment
patient instructor	tokens
patient zero	
patriar's humiliation	removal
patriar's seal	mana_dork,ramp
patriarch's bidding	sweeper
patriarch's desire	anthem
patrician geist	anthem,evasive
patrician's scorn	sweeper
patriot, shield wielder	
patriot, young avenger	anthem
patrol hound	
patrol signaler	tokens
patron of the moon	evasive
patron of the valiant	evasive
patron of the vein	evasive
patron of the wild	
pawn of ulamog	tokens
pawpatch formation	removal,draw,cantrip
pawpatch recruit	evasive
peace and quiet	removal
peak eruption	removal
pearl dragon	evasive
pearl lake warden	evasive
pearl of wisdom	draw,cantrip
peek	draw,cantrip
peel from reality	removal
peema outrider	evasive
peema trailblazer	evasive
peer into the abyss	draw,cantrip
peer past the veil	draw,cantrip
peer review	tokens
peer review [21b8d59f-a90d-44ff-a2e3-9f439ac3e14a]	tokens
peer review [63f67baa-3f37-41b8-9ee6-3c37f828917d]	tokens
peer through depths	draw,cantrip
peerless samurai	evasive
pegasus charger	evasive
pegasus courser	evasive
pegasus guardian	tokens,evasive
pegasus refuge	tokens
pegasus stampede	tokens
peggy carter, secret agent	
pelakka wurm	evasive
pelargir survivor	mana_dork,ramp
pelt collector	evasive
pemmin's aura	mass_pump
pendelhaven elder	mass_pump
pendrell drake	evasive
pennon blade	equipment
pentavus	tokens
penumbra bobcat	tokens
penumbra kavu	tokens
penumbra spider	tokens
penumbra wurm	tokens,evasive
people of the woods	
pep, raucous raider	mana_dork,ramp,evasive,haste
peppersmoke	draw,cantrip,combat_pump
perception bobblehead	mana_dork,ramp
perch protection	removal,tokens
peregrination	ramp,land_fetch
peregrine drake	evasive
peregrine griffin	evasive
peregrine mask	equipment
perennial gravewarden	evasive
perfect intimidation	removal
perfected form	evasive
perilous myr	
perilous research	draw,cantrip
perilous vault	sweeper
perilous voyage	removal
perils of the past	removal,combat_pump
perimeter captain	
perimeter enforcer	evasive
perish	sweeper
permeating mass	
permission denied	counterspell
pernicious deed	sweeper
persist	reanimation
persistent marshstalker	
persistent nightmare	evasive
persistent petitioners	
persistent specimen	
person of interest	tokens
personify	removal,tokens
pest control	sweeper
pest friend	tokens
pest infestation	removal,tokens
pest mascot	evasive
pest problem	tokens
pest rescuer	tokens
pest summoning	tokens
pestbrood sloth	tokens
pestered wellguard	tokens
pestermite	evasive
pestilence	sweeper
pestilence demon	sweeper,evasive
pestilent cauldron	tokens
pestilent haze	mass_pump
pestilent kathari	evasive
pestilent spirit	evasive
pestilent syphoner	evasive
pestilent wolf	
pet avengers	tokens
pet project	reanimation
petalmane baku	
petals of insight	removal,draw,cantrip
peter parker	tokens
petrified plating	anthem
petty revenge	removal
petty theft	removal
phabine, boss's confidant	tokens
phalanx leader	
phalanx tactics	combat_pump,mass_pump
phalanx vanguard	
phantasmal bear	
phantasmal dragon	evasive
phantasmal dreadmaw	evasive
phantasmal extraction	removal
phantasmal forces	evasive
phantasmal form	draw,cantrip
phantasmal image	
phantasmal mount	evasive
phantasmal shieldback	
phantasmal sphere	tokens,evasive
phantom blade	anthem,equipment
phantom carriage	evasive
phantom flock	evasive
phantom general	anthem
phantom interference	counterspell,tokens
phantom monster	evasive
phantom nantuko	evasive
phantom nishoba	evasive
phantom nomad	
phantom whelp	
pharika's chosen	
pharika's cure	removal
pharika, god of affliction	tokens
phelddagrif	tokens
phelia, exuberant shepherd	
phenomenon investigators	tokens
pheres-band raiders	tokens
pheres-band warchief	anthem,evasive
phial of galadriel	mana_dork,ramp
phobian phantasm	evasive
phoenix chick	evasive,haste
phoenix of ash	evasive,haste
phoenix of iteration	evasive
phoenix, warden of fire	evasive,reanimation
photo op	removal
photon blast barrage	removal
photon, lady of light	evasive
photon, living light	evasive
photon, mighty marvel	evasive
phthisis	removal
phylath, world sculptor	tokens
phyresis roach	
phyrexian adapter	evasive
phyrexian atlas	mana_dork,ramp
phyrexian battleflies	evasive
phyrexian boon	anthem
phyrexian broodstar	evasive
phyrexian chimney imp	evasive
phyrexian debaser	evasive
phyrexian delver	reanimation
phyrexian denouncer	
phyrexian dreadnought	evasive
phyrexian espionage	draw,cantrip
phyrexian esthetician	haste
phyrexian fleshgorger	evasive
phyrexian grimoire	sweeper
phyrexian harvester	evasive
phyrexian ironworks	tokens
phyrexian lens	mana_dork,ramp
phyrexian librarian	evasive
phyrexian marauder	
phyrexian missionary	
phyrexian negator	evasive
phyrexian obliterator	evasive
phyrexian ornithopter	evasive
phyrexian pegasus	evasive
phyrexian purge	removal
phyrexian rebirth	sweeper,tokens
phyrexian revoker	
phyrexian skyflayer	evasive,haste
phyrexian slayer	evasive
phyrexian swarmlord	tokens
phyrexian totem	mana_dork,ramp
phyrexian tribute	removal
phyrexian triniform	tokens
phyrexian vindicator	evasive
phyrexian vivisector	
phyrexian walker	
phyrexian warhorse	tokens
phytoburst	combat_pump
pia and kiran nalaar	tokens
pia nalaar	tokens
pia nalaar, consul of revival	tokens
pia, determined rebuilder	tokens
picard, leading by example	
pick the brain	removal
picklock prankster	evasive
picnic ruiner	
pieces of the puzzle	draw,cantrip
pierce the sky	removal
piercing exhale	removal
piercing light	removal
piercing rays	removal
pietra, crafter of clowns	anthem,tokens,haste
piety	mass_pump
piety charm	removal,combat_pump
piggy bank	
pigment storm	removal
pigment wrangler	evasive
pikemen	
pile on	removal
pileated provisioner	evasive
pilfered plans	draw,cantrip
pilfering hawk	evasive
pilfering imp	evasive
pilgrim of the fires	evasive
pilgrim's eye	evasive
pili-pala	evasive
pillage	removal
pillage the bog	draw,cantrip
pillar of flame	removal,burn
pillar of light	removal
pillar of origins	mana_dork,ramp
pillardrop rescuer	evasive
pin collection	anthem,equipment
pinecone strike	removal
pinion feast	removal
pink horror	tokens
pinkie pie	
pinnacle emissary	tokens
pinnacle of rage	removal,burn
pinnacle starcage	sweeper,tokens
pinpoint avalanche	removal
pious wayfarer	
pip-boy 3000	equipment
piper of the swarm	tokens
piper wright, publick reporter	
pippin's bravery	combat_pump
pippin, guard of the citadel	
pippin, warden of isengard	
piracy charm	combat_pump
piranha fly	evasive
pirate hat	anthem,equipment
pirate's cutlass	anthem,equipment
pirate's landing	draw,cantrip
pirate's pillage	draw,cantrip
pirate's prize	draw,cantrip
piru, the volatile	evasive
piston sledge	anthem,equipment
pistus strike	removal
pit automaton	mana_dork,ramp
pit imp	evasive
pit keeper	
pit raptor	evasive
pitfall trap	removal
pitiless carnage	draw,cantrip
pitiless fists	anthem
pitiless pontiff	
pixie guide	evasive
pixie illusionist	evasive
pixie queen	evasive
placid rottentail	
plague beetle	
plague belcher	evasive
plague drone	evasive
plague fiend	
plague myr	mana_dork,ramp
plague of vermin	tokens
plague spores	removal
plague stinger	evasive
plague wight	
plague wind	sweeper
plague witch	
plaguebearer	
plaguecrafter's familiar	
plagued rusalka	
plan the heist	draw,cantrip
planar ally	evasive
planar atlas	mana_dork,ramp
planar birth	sweeper
planar cleansing	sweeper
planar despair	mass_pump
planar genesis	draw,cantrip
planar guide	sweeper
planar incision	removal
planar outburst	sweeper
planar overlay	removal
plane-merge elf	tokens
planequake	sweeper
planetary annihilation	sweeper
planetary patrol	
planewide celebration	tokens
plant a sapling	ramp,land_fetch
plant elemental	
plargg, dean of chaos	
plasm capture	counterspell
plasma bolt	removal,burn
plasma cascade	removal,burn,draw,cantrip
plasma caster	anthem,equipment
plasmancer	evasive
plate armor	anthem,equipment
plated crusher	evasive
plated geopede	
plated kilnbeast	evasive
plated onslaught	mass_pump
plated pegasus	evasive
plated seastrider	
plated sliver	anthem
platinum angel	evasive
platinum persecutor	evasive
platoon dispenser	tokens
platypus-bear	
plaxmanta	
play of the game	sweeper
play with fire	removal,burn
playful shove	removal,burn,draw,cantrip
plot armor	anthem
plover knights	evasive
plow through	removal
plow through reito	removal,combat_pump
plumb the forbidden	draw,cantrip
plumecreed escort	evasive
plumecreed mentor	evasive
plumeveil	evasive
plummet	removal
plunder	removal
plunder the trollshaws	draw,cantrip
plundering predator	evasive
plunge into darkness	draw,cantrip
plunge into winter	draw,cantrip
poet's quill	anthem,equipment
poetic ingenuity	tokens
point to the scoreboard	removal
pointed discussion	draw,cantrip
poison arrow	removal
poison dart frog	mana_dork,ramp
poison the blade	draw,cantrip
poison the cup	removal
poison the waters	mass_pump
poison the well	removal
poison-blade mentor	
pokey, the scallywagg	evasive
pol jamaar, illusionist	evasive
polar kraken	evasive
polis crusher	evasive
pollen-shield hare	anthem
pollenbright druid	
pollenbright wings	tokens
polliwallop	removal
pollywog prodigy	
pollywog symbiote	
polukranos, engine of ruin	tokens
polygoyf	evasive
polymorph	removal
pompous battlemage	
pond prophet	
ponder	draw,cantrip
pongify	removal,tokens
ponyback brigade	tokens
pool resources	draw,cantrip
pop quiz	draw,cantrip
poppet stitcher	tokens
porcine portent	anthem
pore over the pages	draw,cantrip
port inspector	
port of karfell	reanimation
portal to phyrexia	reanimation
portcullis vine	
portent	draw,cantrip
portent of calamity	sweeper,draw,cantrip
portent tracker	
portrait of michiko	
possessed aven	evasive
possessed centaur	evasive
possessed goat	
postmortem lunge	reanimation
postmortem professor	
potioner's trove	mana_dork,ramp
poultrygeist	evasive
pouncing jaguar	
pouncing kavu	
pouncing lynx	
powder keg	sweeper
power boost	anthem
power depot	mana_dork,ramp
power fist	equipment
power pack	evasive,haste
power sink	counterspell
power word kill	removal
powerstone engineer	
powerstone fracture	removal
powerstone shard	mana_dork,ramp
practical research	draw,cantrip
practiced tactics	removal
praetor's counsel	removal,sweeper
praetor's grasp	removal
praetorhoof behemoth	haste
prairie dog	
prairie survivalist	evasive
pramikon, sky rampart	evasive
prava of the steel legion	anthem,tokens
pre-war formalwear	anthem,equipment,reanimation
preacher of the schism	tokens
precinct captain	tokens
precise redaction	counterspell
precision bolt	removal,burn
precognitive perception	draw,cantrip
precursor golem	tokens
predation steward	
predator dragon	evasive,haste
predator's gambit	anthem
predator's howl	tokens
predatory advantage	tokens
predatory impetus	anthem
predatory rampage	mass_pump
predatory sliver	anthem
predatory sludge	evasive
predict	draw,cantrip
preemptive strike	counterspell
preening champion	tokens,evasive
prehistoric pet	
premature burial	removal
preordain	draw,cantrip
prescient chimera	evasive
press the enemy	removal
pressure point	draw,cantrip
pretending poxbearers	tokens
prey's vengeance	combat_pump
preyseizer dragon	evasive
price of fame	removal
price of freedom	removal,draw,cantrip,ramp,land_fetch
price of loyalty	combat_pump
prickle faeries	evasive
prickly boggart	evasive
prickly pair	tokens
pride guardian	
pride of conquerors	combat_pump,mass_pump
pride of the clouds	tokens,evasive
pride of the perfect	anthem
pride sovereign	tokens
prideful parent	tokens
priest of fell rites	reanimation
priest of forgotten gods	mana_dork,ramp
priest of iroas	
priest of possibility	
priest of the blessed graf	tokens
priest of the blood rite	tokens
priest of the crossing	evasive
priest of the haunted edge	
priest of the wakening sun	
priest of titania	mana_dork,ramp
priest of yawgmoth	mana_dork,ramp
primal adversary	evasive
primal bellow	combat_pump
primal boost	combat_pump
primal clay	evasive
primal command	sweeper
primal druid	
primal growth	ramp,land_fetch
primal might	combat_pump
primal plasma	evasive
primal visitation	anthem
primal witchstalker	evasive
primalcrux	evasive
primeval bounty	tokens
primeval herald	evasive
primeval light	sweeper
primeval spawn	evasive
primeval titan	evasive
primevals' glorious rebirth	sweeper
primitive justice	removal
primo, the unbounded	tokens,evasive
primoc escapee	evasive
primordial hydra	evasive
primordial ooze	
primordial pachyderm	evasive
primordial plasm	
prince imrahil the fair	tokens
princess lucrezia	mana_dork,ramp
princess luna	evasive
princess twilight sparkle	anthem,evasive
printlifter ooze	
priority avenger	evasive
prishe's wanderings	ramp,land_fetch
prismabasher	evasive
prismari apprentice	
prismari charm	removal,burn,draw,cantrip
prismari command	removal,burn,draw,cantrip
prismari pianist	tokens
prismari pledgemage	
prismari, the inspiration	evasive
prismatic ending	removal
prismatic geoscope	mana_dork,ramp
prismatic lens	mana_dork,ramp
prismatic undercurrents	ramp
prismatic wardrobe	removal
prismite	
prison barricade	
prison break	reanimation
prisoner's dilemma	sweeper
pristine angel	evasive
pristine skywise	evasive
pristine talisman	mana_dork,ramp
private eye	anthem
prize pig	mana_dork,ramp
prize wall	
prized griffin	evasive
probe	draw,cantrip
processor assault	removal
proclamation of rebirth	reanimation
proctor of potential	
proctor's gaze	removal,ramp,land_fetch
prodigious growth	anthem
prodigy's prototype	tokens
profane command	combat_pump,reanimation
profane insight	draw,cantrip
profane prayers	removal,burn
professional face-breaker	evasive
professor hojo	
professor hulk	evasive
professor of symbology	
professor of zoomancy	tokens
professor zei, anthropologist	
profit	mass_pump
proft, consulting detective	
proft, sinister mastermind	evasive
progenitor exarch	
progenitor's icon	mana_dork,ramp
prognostic sphinx	evasive
prohibit	counterspell
project deathlok soldier	
prologue to phyresis	draw,cantrip
promise of bunrei	tokens
promise of power	draw,cantrip,tokens
promised kannushi	
prompto argentum	haste
propagator drone	tokens
propagator primordium	reanimation
propeller pioneer	evasive
proper laboratory attire	anthem,equipment
prophesied end	removal,draw,cantrip
prophet of distortion	
prophetic bolt	removal,burn,draw,cantrip
prophetic flamespeaker	evasive
prophetic prism	mana_dork,ramp
prosperity	draw,cantrip
prosperity tycoon	tokens
prosperous innkeeper	
prosperous partnership	tokens
prossh, skyraider of kher	tokens,evasive
prosthetic injector	anthem,equipment
protean hydra	
protean thaumaturge	
protect	combat_pump
protect the negotiators	counterspell,tokens
protective response	removal
protector of gondor	tokens
protector of the wastes	evasive
protege's awakening	draw,cantrip
proud wildbonder	evasive
proven combatant	
provoke	draw,cantrip
provoke the trolls	removal,burn,combat_pump
prowcatcher specialist	haste
prowess of the fair	tokens
prowler's helm	equipment
prowler, clawed thief	evasive
prowling caracal	
prying blade	anthem,equipment
prying eyes	draw,cantrip
psemilla, meletian poet	tokens
pseudodragon familiar	evasive
psionic blast	removal,burn
psionic pulse	counterspell
psionic ritual	removal
psychic barrier	counterspell
psychic frog	
psychic impetus	anthem
psychic intrusion	removal
psychic miasma	removal
psychic paper	equipment
psychic purge	removal,burn
psychic rebuttal	counterspell
psychic spiral	sweeper
psychic strike	counterspell
psychic symbiont	evasive
psychic theft	removal
psychomancer	evasive
psychotic fury	draw,cantrip
psychotic haze	sweeper
psychotrope thallid	tokens
pterafractyl	evasive
pteramander	evasive
pterodon knight	evasive
pteron ghost	evasive
public execution	removal,mass_pump
pull	reanimation
pull from eternity	removal
pull from the deep	removal
pull from tomorrow	draw,cantrip
pull under	combat_pump
pulsar squadron ace	
pulsating illusion	evasive
pulse of the dross	removal
pulse of the fields	removal
pulse of the forge	removal
pulse of the grid	removal,draw,cantrip
pulse of the hunter maze	removal
pulse of the tangle	removal,tokens
pulse tracker	
pulsemage advocate	reanimation
pulverize	sweeper
pumpkin bombardment	removal
puncture blast	removal,burn
puncture bolt	removal
puncturing blow	removal
puncturing light	removal
punish ignorance	counterspell
punish the enemy	removal
punishing fire	removal,burn
punishing punch	removal
punishment	sweeper
puny snack	combat_pump
puppet conjurer	tokens
puppeteer clique	evasive,reanimation
pupu ufo	evasive
pure	removal
pure reflection	tokens
puresight merrow	
puresteel angel	evasive
puresteel paladin	
purge	removal
purging stormbrood	evasive
purify	sweeper
purify the grave	removal
purifying dragon	evasive
purity	evasive
purphoros's emissary	anthem,evasive
purphoros's intervention	removal,tokens
purphoros, god of the forge	mass_pump
purple dragon punks	mana_dork,ramp
purple pentapus	
purple-crystal crab	
pursue glory	mass_pump
pursue the past	draw,cantrip
pursued whale	tokens
pursuit of flight	anthem
push	removal
push the limit	sweeper
push your luck	tokens
put away	counterspell
putrefax	evasive,haste
putrefy	removal
putrid goblin	
putrid hexhag	
putrid imp	
putrid leech	
putrid warrior	
pygmy hippo	
pygmy pyrosaur	
pygmy razorback	evasive
pygmy troll	
pym particles	draw,cantrip
pyramid of the pantheon	mana_dork,ramp
pyre charger	haste
pyre hound	evasive
pyreswipe hawk	evasive,haste
pyretic charge	draw,cantrip,mass_pump
pyretic hunter	evasive
pyretic prankster	
pyretic rebirth	removal
pyretic ritual	ramp,ritual
pyrewood gearhulk	evasive
pyric salamander	
pyroblast	removal,counterspell
pyroceratops	evasive
pyroclasm	sweeper
pyrohemia	sweeper
pyrokinesis	removal
pyromancer's goggles	mana_dork,ramp
pyromancy 101	removal,burn
pyromantic pilgrim	haste
pyromatics	removal,burn
pyrophobia	removal
pyrotechnic performer	
pyrotechnics	removal,burn
pyrrhic blast	removal,burn,draw,cantrip
pyrrhic revival	sweeper
pyrrhic strike	removal
pyxis of pandemonium	sweeper
qarsi deceiver	mana_dork,ramp
qarsi high priest	
qarsi revenant	evasive
qarsi sadist	
qasali pridemage	
qilin's blessing	combat_pump
quag feast	removal
quag vampires	
quaketusk boar	evasive,haste
quandrix apprentice	
quandrix charm	removal,counterspell
quandrix command	removal,counterspell
quandrix, the proof	evasive
quantum riddler	evasive
quarrel	removal
quarrel's end	draw,cantrip,tokens
quartzwood crasher	evasive
quash	sweeper,counterspell
queen brahne	tokens
queen marchesa	tokens,haste
queen's bay soldier	
queen's commission	tokens
quench	counterspell
quenchable fire	removal
quest compleated beast	evasive
quest for ancient secrets	sweeper
quest for the goblin lord	anthem
quest for the gravelord	tokens
quest for the necropolis	reanimation
questing beast	haste
questing cosplayer	
questing druid	
questing phelddagrif	tokens
queue of beetles	haste
quick fixer	evasive
quick sliver	
quick study	draw,cantrip
quick-draw dagger	anthem,equipment
quick-draw katana	anthem,equipment
quickbeast amulet	equipment
quickchange	draw,cantrip
quicken	draw,cantrip
quickening licid	
quickling	evasive
quicksand whirlpool	removal
quicksilver dragon	evasive
quicksilver fisher	evasive
quicksilver geyser	removal
quicksilver lapidary	
quicksilver, brash blur	haste
quicksilver, pietro maximoff	haste
quicksilver, speedster	haste
quiet purity	removal
quiet speculation	removal
quietus spike	equipment
quill-blade laureate	
quilled greatwurm	evasive
quilled sliver	
quilled wolf	
quinjet technician	mana_dork,ramp
quintessential katana	anthem,equipment
quintorius kand	tokens
quintorius, field historian	anthem,tokens
quintorius, history chaser	tokens
quintorius, loremaster	tokens
quirion beastcaller	
quirion dryad	
quirion elves	mana_dork,ramp
quirion explorer	mana_dork,ramp
quirion ranger	
quirion sentinel	
qumulox	evasive
rabbit battery	anthem,haste,equipment
rabbit response	mass_pump
rabble rousing	tokens
rabble-rouser	mass_pump
rabid bite	removal
rabid bloodsucker	evasive
rabid gnaw	removal,combat_pump
rabid rats	
raccoon rallier	
rack and ruin	removal
racketeer boss	
radha's firebrand	
radha, heir to keld	mana_dork,ramp
radiant destiny	anthem
radiant flames	sweeper
radiant grace	anthem
radiant lotus	mana_dork,ramp
radiant purge	removal
radiant smite	removal
radiant solar	evasive
radiant strike	removal
radiant's judgment	removal
radiant, archangel	evasive
radiant, serra archangel	evasive
radiating lightning	removal,sweeper,burn
radical idea	draw,cantrip
radioactive spider	
raff capashen, ship's mage	evasive
raff, weatherlight stalwart	
raffine's guidance	anthem
raffine's informant	
raffine, scheming seer	evasive
raft security officer	
rag dealer	
ragavan, nimble pilferer	
rage into the valley	draw,cantrip
rage nimbus	evasive
rage of purphoros	removal
rage weaver	
rageblood shaman	anthem,evasive
ragefire	removal
ragefire hellkite	evasive
raggadragga, goreguts boss	anthem
ragged playmate	
ragged recluse	
ragged short spear	anthem,equipment
raging battle mouse	
raging cougar	haste
raging goblin	haste
raging goblinoids	haste
raging kavu	haste
raging minotaur	haste
raging swordtooth	evasive
ragnarok, divine deliverance	evasive,haste
ragost, deft gastronaut	
rags	mass_pump
rahilda, feral outlaw	
rahilda, wanted cutthroat	
raiders' allegiance	tokens
raiders' spoils	anthem
raiding party	sweeper
railway brawler	evasive
rain of blades	sweeper
rain of daggers	sweeper
rain of embers	sweeper
rain of revelation	draw,cantrip
rain of rust	removal
rain of salt	removal
rain of tears	removal
rain of thorns	removal
rainbow crow	evasive
rainbow dash	evasive,haste
rainbow efreet	evasive
rainveil rejuvenator	mana_dork,ramp
raise the alarm	tokens
raise the past	sweeper
raised by wolves	tokens
raka disciple	
rakdos cackler	
rakdos charm	removal,sweeper
rakdos cluestone	mana_dork,ramp
rakdos drake	evasive
rakdos guildmage	tokens
rakdos headliner	haste
rakdos joins up	reanimation
rakdos keyrune	mana_dork,ramp
rakdos locket	mana_dork,ramp
rakdos ragemutt	haste
rakdos riteknife	equipment
rakdos shred-freak	haste
rakdos signet	mana_dork,ramp
rakdos the defiler	evasive
rakdos trumpeter	evasive
rakdos's return	removal
rakdos, lord of riots	evasive
rakdos, patron of chaos	evasive
rakdos, the muscle	evasive
rakdos, the showstopper	evasive
rakish crew	tokens
rakish revelers	tokens
rakka mar	tokens,haste
raksha golden cub	anthem
raksha golden cub avatar	anthem
rakshasa deathdealer	
rakshasa debaser	reanimation
rakshasa gravecaller	tokens
rakshasa's bargain	draw,cantrip
rakshasa's disdain	counterspell
ral and the implicit maze	tokens
ral zarek, guest lecturer	reanimation
ral's dispersal	removal
ral's outburst	removal,burn,draw,cantrip
ral's reinforcements	tokens
ral's staticaster	evasive
ral, caller of storms	sweeper
ral, crackling wit	tokens
ral, monsoon mage	
rally	mass_pump
rally at the hornburg	tokens
rally for the throne	tokens
rally of wings	mass_pump
rally the ancestors	removal,sweeper
rally the horde	tokens
rally the monastery	removal,combat_pump,tokens
rally the peasants	mass_pump
rally the ranks	anthem
rally the righteous	combat_pump
rally to battle	mass_pump
rallying roar	mass_pump
ram through	removal
rammas echor, ancient shield	tokens
ramos, dragon engine	evasive
ramosian greatsword	anthem,equipment
ramosian lieutenant	
ramosian rally	mass_pump
ramosian sergeant	
ramosian sky marshal	evasive
rampage of the clans	sweeper,tokens
rampage of the valkyries	tokens
rampaging aetherhood	evasive
rampaging baloths	tokens,evasive
rampaging brontodon	evasive
rampaging ferocidon	evasive
rampaging geoderm	evasive,haste
rampaging growth	ramp,land_fetch
rampaging hippo	evasive
rampaging monument	evasive
rampaging raptor	evasive,haste
rampaging ursaguana	evasive,haste
rampaging war mammoth	evasive
rampaging werewolf	
rampaging yao guai	evasive
rampant frogantua	evasive
rampant growth	ramp,land_fetch
rampant growth [58b0c737-0a84-4f9a-b3b7-300c5de43874]	ramp,land_fetch
rampart architect	tokens
rampart crawler	
ramses, assassin lord	anthem
ramunap hydra	evasive
ran and shaw	evasive
ranar the ever-watchful	tokens,evasive
rancid earth	removal,sweeper
rancid rats	evasive
rancor	anthem
rancorous archaic	evasive
random encounter	sweeper
ranger class	tokens
ranger squadron	evasive
ranger's firebrand	removal,burn
ranger's hawk	evasive
ranger's longbow	anthem,equipment
ranger's path	ramp,land_fetch
rangers' aetherhive	tokens
rank officer	tokens
rank rat	
rankle and torbran	evasive,haste
rankle, master of pranks	evasive,haste
rankle, master of pranksters	evasive,haste
rankle, pitiless trickster	evasive,haste
ransack	draw,cantrip
ransack the lab	draw,cantrip
rapacious dragon	evasive
rapacious guest	evasive
rapacious one	tokens,evasive
raph & mikey, troublemakers	evasive,haste
raph's bravado	combat_pump,anthem
raphael's technique	draw,cantrip
raphael, fiendish savior	anthem,tokens,evasive
raphael, most attitude	evasive
raphael, tag team tough	evasive
raphael, tough turtle	
rapid augmenter	haste
rapid decay	removal
rapid hybridization	removal,tokens
rapid prototyper	tokens
rapier wit	draw,cantrip
rappelling scouts	evasive
raptor companion	
raptor hatchling	tokens
rapturous moment	draw,cantrip,ramp,ritual
rasaad, dragon monk	tokens
rasaad, shadow monk	tokens
rasaad, sylvan monk	tokens
rasaad, warrior monk	tokens
rasputin, the oneiromancer	mana_dork,ramp,tokens
rat colony	
rat in the hat	
rat king, pale piper	tokens,evasive
rat king, verminister	sweeper,tokens,reanimation
rat of god	sweeper
rat out	combat_pump,tokens
ratcatcher	evasive
ratcatcher trainee	
ratchet bomb	sweeper
rathi dragon	evasive
rathi intimidator	evasive
rathi trapper	
ratonhnhaké꞉ton	tokens
rats of rath	
rats' feast	removal
rattleblaze scarecrow	haste
rattlechains	evasive
rattleclaw mystic	mana_dork,ramp
raubahn, bull of ala mhigo	
raucous audience	mana_dork,ramp
raucous entertainer	
raugrin crystal	mana_dork,ramp
ravager of the fells	evasive
ravager's mace	equipment
ravages of war	sweeper
ravaging blaze	removal
raven clan war-axe	anthem,equipment
raven eagle	evasive
raven familiar	evasive
raven of fell omens	evasive
raven wings	anthem,equipment
ravener	
ravenform	removal,tokens
ravenhill flock	evasive
ravening warg	
ravenous bloodseeker	
ravenous harpy	evasive
ravenous intruder	
ravenous pursuit	removal
ravenous rats	
ravenous robots	tokens
ravenous skirge	evasive
ravenous squirrel	
ravenous trap	sweeper
ravenous vampire	evasive
ravine raider	evasive
raving oni-slave	
raving visionary	
ravnica at war	sweeper
ravos, soultender	anthem,evasive
ray fillet, man ray	evasive
ray fillet, wave warrior	evasive
ray of dissolution	removal
ray of distortion	removal
ray of enfeeblement	combat_pump
ray of revelation	removal
ray of ruin	removal
rayami, first of the fallen	evasive,haste
rayblade trooper	tokens
razaketh, the foulblooded	evasive
raze	removal
raze the effigy	removal,combat_pump
raze to the ground	removal,draw,cantrip
razia, boros archangel	evasive,haste
razor boomerang	equipment
razor demon	evasive
razor hippogriff	evasive
razor rings	removal
razorfield ripper	equipment
razorfin hunter	
razorfoot griffin	evasive
razorgrass ambush	removal
razorgrass screen	
razorkin hordecaller	tokens,haste
razorkin needlehead	
razorlash transmogrant	
razortide bridge	mana_dork,ramp
razortooth rats	evasive
razzle-dazzler	
reach for the sky	anthem
reach of branches	tokens
reach of shadows	removal
reach the horizon	ramp,land_fetch
reach through mists	draw,cantrip
reactor raid	draw,cantrip
read the bones	draw,cantrip
read the runes	draw,cantrip
read the tides	removal,draw,cantrip
ready to rumble	removal
reality	removal
reality anchor	draw,cantrip
reality heist	draw,cantrip
reality hemorrhage	removal,burn
reality shift	removal
reality smasher	evasive,haste
reality strobe	removal
really charming prince	evasive
realm of koh	tokens
realm-scorcher hellkite	evasive,haste
realms uncharted	removal,ramp,land_fetch
realmwright	
reanimate	reanimation
reanimate [6cb8b8c4-0674-4f14-9d89-010969fbb80e]	reanimation
reap and sow	removal,ramp,land_fetch
reap intellect	removal
reap the past	removal
reap the seagraf	tokens
reaper from the abyss	evasive
reaper king	anthem
reaper of flight moonsilver	evasive
reaper's scythe	tokens,equipment
reaper's talisman	equipment
reaping willow	reanimation
rearing embermare	haste
reasonable doubt	counterspell
reassembling skeleton	
reave soul	removal
reaver ambush	removal
reaver drone	
rebel salvo	removal
rebellion of the flamekin	tokens
rebellious captives	
rebellious strike	draw,cantrip,combat_pump
rebuff the wicked	counterspell
rebuke	removal
recalibrate	removal,draw,cantrip
recall	removal
reciprocate	removal
reckless abandon	removal,burn
reckless air strike	removal
reckless amplimancer	
reckless barbarian	
reckless blaze	sweeper
reckless brute	haste
reckless bushwhacker	haste
reckless cohort	
reckless crew	tokens
reckless detective	
reckless fireweaver	
reckless imp	evasive
reckless lackey	haste
reckless one	haste
reckless pyrosurfer	haste
reckless rage	removal
reckless ransacking	combat_pump
reckless reveler	
reckless ringleader	haste
reckless spite	removal
reckless waif	
reckless wurm	evasive
reckoner bankbuster	tokens
reckoner's bargain	draw,cantrip
reclaim the wastes	ramp,land_fetch
reclaiming vines	removal
reclusive artificer	haste
reclusive taxidermist	mana_dork,ramp
recoil	removal
recommission	reanimation
recon craft theta	tokens
reconstruct history	removal
reconstructed thopter	evasive
recover	draw,cantrip
recross the paths	removal
recruit instructor	tokens
recruit the worthy	tokens
recruitment officer	
recurring insight	draw,cantrip
recurring nightmare	reanimation
recursive recruitment	tokens
recycla-bird	evasive
red and black legac	
red death, shipwrecker	mana_dork,ramp
red dragon	evasive
red elemental blast	removal,counterspell
red ghost, intangible genius	tokens
red herring	haste
red hulk	evasive
red mage's rapier	tokens,equipment
red mana battery	mana_dork,ramp
red priest of yawgmoth	mana_dork,ramp
red room recruit	
red scarab	anthem
red sun's twilight	removal
red sun's zenith	removal,burn
red tiger mechan	haste
red xiii, proud warrior	evasive
redcap gutter-dweller	tokens,evasive
redcap melee	removal
redeem the lost	removal
redemptor dreadnought	evasive
redress fate	sweeper
redshift, rocketeer chief	mana_dork,ramp
redtooth vanguard	evasive
reduce	counterspell
reduce to ashes	removal
reduce to memory	removal,tokens
reef roads	tokens
reef shaman	
reef worm	tokens
reenact the crime	removal
reezug, the bonecobbler	
reflection of kiki-jiki	
reflective gate	mana_dork,ramp
refocus	draw,cantrip
reforge the soul	draw,cantrip
refraction elemental	
refraction trap	removal,burn
refresh	draw,cantrip
refurbished familiar	evasive
refuse	removal
refuse to yield	combat_pump
refute	counterspell,draw,cantrip
refute destiny	removal
regal behemoth	evasive
regal bloodlord	tokens,evasive
regal bunnicorn	
regal caracal	anthem,tokens
regal imperiosaur	anthem
regal leosaur	
regent's authority	combat_pump
regicide	removal
regisaur alpha	tokens
regna, the redeemer	tokens,evasive
regress	removal
reidane, god of the worthy	evasive
reign of chaos	removal
reign of terror	sweeper
reign of the pit	tokens
reigning victor	tokens
reinforced ronin	haste
reins of the vinesteed	anthem
reinterpret	counterspell
reiterating bolt	removal
reiver demon	evasive
reject	removal,counterspell
reject imperfection	counterspell
rejoin the fight	sweeper
rejoinder	draw,cantrip
rekindled flame	removal,burn
rekindling phoenix	tokens,evasive
release the ants	removal,burn
release the dogs	tokens
release the gremlins	removal,tokens
release to memory	sweeper,tokens
release to the wind	removal
relentless dead	evasive,reanimation
relentless drednok	
relentless pursuit	draw,cantrip
relentless raptor	
relic axe	anthem,equipment
relic crush	removal
relic of legends	mana_dork,ramp
relic of progenitus	sweeper
relic of sauron	mana_dork,ramp
relic retriever	
relic robber	tokens,haste
relic runner	
relic seeker	
relic sloth	evasive
reluctant role model	
rem karolus, stalwart slayer	evasive,haste
remand	counterspell,draw,cantrip
reminisce	sweeper
remnant elemental	
remnant of the rising star	evasive
remodel	removal
remorseful cleric	sweeper,evasive
remove	removal
remove enchantments	sweeper
remove soul	counterspell
rend flesh	removal
rend spirit	removal
render inert	draw,cantrip
render silent	counterspell
rending flame	removal
rending vines	removal,draw,cantrip
rending volley	removal
rendmaw, creaking nest	tokens,evasive
renegade bull	evasive
renegade doppelganger	
renegade reaper	evasive
renegade tactics	draw,cantrip
renegade troops	haste
renegade's getaway	tokens
renewal	ramp,land_fetch
renewed solidarity	anthem
reno and rude	evasive
renowned weaponsmith	mana_dork,ramp
renowned weaver	tokens
repeal	removal,draw,cantrip
repeat offender	
repeating barrage	removal,burn
repel calamity	removal
repel intruders	counterspell,tokens
repel the darkness	draw,cantrip
repel the vile	removal
repentance	removal
repentant blacksmith	
repentant vampire	evasive
replenish	sweeper
replenish [09b7ea91-2620-4c45-af3c-60bbeab89966]	sweeper
replicating ring	mana_dork,ramp
replication specialist	evasive
repopulate	sweeper
reprieve	removal,draw,cantrip
reprisal	removal
reprocess	draw,cantrip
reptil, dinomorpher	
reptilian recruiter	evasive
repudiate	counterspell
repulse	removal,draw,cantrip
repulsor blast	removal
repulsor bots	evasive
repulsor rays	removal
repurposed enforcer	
requiem angel	tokens,evasive
requisition raid	removal
requiting hex	removal
reroute	draw,cantrip
reroute systems	removal
rescind	removal
rescue	removal
rescue from the underworld	removal
rescue girl, first responder	evasive
rescue skiff	reanimation
rescue the foal	removal
rescue, pepper potts	evasive
rescuer chwinga	
rescuer sphinx	evasive
resculpt	removal,tokens
research assistant	
research the deep	removal,draw,cantrip
research thief	evasive
resentful revelation	draw,cantrip
reservoir kraken	tokens,evasive
reshape the earth	ramp,land_fetch
resilient khenra	
resilient roadrunner	haste
resistance fighter	
resistance is futile	removal,reanimation
resistance reunited	combat_pump
resistance skywarden	evasive
resize	combat_pump
resolute archangel	evasive
resolute reinforcements	tokens
resolute rejection	removal
resolute strike	combat_pump
resolute veggiesaur	evasive
resolute watchdog	
resonance technician	evasive
resounding roar	combat_pump
resounding silence	removal
resounding thunder	removal,burn
resounding wave	removal
resourceful collector	haste
resourceful return	draw,cantrip
resplendent angel	tokens,evasive
resplendent griffin	evasive
resplendent marshal	evasive
response	removal
restart sequence	reanimation
restless bloodseeker	
restless dead	
restock	removal
restoration angel	evasive
restoration specialist	
restorative burst	removal
restorative technique	ramp,land_fetch
restore relic	removal
restrain	draw,cantrip
resupply	draw,cantrip
resurgent belief	sweeper
resurrection	reanimation
resurrection orb	equipment
retaliate	sweeper
retaliator griffin	evasive
retether	sweeper
rethink	counterspell
retribution of the meek	sweeper
retrieve	removal
retrieve prey	removal
retrieve the esper	tokens
retriever phoenix	evasive,haste
retrofitted transmogrant	
retrofitter foundry	tokens
retto, family racer	
return from the wilds	ramp,land_fetch,tokens
return of the mole man	tokens
return of the nightstalkers	sweeper
return of the wildspeaker	draw,cantrip,mass_pump
return to dust	removal
return to nature	removal
return to the earth	removal
return to the light realms	sweeper
return to the ranks	reanimation
return triumphant	reanimation
return upon the tide	tokens,reanimation
returned pastcaller	evasive
returned phalanx	
returned reveler	
reunion of the house	removal,reanimation
revealing eye	evasive
reveillark	evasive,reanimation
revel in silence	removal
revel of the fallen god	tokens
revel ruiner	evasive
revelation of power	combat_pump
revenant	evasive
revenge of the drowned	tokens
revenge of the rats	tokens
revered dead	
revered unicorn	
reverent hoplite	tokens
reverent howl	draw,cantrip
reverent silence	sweeper
reverse engineer	draw,cantrip
reverse ninja	
revitalize	draw,cantrip
revival	reanimation
revival experiment	removal
revival of the ancestors	tokens
revive the fallen	removal
reviving dose	draw,cantrip
reviving vapors	sweeper,draw,cantrip
revoke demise	reanimation
revoke existence	removal
revolutionary rebuff	counterspell
rewind	counterspell
rewrite regrets	reanimation
reya dawnbringer	evasive,reanimation
reyav, master smith	
rhet-tomb mystic	evasive
rhino's rampage	combat_pump
rhino, barreling brute	evasive,haste
rhino, terrible trampler	evasive
rhino-	
rhonas's last stand	tokens
rhonas's stalwart	
rhox charger	evasive
rhox maulers	evasive
rhox pummeler	evasive
rhuk, hexgold nabber	evasive,haste
rhys the redeemed	tokens
rhys, the evermore	
rhystic lightning	removal,burn
rhystic scrying	draw,cantrip
rhystic shield	combat_pump,mass_pump
rhythmic water vortex	removal
ria ivor, bane of bladehold	tokens
ribald shanty	removal
ribbon snake	evasive
ribbons of night	removal,draw,cantrip
ribbons of the reikai	draw,cantrip
ribtruss roaster	tokens
rick jones, destined sidekick	
rictus robber	tokens
riddle gate gargoyle	evasive
riddle of lightning	removal
riddlemaster sphinx	evasive
riddles in the dark	draw,cantrip
riddlesmith	
ride down	removal
ride the rails	combat_pump
ride's end	removal
rider in need	tokens
riders of rohan	tokens
riders of the mark	tokens,evasive,haste
ridged kusite	
rienne, angel of rebirth	anthem,evasive
rift bolt	removal,burn
rift elemental	
rift sower	mana_dork,ramp
riftmarked knight	tokens
riftsweeper	
riftwing cloudskate	evasive
rigging runner	
righteous blow	removal
righteous charge	mass_pump
righteous confluence	removal,tokens
righteous fury	sweeper
righteous valkyrie	anthem,evasive
righteousness	combat_pump
rile	removal,draw,cantrip
riling dawnbreaker	evasive
rime chill	draw,cantrip
rime dryad	
rime tender	
rime transfusion	anthem
rimebound dead	
rimefeather owl	evasive
rimehorn aurochs	evasive
rimescale dragon	evasive
rimewind taskmage	
rimrock knight	
rin and seri, inseparable	tokens
rin and seri, inseparabler	
ring of evos isle	equipment
ring of kalonia	equipment
ring of the lucii	mana_dork,ramp
ring of thune	equipment
ring of valkas	equipment
ring of xathrid	equipment
ring out	counterspell
ringskipper	evasive
ringwarden owl	evasive
rinoa heartilly	tokens
riot gear	anthem,equipment
riot piker	
riot spikes	anthem
rip apart	removal
rip the seams	removal
rip-clan crasher	haste
riparian tiger	evasive
riphook raider	
ripscale predator	evasive
riptide biologist	
riptide chimera	evasive
riptide island	tokens
riptide mangler	
riptide pilferer	
riptide replicator	tokens
riptide turtle	
rise again	reanimation
rise from the grave	reanimation
rise from the tides	tokens
rise of eagles	tokens
rise of extus	removal
rise of the ants	tokens
rise of the dark realms	sweeper
rise of the deathbringer	draw,cantrip,mass_pump
rise of the dread marn	tokens
rise of the eldrazi	removal,draw,cantrip
rise of the hobgoblins	tokens
rise of the varmints	tokens
rise to glory	reanimation
risen executioner	anthem
risen necroregent	tokens
rishadan airship	evasive
rishadan brigand	evasive
rishadan dockhand	
rishkar's expertise	draw,cantrip
rising chicane	mana_dork,ramp
rising miasma	mass_pump
rising of the day	anthem
risk factor	removal,burn,draw,cantrip
risky research	draw,cantrip
risky shortcut	draw,cantrip
risona, asari commander	haste
rite of belzenlok	tokens
rite of consumption	removal
rite of flame	ramp,ritual
rite of oblivion	removal
rite of renewal	removal
rite of the dragoncaller	tokens
rite of the moth	reanimation
rite of the raging storm	tokens
rite of the serpent	removal,tokens
rite of undoing	removal
rites of flourishing	ramp
rites of initiation	mass_pump
rites of reaping	combat_pump
rites of refusal	counterspell
rites of spring	ramp,land_fetch
rith's charm	removal,tokens
rith, liberated primeval	tokens,evasive
rith, the awakener	tokens,evasive
rith, the awakener avatar	tokens
ritual chamber	tokens
ritual of hope	mass_pump
ritual of rejuvenation	draw,cantrip
ritual of soot	sweeper
ritual of steel	anthem
ritual of the returned	removal,tokens
rivaz of the claw	mana_dork,ramp,evasive
riven turnbull	mana_dork,ramp
riven turnbull and princess lucrezia	mana_dork,ramp
river boa	
river herald scout	
river hoopoe	evasive
river merfolk	
river sneak	
river's favor	anthem
river's grasp	removal
riverfall mimic	
riverwalk technique	counterspell
riverwheel aerialists	evasive
riveteers ascendancy	reanimation
riveteers charm	sweeper
riveteers confluence	sweeper,draw,cantrip
riveteers decoy	
riveteers initiate	
riveteers provocateur	evasive
riveteers requisitioner	
rix maadi guildmage	
rix maadi reveler	
road	ramp,land_fetch
road rage	removal
roadkill rodney	
roadside assistance	tokens
roadside blowout	removal,draw,cantrip
roalesk, apex hybrid	evasive
roalesk, prime specimen	evasive
roamer's routine	ramp,land_fetch
roaming ghostlight	evasive
roar of endless song	tokens
roar of reclamation	sweeper
roar of the crowd	removal,burn
roar of the fifth people	tokens
roar of the kha	mass_pump
roar of the wurm	tokens
roast	removal
robber fly	evasive
robber of the rich	haste
robe of stars	anthem,equipment
robe of the archmagi	equipment
robo-	
robot domination	tokens
robotics mastery	anthem,tokens
roc charger	evasive
roc egg	tokens
roc hatchling	evasive
roc hunter	
roc of kher ridges	evasive
rock hydra	
rock slide	removal
rockcaster platoon	sweeper
rocket volley	removal
rocket-powered goblin glider	anthem,equipment
rockslide ambush	removal
rocksteady, mutant marauder	evasive
rocky rebuke	removal
rocky roads	tokens
rodolf duskbringer	evasive,reanimation
rofellos, llanowar emissary	mana_dork,ramp
rograkh, son of rohgahh	evasive
rogue elephant	
rogue kavu	
rogue skycaptain	evasive
rogue's gloves	equipment
rohgahh of kher keep	anthem
rohgahh, kher keep overlord	anthem,tokens
rohirrim lancer	evasive
roil cartographer	
roil elemental	evasive
roil eruption	removal,burn
roil's retribution	removal
roiling regrowth	ramp,land_fetch
roiling terrain	removal
roiling waters	removal,draw,cantrip
roilmage's trick	draw,cantrip
roku's mastery	removal
rollick of abandon	mass_pump
rolling earthquake	sweeper
rolling hamsphere	tokens
rolling spoil	removal,mass_pump
rolling temblor	sweeper
rolling thunder	removal,burn
romantic rendezvous	draw,cantrip
rona's vortex	removal
rona, herald of invasion	
rona, tolarian obliterator	evasive
ronin houndmaster	haste
ronin warclub	anthem,equipment
ronom unicorn	
roofstalker wight	
rooftop assassin	evasive
rooftop bypass	tokens
rooftop nuisance	draw,cantrip
rooftop percher	evasive
rooftop saboteurs	evasive
rook turret	evasive
rookie mistake	combat_pump
roon of the hidden realm	evasive
roost of drakes	tokens
roost seek	ramp,land_fetch
root greevil	sweeper
root out	removal
rootbreaker wurm	evasive
rootcast apprenticeship	tokens
rootcoil creeper	mana_dork,ramp
rootgrapple	removal,draw,cantrip
rootha, mastering the moment	tokens
rootrider faun	mana_dork,ramp
roots of all evil	tokens
roots of wisdom	draw,cantrip
rootwater diver	
rootwater mystic	
rootwater thief	
rootwire amalgam	tokens
rootwise survivor	haste
rope	anthem,equipment
rope line attendant	
rorix bladewing	evasive,haste
rory williams	
rose tyler	
rosethorn acolyte	mana_dork,ramp
rosethorn halberd	anthem,equipment
rosheen meanderer	mana_dork,ramp
rosheen, roaring prophet	mana_dork,ramp
rosnakht, heir of rohgahh	tokens
rot hulk	evasive
rot like the scum you are	tokens
rot shambler	
rot-curse rakshasa	evasive
rotating fireplace	mana_dork,ramp
roterothopter	evasive
rothga, bonded engulfer	evasive
rotisserie elemental	evasive
rotlung reanimator	tokens
rotted ones, lay siege	tokens
rotten reunion	removal,tokens
rotting giant	
rotting rats	
rotwidow pack	tokens
rough	sweeper
roughshod duo	evasive
rouse	combat_pump
rousing of souls	draw,cantrip,tokens
rousing read	anthem
rousing refrain	removal,ramp,ritual
rout	sweeper
routeway moose	
rover blades	equipment
rowan kenrith	sweeper
rowan's grim search	draw,cantrip
rowan, scion of war	evasive
rowdy crew	evasive
rowdy research	draw,cantrip
roxi, publicist to the stars	evasive
roxxon brutes	evasive
royal falcon	evasive
royal herbalist	
royal talon fighter jet	tokens
royal warden	tokens
rubble reading	removal
rubble rouser	mana_dork,ramp
rubblebelt maverick	
rubblebelt rioters	haste
ruby collector	mass_pump
ruby leech	
ruby, daring tracker	mana_dork,ramp,haste
rug of smothering	evasive
ruin crab	
ruin ghost	
ruin grinder	evasive
ruin in their wake	ramp,land_fetch
ruin rat	
ruin-lurker bat	evasive
ruination	sweeper
ruination guide	anthem
ruination rioter	
ruinous gremlin	
ruinous intrusion	removal
ruinous path	removal
ruinous rampage	sweeper
ruinous ultimatum	sweeper
ruinous waterbending	mass_pump
ruins recluse	
rukarumel, biologist	tokens
rulik mons, warren chief	tokens,evasive
rumbleweed	evasive
rumbling rockslide	removal
run	mass_pump
run ashore	removal
run away together	removal
run over	removal
run the play	draw,cantrip
runadi, behemoth caller	mana_dork,ramp
runaway carriage	evasive
runaway steam-kin	
runaway trash-bot	evasive
rundvelt hordemaster	anthem
rune of might	anthem
rune of speed	anthem
rune snag	counterspell
rune-brand juggler	
rune-cervin rider	evasive
rune-scarred demon	evasive
runeblade raiser	
runeboggle	counterspell,draw,cantrip
runebound wolf	
runecarved obelisk	mana_dork,ramp
runechanter's pike	equipment
runeclaw bear	
runed crown	anthem,equipment
runed servitor	
runed stalactite	anthem,equipment
runeflare trap	removal,burn
runehorn hellkite	evasive
runes of the deus	anthem
runescale stormbrood	evasive
runewing	evasive
runic repetition	removal
runic shot	removal
runo stromkirk	evasive
rupture	sweeper
rural recruit	tokens
ruric thar, biomagus	evasive
ruric thar, magecrusher	evasive
rush of battle	mass_pump
rush of blood	combat_pump
rush of inspiration	draw,cantrip
rush of knowledge	draw,cantrip
rushblade commander	
rushing river	removal
rushwood dryad	
rushwood elemental	evasive
rust	counterspell
rust elemental	evasive
rust goliath	evasive
rust harvester	evasive
rustrazor butcher	
rustvale bridge	mana_dork,ramp
rustvine cultivator	
rustwing falcon	evasive
ruthless cullblade	
ruthless deathfang	evasive
ruthless disposal	combat_pump
ruthless negotiation	removal,draw,cantrip
ruthless predation	combat_pump
ruthless radrat	evasive
ruthless ripper	
ruthless sniper	
ruthless technomancer	reanimation
ruthless waterbender	
ruxa, patient professor	anthem
rydia's return	mass_pump
rydia, summoner of mist	
ryusei, the falling star	evasive
s.h.i.e.l.d. deployment drone	tokens,evasive
s.h.i.e.l.d. helicarrier	tokens
s.h.i.e.l.d. spy kit	anthem,equipment
s.n.e.a.k. dispatcher	
s.n.o.t.	
sab-sunen, luxa embodied	evasive
saber ants	tokens
sabertooth nishoba	evasive
sabertooth outrider	evasive
sabertooth wyvern	evasive
sabotage strategist	evasive
sabotender	
sacellum godspeaker	mana_dork,ramp
sachi, daughter of seshiro	anthem
sacred cat	
sacred fire	removal,burn
sacred guide	
sacred mesa	tokens
sacred prey	
sacred rites	mass_pump
sacred white deer	
sacrifice	ramp,ritual
saddle of the cavalier	anthem,equipment
saddled rimestag	
sadistic sacrament	removal
sadistic shell game	removal
sadistic skymarcher	evasive
sadistic slash	combat_pump
safana, calimport cutthroat	evasive
safehold elite	
safehold sentry	
safewright quest	ramp,land_fetch
saffi eriksdotter	
sage aven	evasive
sage of epityr	
sage of hours	
sage of lat-nam	
sage of mysteries	
sage of shaila's claim	
sage of the beyond	evasive
sage of the inward eye	evasive
sage of the maze	mana_dork,ramp
sage of the skies	evasive
sage of the unknowable	mana_dork,ramp
sage owl	evasive
sage's dousing	counterspell,draw,cantrip
sage's nouliths	anthem,tokens,equipment
sage's reverie	anthem
sage's row savant	
sage-eye harrier	evasive
sagittars' volley	removal,sweeper
sagu mauler	evasive
sagu wildling	evasive
sahagin	
saheeli's directive	sweeper,draw,cantrip
saheeli's silverwing	evasive
saheeli, consul of oversight	tokens,evasive
saheeli, filigree master	tokens
saheeli, jewel of avishkar	tokens
saheeli, sublime artificer	tokens
saheeli, the gifted	tokens
saheeli, the sun's brilliance	
sai of the shinobi	anthem,equipment
sai, master thopterist	tokens
saiba cryptomancer	
saint elenda	tokens
saint traft and rem karolus	tokens
sakura-tribe elder	
sakura-tribe scout	
salacinder and soot, rascals	evasive
sally pride, lioness leader	tokens
salt road skirmish	removal,tokens
salt vampire	
saltblast	removal
salvage drone	
salvage scout	
salvage slasher	
salvaged manaworker	
salvation colossus	evasive
salvation engine	anthem
salvation swan	evasive
sami, ship's engineer	tokens
samite censer-bearer	
samite healer	
samite herbalist	
samite pilgrim	
samurai of the pale curtain	
samurai's katana	anthem,tokens,equipment
samut, hazoret's champion	
samut, the driving force	haste
samut, tyrant of naktamun	
samut, vizier of naktamun	haste
samut, voice of dissent	haste
samwise gamgee	
samwise the stouthearted	
sanar, unfinished genius	
sanctified charge	mass_pump
sanctifier en-vec	
sanctifier of souls	tokens
sanctify	removal
sanctuary blade	anthem,equipment
sanctuary cat	
sanctuary lockdown	anthem
sanctuary raptor	evasive
sanctuary wall	
sanctuary warden	tokens,evasive
sanctum gargoyle	evasive
sanctum weaver	mana_dork,ramp
sand augury	draw,cantrip
sand scout	tokens
sandbar merfolk	
sandbender scavengers	reanimation
sandbenders' storm	removal
sandblast	removal
sandman's quicksand	mass_pump
sandskitter outrider	evasive
sandsteppe war riders	evasive
sandstone oracle	evasive
sandstorm	sweeper
sandstorm crasher	evasive
sandstorm salvager	tokens
sandswirl wanderglyph	evasive
sandworm	haste
sandwurm convergence	tokens
sangrite backlash	anthem
sangromancer	evasive
sangrophage	
sanguimancy	draw,cantrip
sanguinary mage	
sanguine evangelist	tokens
sanguine praetor	sweeper
sanguine savior	evasive
sanguine sipper	
sanguine soothsayer	evasive
sanguine spy	evasive
sanguine syphoner	
sanitarium skeleton	
sanitation automaton	
sanwell, avenger ace	
sap vitality	removal
sapling nursery	tokens
sapphire dragon	evasive
sapphire drake	evasive
sapphire leech	evasive
saprazzan heir	
saprazzan legate	evasive
saproling cluster	tokens
saproling infestation	tokens
saproling migration	tokens
saproling symbiosis	tokens
saradoc, master of buckland	tokens
sarah jane smith	
sarcomancy	tokens
sardian avenger	evasive
sardian cliffstomper	
sarevok's tome	mana_dork,ramp
sarevok, ferocious usurper	evasive
sarevok, mighty usurper	evasive
sarinth greatwurm	evasive
sarinth steelseeker	
sarkhan the mad	tokens
sarkhan the masterless	tokens
sarkhan unbroken	tokens
sarkhan vol	tokens
sarkhan's catharsis	removal
sarkhan's dragonfire	removal,burn,draw,cantrip
sarkhan's rage	removal,burn
sarkhan's resolve	removal,combat_pump
sarkhan's whelp	evasive
sarkhan, dragon ascendant	
sarkhan, dragonsoul	sweeper
sarkhan, fireblood	tokens
sarpadian empires, vol. vii	tokens
sarpadian simulacrum	haste
saruli caretaker	mana_dork,ramp
saruman's trickery	counterspell
sash and waistcoat, unmen	
saskia the unyielding	haste
satoru, the infiltrator	evasive
satsuki, the living lore	
satya, aetherflux genius	evasive,haste
satyr firedancer	
satyr grovedancer	
satyr hedonist	
satyr hoplite	
satyr nyx-smith	tokens,haste
satyr rambler	evasive
satyr wayfinder	
satyr's cunning	tokens
sauroform hybrid	
sauron's ransom	draw,cantrip
sauron, dino devotee	evasive
sauron, lord of the rings	evasive,reanimation
sauron, the lidless eye	mass_pump
sauron, the necromancer	evasive
savaen elves	
savage alliance	removal,sweeper
savage conception	tokens
savage firecat	evasive
savage gorger	evasive
savage hunger	anthem
savage land dinosaur	evasive
savage offensive	combat_pump
savage packmate	anthem,evasive
savage punch	combat_pump
savage silhouette	anthem
savage smash	combat_pump
savage surge	combat_pump
savage swipe	combat_pump
savage thallid	tokens
savage twister	sweeper
savage ventmaw	evasive
savageborn hydra	
savai crystal	mana_dork,ramp
savai sabertooth	
savai thundermane	
savannah lions	
savannah sage	
savanti romero, time's exile	evasive
saving grace	anthem
saving grasp	removal
savor	combat_pump
saw	anthem,equipment
saw in half	removal
saw it coming	counterspell
sawblade scamp	haste
sawblade skinripper	evasive
sawtooth loon	evasive
sawtusk demolisher	tokens,evasive
sazacap's brew	draw,cantrip,combat_pump
sazh's chocobo	
scab-clan berserker	haste
scab-clan mauler	evasive
scalar scholar	
scalding devil	
scalding viper	
scaldkin	evasive
scale the heights	draw,cantrip
scaled destruction	sweeper
scaled herbalist	
scaled nurturer	mana_dork,ramp
scaleguard sentinels	
scalelord reckoner	evasive
scalesoul gnome	evasive,haste
scalestorm summoner	tokens
scalpelexis	evasive
scampering scorcher	tokens
scampire	reanimation
scan the clouds	draw,cantrip
scapegoat	removal
scapeshift	ramp,land_fetch
scarab feast	removal
scarblade elite	
scarblade scout	
scare tactics	mass_pump
scarecrone	reanimation
scarecrow guide	
scared stiff	evasive
scarlet spider, ben reilly	evasive
scarlet spider, kaine	evasive
scarlet witch, chaotic avenger	evasive
scarlet witch, wanda maximoff	evasive
scarmaker	
scarred puma	
scarred vinebreeder	
scarscale ritual	draw,cantrip
scarwood goblins	
scarwood hag	
scatter arc	counterspell,draw,cantrip
scatter ray	counterspell
scatter the seeds	tokens
scatter to the winds	counterspell
scattered thoughts	draw,cantrip
scattering stroke	counterspell
scattershot	removal
scattershot archer	sweeper
scavenged blade	anthem,equipment
scavenged brawler	evasive
scavenged weaponry	anthem
scavenger drake	evasive
scavenger folk	
scavenger grounds	sweeper
scavenger regent	evasive
scavenger regent [7e97a242-0bac-4f18-9228-e98ecca36254]	evasive
scavenger's talent	reanimation
scavenging harpy	evasive
scavenging ooze	
scene of the crime	mana_dork,ramp
scent of brine	counterspell
scent of cinder	removal,burn
scent of ivy	combat_pump
scent of nightshade	combat_pump
scepter of celebration	anthem,tokens,equipment
sceptre of eternal glory	mana_dork,ramp
schema thief	evasive
scheming aspirant	
scheming fence	
scheming silvertongue	evasive
schismotivate	combat_pump
scholar of new horizons	
scholar of the lost trove	evasive
school daze	counterspell,draw,cantrip
school of piranha	
scientist supreme of a.i.m.	
scion of darkness	evasive,reanimation
scion of draco	evasive
scion of oona	anthem,evasive
scion of shiv	evasive
scion of the swarm	evasive
scion of the ur-dragon	evasive
scion of ugin	evasive
scion of vitu-ghazi	tokens
scion summoner	tokens
scolding administrator	evasive
scooch	draw,cantrip
scorch spitter	
scorch the fields	removal,sweeper
scorched earth	removal
scorched rusalka	
scorching dragonfire	removal
scorching lava	removal,burn
scorching missile	removal
scorching shot	removal
scorching spear	removal,burn
scorching winds	sweeper
scorchmark	removal
scorn-blade berserker	
scorned villager	mana_dork,ramp
scorpion sentinel	
scorpion's sting	combat_pump
scour	removal,sweeper
scour all possibilities	draw,cantrip
scour from existence	removal
scour the desert	removal,tokens
scour the laboratory	draw,cantrip
scour the scene	tokens
scourge of kher ridges	sweeper,evasive
scourge of nel toth	evasive
scourge of skola vale	evasive
scourge of the nobilis	anthem
scourge of the skyclaves	
scourge of the throne	evasive
scourge of the undercity	
scourge of valkas	evasive
scourge wolf	
scourgemark	anthem
scourglass	sweeper
scouring sands	sweeper
scouring swarm	evasive
scout for survivors	reanimation
scout the borders	draw,cantrip
scout the city	removal
scout the wilderness	ramp,land_fetch,tokens
scout's warning	draw,cantrip
scouting hawk	evasive
scrabbling skullcrab	
scrap	removal
scrap mastery	sweeper
scrapheap scrounger	
scrapskin drake	evasive
scrapwork cohort	tokens
scrapwork mutt	
scrapyard mongrel	evasive
scrapyard salvo	removal
screamer-killer	evasive
screaming nemesis	haste
screaming phantom	evasive
screaming seahawk	evasive
screaming shield	anthem,equipment
screaming swarm	evasive
screams of the damned	sweeper
screeching bat	evasive
screeching buzzard	evasive
screeching drake	evasive
screeching griffin	evasive
screeching harpy	evasive
screeching phoenix	mass_pump,evasive
screeching scorchbeast	tokens,evasive
screeching silcaw	evasive
screeching skaab	
screeching sliver	
screeching soulbreaker	evasive
scriv, the obligator	evasive
scrollboost	combat_pump
scrollshift	removal,draw,cantrip
scrounge for eternity	reanimation
scrounged scythe	anthem,equipment
scrounging bandar	
scrounging skyray	evasive
scrutiny of the guildpact	anthem
scryb ranger	evasive
scryb sprites	evasive
sculpted perfection	anthem
sculpted sunburst	sweeper
sculptor of winter	
scurrid colony	
scurrilous sentry	evasive
scurry oak	tokens
scurry of gremlins	tokens
scute mob	
scute swarm	tokens
scuttlemutt	mana_dork,ramp
scuttletide	anthem,tokens
scuzzback marauders	evasive
scuzzback scrapper	
scuzzback scrounger	
scythe leopard	
scythe of the wretched	anthem,equipment
scythe specter	evasive
scythe tiger	
scythecat cub	evasive
scytheclaw	anthem,tokens,equipment
sea drake	evasive
sea eagle	evasive
sea gate banneret	mass_pump
sea gate restoration	draw,cantrip
sea gate stormcaller	
sea god's revenge	removal
sea god's scorn	removal
sea legs	anthem
sea scryer	mana_dork,ramp
sea sprite	evasive
seacoast drake	evasive
seafaring werewolf	
seagraf skaab	
sealed fate	removal,draw,cantrip
sear	removal
search elemental	
search for blex	draw,cantrip
search for tomorrow	ramp,land_fetch
searchlight companion	tokens,evasive
searchlight geist	evasive
searing barb	removal,burn
searing barrage	removal
searing blaze	removal
searing blood	removal
searing flesh	removal
searing light	removal
searing spear	removal,burn
searing touch	removal,burn
searing wind	removal,burn
searslicer goblin	tokens
seashell cameo	mana_dork,ramp
season of gathering	sweeper,draw,cantrip
season of loss	draw,cantrip
season of the burrow	removal,draw,cantrip,tokens
season of weaving	draw,cantrip
seasonal ritual	ramp,ritual
seasoned cathar	
seasoned consultant	
seasoned hallowblade	
seasoned pyromancer	tokens
seasoned warrenguard	
seat of the synod	mana_dork,ramp
secluded starforge	tokens
second breakfast	combat_pump
second guess	counterspell
second little pig	
second sight	draw,cantrip
second sunrise	sweeper
second thoughts	removal,draw,cantrip
secret door	
secret of bloodbending	removal
secret plans	anthem
secret rendezvous	draw,cantrip
secret rendezvous [ec744a2d-4a33-4807-bce0-d95cd5277b1f]	draw,cantrip
secret salvage	removal
secretkeeper	evasive
secrets of the golden city	draw,cantrip
secure detention	tokens
secure the scene	removal,tokens
secure the wastes	tokens
securitron squadron	
security blockade	tokens
security detail	tokens
sedge scorpion	
sedgemoor witch	tokens,evasive
sedraxis specter	evasive
see beyond	draw,cantrip
see red	anthem
see the truth	draw,cantrip
see the unwritten	draw,cantrip
seed guardian	tokens
seed spark	removal,tokens
seed the land	tokens
seedcradle witch	
seedglaive mentor	haste
seedling charm	removal
seedpod squire	evasive
seeds of innocence	sweeper
seeds of renewal	removal
seeds of strength	combat_pump
seedship broodtender	reanimation
seedship impact	removal
seek	removal
seek bolas's counsel	sweeper
seek the horizon	ramp,land_fetch
seek the wilds	draw,cantrip
seek thrills	sweeper
seeker of insight	
seeker of skybreak	
seeker of slaanesh	haste
seeker of sunlight	
seeker of the way	
seekers' squire	
seer of stolen sight	evasive
seer of the bright side	
seer's lantern	mana_dork,ramp
seething anger	combat_pump
seething song	ramp,ritual
seething song [1bf505a7-292e-4642-83b6-8ff41ebe5d51]	ramp,ritual
sefris of the hidden ways	reanimation
segovian angel	evasive
segovian sword	anthem,equipment
seismic monstrosaur	evasive
seismic rupture	sweeper
seismic sense	draw,cantrip
seismic shift	removal
seismic shudder	sweeper
seismic spike	removal,ramp,ritual
seismic strike	removal
seismic wave	removal,sweeper,burn
seize opportunity	combat_pump
seize the secrets	draw,cantrip
seize the soul	removal,tokens
seize the spoils	draw,cantrip
seize the storm	tokens
seized from slumber	removal
sejiri merfolk	
sek'kuar, deathkeeper	tokens
select for inspection	removal
selective memory	removal
selective snare	removal
selenia, dark angel	evasive
selenia, the cursed heart	evasive
selesnya charm	removal,tokens
selesnya cluestone	mana_dork,ramp
selesnya evangel	tokens
selesnya guildmage	mass_pump,tokens
selesnya keyrune	mana_dork,ramp
selesnya locket	mana_dork,ramp
selesnya signet	mana_dork,ramp
self-destruct	removal
selfie preservation	ramp,land_fetch
selfless cathar	mass_pump
selfless police captain	
selfless samurai	
selfless savior	
selfless spirit	evasive
selhoff entomber	
sell-sword brute	
seller of songbirds	tokens
seluma, light of aysen	evasive,reanimation
selvala's charge	draw,cantrip,tokens
selvala, eager trailblazer	mana_dork,ramp,tokens
selvala, explorer returned	mana_dork,ramp
selvala, heart of the wilds	mana_dork,ramp
semblance scanner	equipment
senate courier	evasive
senate griffin	evasive
senate guildmage	
send in the pest	tokens
sengir autocrat	tokens
sengir bats	evasive
sengir connoisseur	evasive
sengir nosferatu	tokens,evasive
sengir vampire	evasive
sengir, the dark baron	evasive
sensei golden-tail	
senseless rage	anthem
sensor splicer	tokens
sentinel dispatch	tokens
sentinel sarah lyons	anthem,haste
sentinel sliver	
sentinel totem	sweeper
sentinel's eyes	anthem
sentinel's mark	anthem
sentinels of glen elendra	evasive
sentry of the underworld	evasive
senu, keen-eyed protector	evasive
sephara, sky's blade	evasive
sephiroth's intervention	removal
sephiroth, one-winged angel	evasive
sepulcher ghoul	
sepulchral primordial	evasive,reanimation
sequence engine	tokens
seraph	evasive
seraph of dawn	evasive
seraph of new capenna	evasive
seraph of new phyrexia	evasive
seraph of the masses	evasive
seraph of the scales	tokens,evasive
seraph of the suns	evasive
seraph of the sword	evasive
seraphic greatsword	anthem,tokens,equipment
seraphic steed	tokens
serendib djinn	evasive
serendib efreet	evasive
serene heart	sweeper
serene master	
serene offering	removal
serene sleuth	
serene steward	
sergeant john benton	evasive,haste
sergeant-at-arms	tokens
serpent generator	tokens
serpent skin	anthem
serpent specialist	
serpentine	
serpentine curve	tokens
serpentine spike	removal
serra	anthem
serra advocate	evasive
serra angel	evasive
serra ascendant	evasive
serra avenger	evasive
serra aviary	anthem
serra disciple	evasive
serra faithkeeper	evasive
serra paragon	evasive
serra redeemer	evasive
serra sphinx	evasive
serra the benevolent	mass_pump,tokens
serra zealot	
serra's boon	anthem
serra's embrace	anthem
serra's emissary	evasive
serra's guardian	evasive
serrated scorpion	
serum powder	sweeper,mana_dork,ramp
serum raker	evasive
serum snare	removal
serum sovereign	evasive
serum visions	draw,cantrip
serum-core chimera	evasive
servant of the conduit	mana_dork,ramp
servant of the scale	
servant of the stinger	
serve	combat_pump
servo exhibition	tokens
servo schematic	tokens
seshiro the anointed	anthem
seshiro's living legacy	haste
set phasers to . . .	removal
setessan battle priest	
setessan griffin	evasive
setessan skirmisher	
setessan training	anthem
sethron, hurloon general	tokens
seton's desire	anthem
seton's scout	
settle beyond reality	removal
settle the score	removal
settle the wreckage	sweeper,ramp,land_fetch
seven dwarves	
sever soul	removal
sever the bloodline	removal,sweeper
severance priest	tokens
severed legion	evasive
severed strands	removal
sewer rats	
sewn-eye drake	evasive,haste
shabraz, the skyshark	evasive
shacklegeist	evasive
shadewing laureate	evasive
shadow alley denizen	
shadow glider	evasive
shadow guildmage	
shadow lance	mass_pump
shadow of doubt	draw,cantrip
shadow of the enemy	sweeper
shadow of the grave	sweeper
shadow prophecy	draw,cantrip
shadow puppeteers	tokens,evasive
shadow rift	draw,cantrip
shadow summoning	tokens
shadow the hedgehog	haste
shadow-rite priest	anthem
shadowbeast sighting	tokens
shadowblood egg	mana_dork,ramp
shadowborn apostle	
shadowborn demon	evasive
shadowfeed	removal
shadowheart, cleric of order	tokens
shadowheart, sharran cleric	
shadowmage infiltrator	evasive
shadows' verdict	sweeper
shadowspear	anthem,equipment
shadowstorm	sweeper
shadowstorm vizier	evasive
shadrix silverquill	evasive
shady traveler	evasive
shah of naar isle	evasive
shaile, dean of radiance	evasive
shake the foundations	sweeper,draw,cantrip
shakedown heavy	evasive
shalai and hallar	evasive
shalai's acolyte	evasive
shalai, voice of plenty	evasive
shaleskin bruiser	evasive
shallow grave	reanimation
shaman en-kor	
shaman of forgotten ways	mana_dork,ramp
shaman of the great hunt	haste
shamanic revelation	draw,cantrip
shamble back	removal,tokens
shambleshark	
shambling ghast	
shambling ghoul	
shambling goblin	
shang-chi, master of kung fu	mana_dork,ramp
shanid, sleepers' scourge	evasive
shanna, sisay's legacy	
shanodin dryads	
shao jun	evasive
shape stealer	
shaper apprentice	evasive
shaper guildmage	
shapesharer	
shard convergence	ramp,land_fetch
shard of broken glass	anthem,equipment
shard of the nightbringer	evasive
shard of the void dragon	evasive
shard phoenix	sweeper,evasive
shard volley	removal,burn
sharding sphinx	tokens,evasive
shardless outlander	evasive
shardmage's rescue	anthem
shared discovery	draw,cantrip
shared roots	ramp,land_fetch
shared triumph	anthem
shark shredder, killer clone	reanimation
shark typhoon	tokens
sharp-eyed rookie	
sharpened pitchfork	anthem,equipment
sharuum the hegemon	evasive
shatter	removal
shatter the oath	removal
shatter the sky	sweeper,draw,cantrip
shatter the source	removal
shattered acolyte	
shattered angel	evasive
shattered perception	draw,cantrip
shattered seraph	evasive
shattered wings	removal
shattering blow	removal
shattering pulse	removal
shattering spree	removal
shatterskull charger	evasive,haste
shatterskull minotaur	haste
shatterskull recruit	evasive
shatterskull smashing	removal
shatterstorm	sweeper
shatterwing pegasus	mass_pump,evasive
shauku, endbringer	evasive
shaun & rebecca, agents	mana_dork,ramp
shay cormac	
she-hulk, jade defender	evasive
she-hulk, jennifer walters	evasive
she-hulk, wallbreaker	evasive
shed weakness	combat_pump
shedding snake	evasive
sheer drop	removal
shefet archfiend	evasive
shefet dunes	mass_pump
shelinda, yevon acolyte	
shelkin brownie	
shell shield	combat_pump
shellfish scholar	
shellshock	sweeper
shelter	draw,cantrip
sheltered by ghosts	anthem
sheltering ancient	evasive
sheltering boughs	anthem
shen, wish granter	evasive
shenanigans	removal
sheoldred	evasive
sheoldred's assimilator	evasive
sheoldred's headcleaver	evasive
sheoldred's restoration	removal,reanimation
sheoldred's terror	removal
sheoldred, whispering one	reanimation
shepherd of heroes	evasive
shepherd of rot	
shepherd of the clouds	evasive
shepherd of the cosmos	evasive
shepherd of the flock	
shepherd of the lost	evasive
shepherding spirits	evasive
shi'ar soldier	evasive
shidako, broodmistress	
shield bearer	
shield mate	
shield of kaldra	equipment
shield of the avatar	equipment
shield of the oversoul	anthem
shield of the realm	equipment
shield of the righteous	anthem,equipment
shield sphere	
shield wall	mass_pump
shield's might	combat_pump
shielded aether thief	
shieldhide dragon	evasive
shifting wall	
shigeki, jukai visionary	
shiko and narset, unified	evasive
shiko, paragon of the way	evasive
shilgengar, sire of famine	sweeper,evasive
shimian specter	evasive
shimmer dragon	evasive
shimmer of possibility	draw,cantrip
shimmercreep	evasive
shimmering barrier	
shimmering efreet	evasive
shimmering glasskite	evasive
shimmering mirage	draw,cantrip
shimmerscale drake	evasive
shimmerwing chimera	evasive
shinechaser	evasive
shinen of flight's wings	evasive
shinen of fury's fire	haste
shinen of life's roar	
shinestriker	evasive
shinewend	evasive
shining aerosaur	evasive
shining armor	anthem,equipment
shinryu, transcendent rival	evasive
shiny impetus	anthem
shipwreck looter	
shipwreck sentry	
shipwreck sifters	
shipwreck singer	mass_pump,evasive
shire scarecrow	
shire shirriff	
shiv	tokens
shiv's embrace	mass_pump,anthem
shiva, warden of ice	
shivan branch-burner	evasive,haste
shivan devastator	evasive,haste
shivan dragon	evasive
shivan fire	removal
shivan hellkite	evasive
shivan meteor	removal
shivan phoenix	evasive
shivan raptor	haste
shivan wumpus	evasive
shivan wurm	evasive
shivan zombie	
shock	removal,burn
shock brigade	tokens,evasive
shocker	
shocking grasp	draw,cantrip,combat_pump
shocking sharpshooter	
shockmaw dragon	evasive
shoot down	removal
shoot the sheriff	removal
shopkeeper's bane	evasive
shore keeper	
shore lurker	evasive
shorecomber crab	
shorecrasher mimic	
shoreline looter	
shoreline ranger	evasive
shoreline scout	
shorikai, genesis engine	tokens
short bow	anthem,equipment
short sword	anthem,equipment
shoulder to shoulder	draw,cantrip
shove aside	removal
show of valor	combat_pump
shower of arrows	removal
shower of coals	removal,sweeper,burn
shower of sparks	removal
showstopping surprise	sweeper
shrapnel blast	removal,burn
shrapnel slinger	
shred memory	removal
shredded sails	removal
shredder's armor	anthem,equipment
shredder's revenge	draw,cantrip
shredder's technique	removal
shredding winds	removal
shreds of sanity	removal
shriek raptor	evasive
shriekdiver	evasive
shriekgeist	evasive
shrieking drake	evasive
shrieking grotesque	evasive
shrieking mogg	haste
shrieking specter	evasive
shriekmaw	evasive
shriekwood devourer	evasive
shrike force	evasive
shrike harpy	evasive
shrine keeper	
shrine of boundless growth	mana_dork,ramp
shrine of loyal legions	tokens
shrink	combat_pump
shrivel	mass_pump
shroofus sproutsire	tokens,evasive
shrouded shepherd	
shu cavalry	evasive
shu elite companions	evasive
shu farmer	
shu general	evasive
shuko	anthem,equipment
shuri, the black panther	
shuri, wakandan inventor	
shuriken	equipment
shuttle ace	evasive
shuttle crew	evasive
shy town	tokens
siani, eye of the storm	evasive
sibilant spirit	evasive
sibsig's artisan	
sick and tired	combat_pump
sickening dreams	sweeper
sickening shoal	combat_pump
sickle ripper	
sickleslicer	anthem,tokens,equipment
sidar jabari of zhalfir	evasive,reanimation
side to side	tokens
sidequest: raise a chocobo	tokens
sidewinder naga	evasive
sidewinder sliver	
sidisi's faithful	
sidisi, brood tyrant	tokens
sidisi, regent of the mire	reanimation
siege dragon	evasive
siege elemental	evasive
siege modification	anthem
siege rhino	evasive
siege smash	removal
siege veteran	tokens
siege wurm	evasive
siege zombie	
siege-gang commander	tokens
siege-gang lieutenant	tokens
siegebreaker giant	evasive
siegecraft	anthem
siegehorn ceratops	
siegfried, famed swordsman	evasive
sift	draw,cantrip
sift through sands	draw,cantrip
sifter of skulls	tokens
sifter wurm	evasive
sigarda's vanguard	evasive
sigarda, champion of light	anthem,evasive
sigarda, font of blessings	evasive
sigarda, heron's grace	tokens,evasive
sigarda, host of herons	evasive
sigardian evangel	
sigardian paladin	evasive
sigardian priest	
sigardian savior	evasive,reanimation
sight beyond sight	draw,cantrip
sighted-caste sorcerer	
sightless brawler	anthem
sigil blessing	combat_pump
sigil of distinction	equipment
sigil of the empty throne	tokens
sigil of valor	equipment
sigiled paladin	
sigiled skink	
sigiled starfish	
sigiled sword of valeron	anthem,tokens,equipment
sign in blood	draw,cantrip
sign in blood [44443716-8356-40cd-a879-35264b29108c]	draw,cantrip
signal pest	
signaling roar	tokens
sigurd, jarl of ravensthorpe	evasive
silence the believers	removal,sweeper
silence the echo	removal
silent assassin	
silent departure	removal
silent extraction	counterspell
silent gravestone	sweeper
silent hallcreeper	
silent observer	evasive
silent sentinel	evasive
silent skimmer	evasive
silent specter	evasive
silent-chant zubera	
silhana ledgewalker	
silhana starfletcher	mana_dork,ramp
silhana wayfinder	
silk, web weaver	tokens
silkbind faerie	evasive
silkenfist fighter	
silklash spider	sweeper
silkwing scout	evasive
silumgar assassin	
silumgar monument	mana_dork,ramp
silumgar scavenger	evasive
silumgar sorcerer	evasive
silumgar's command	removal,counterspell,combat_pump
silumgar's scorn	counterspell
silumgar, the drifting death	evasive
silundi vision	draw,cantrip
silvar, devourer of the free	evasive
silver deputy	
silver drake	evasive
silver erne	evasive
silver knight	
silver myr	mana_dork,ramp
silver raven	evasive
silver scrutiny	draw,cantrip
silver seraph	anthem,evasive
silver shroud costume	equipment
silver surfer, cosmic voyager	evasive
silver surfer, galactus's herald	evasive
silver wyvern	evasive
silver-fur master	anthem
silver-inlaid dagger	anthem,equipment
silverback shaman	evasive
silverbeak griffin	evasive
silverbluff bridge	mana_dork,ramp
silverchase fox	
silverclaw griffin	evasive
silvercoat lion	
silverflame squire	
silverfur partisan	tokens,evasive
silvergill adept	
silvergill douser	
silvergill mentor	tokens
silverglade pathfinder	
silverpelt werewolf	
silverquill apprentice	
silverquill charm	removal
silverquill command	draw,cantrip,reanimation
silverquill silencer	
silverquill, the disputant	evasive
silverskin armor	anthem,equipment
silverstrike	removal
silverwing squadron	tokens,evasive
silvos, rogue elemental	evasive
simian sling	anthem,equipment
simic charm	removal,combat_pump
simic cluestone	mana_dork,ramp
simic guildmage	
simic initiate	
simic keyrune	mana_dork,ramp
simic locket	mana_dork,ramp
simic signet	mana_dork,ramp
simic sky swallower	evasive
simoon	sweeper
simple	sweeper
simulacrum synthesizer	tokens
sin prodder	evasive
sin, spira's punishment	evasive
sin, unending cataclysm	evasive
sindbad	
sinew dancer	
sinew sliver	anthem
singe	removal
singularity rupture	sweeper
sinister concierge	
sinister sabotage	counterspell
sinister starfish	
sinister strength	anthem
sink into stupor	removal
sink into takenuma	removal
sinkhole	removal
sinkhole surveyor	evasive
sins of the past	removal
sinuous predator	
sinuous vermin	evasive
siona, captain of the pyleas	tokens
sip of hemlock	removal
sire of seven deaths	evasive
sire of the storm	evasive
siren lookout	evasive
siren of the fanged coast	evasive
siren of the silent song	evasive
siren reaver	evasive
siren song lyre	equipment
siren stormtamer	evasive
siren's ruse	removal,draw,cantrip
sisay's ring	mana_dork,ramp
sister hospitaller	reanimation
sisterhood of karn	
sisters of the flame	mana_dork,ramp
sita varma, masked racer	
sivitri, dragon master	sweeper
six-sided die	removal,combat_pump
sizzling barrage	removal
skaab goliath	evasive
skaab ruinator	evasive
skaab wrangler	
skanos, black dragon vassal	evasive
skanos, blue dragon vassal	evasive
skarrg goliath	evasive
skarrg guildmage	
skarrgan firebird	evasive
skarrgan hellkite	evasive
skarrgan pit-skulk	
skateboard	anthem,equipment
skeletal changeling	
skeletal grimace	anthem
skeletal kathari	evasive
skeletal scrying	draw,cantrip
skeletal snake	
skeletal swarming	tokens
skeletal vampire	tokens,evasive
skeleton crew	tokens
skeleton key	equipment
skeletonize	removal
skemfar avenger	
skemfar elderhall	tokens
skewer slinger	
skewer the critics	removal,burn
skilled battlecarver	
skimming strike	draw,cantrip
skin shedder	
skinbrand goblin	
skinshifter	
skinthinner	
skinwing	anthem,tokens,equipment
skirge familiar	evasive
skirk alarmist	haste
skirk drill sergeant	
skirk fire marshal	sweeper
skirk marauder	
skirk outrider	evasive
skirk prospector	
skirk ridge exhumer	tokens
skirmish rhino	evasive
skirsdag flayer	
skirsdag high priest	tokens
skithiryx, the blight dragon	evasive
skitter of lizards	haste
skitterbeam battalion	evasive,haste
skittering heartstopper	
skittering invasion	tokens
skittering precursor	tokens,evasive
skittering skirge	evasive
skittish kavu	
skizzik	evasive,haste
skizzik surger	haste
skola grovedancer	
skorpekh lord	anthem,evasive
skred	removal
skrelv's hive	tokens
skrelv, defector mite	
skulduggery	combat_pump
skulking ghost	evasive
skull of ramos	mana_dork,ramp
skull prophet	mana_dork,ramp
skull saucer	evasive
skull skaab	tokens
skullbriar, the walking grave	haste
skullcap snail	
skullclamp	anthem,equipment
skullcrack	removal
skullpiercer gnat	evasive
skullsnap nuisance	evasive
skullsnatcher	
skulltap	draw,cantrip
sky crier	evasive
sky diamond	mana_dork,ramp
sky hussar	evasive
sky ruin drake	evasive
sky scourer	evasive
sky spirit	evasive
sky swallower	evasive
sky terror	evasive
sky theater strix	evasive
sky weaver	
sky-blessed samurai	evasive
sky-eel school	evasive
skyblade of the legion	evasive
skyblade's boon	anthem
skyblinder staff	anthem,equipment
skyboon evangelist	evasive
skycat sovereign	tokens,evasive
skyclave aerialist	evasive
skyclave apparition	tokens
skyclave cleric	
skyclave geopede	evasive
skyclave invader	evasive
skyclave pick-axe	equipment
skyclave plunder	draw,cantrip
skyclave relic	mana_dork,ramp
skyclave sentinel	evasive
skyclave shade	
skyclave squid	
skycloud egg	mana_dork,ramp
skycoach conductor	evasive
skycrash	removal
skyfire kirin	evasive
skyfire phoenix	evasive,haste
skyhunter cub	evasive
skyhunter patrol	evasive
skyhunter prowler	evasive
skyhunter skirmisher	evasive
skyhunter strike force	evasive
skyknight legionnaire	evasive,haste
skyknight squire	evasive
skyknight vanguard	tokens,evasive
skylasher	
skyline despot	tokens,evasive
skyline predator	evasive
skyline savior	evasive
skyline scout	
skymarch bloodletter	evasive
skymarcher aspirant	evasive
skymark roc	evasive
skyreach manta	evasive
skyreaping	sweeper
skyrider elf	evasive
skyrider patrol	evasive
skyrider trainee	evasive
skyscanner	evasive
skyscribing	draw,cantrip
skyscythe engulfer	evasive
skyserpent seeker	evasive
skyship buccaneer	evasive
skyship plunderer	evasive
skyship stalker	evasive
skyshooter	
skyshroud archer	
skyshroud blessing	draw,cantrip
skyshroud claim	ramp,land_fetch
skyshroud condor	evasive
skyshroud elf	mana_dork,ramp
skyshroud elite	
skyshroud falcon	evasive
skyshroud lookout	
skyshroud ranger	
skyshroud ridgeback	
skyshroud troopers	mana_dork,ramp
skyshroud vampire	evasive
skyshroud war beast	evasive
skyskipper duo	evasive
skyspear cavalry	evasive
skystreak engineer	evasive
skystreamer	evasive
skystrike officer	tokens,evasive
skyswimmer koi	evasive
skyswirl harrier	evasive
skyward spider	evasive
skywarp skaab	evasive
skywatcher adept	evasive
skyway robber	evasive
skyway sniper	
skywhaler's shot	removal
skywinder drake	evasive
skywing aven	evasive
skywise teachings	tokens
skywriter djinn	evasive
slab hammer	equipment
slag fiend	
slagdrill scrapper	
slagstorm	sweeper
slagwoods bridge	mana_dork,ramp
slagwurm armor	anthem,equipment
slash of light	removal
slash of talons	removal
slash panther	haste
slash the ranks	sweeper
slash, reptile rampager	tokens
slaughter	removal
slaughter drone	
slaughter games	removal
slaughter pact	removal
slaughter singer	
slaughter specialist	tokens
slaughter-priest of mogis	
slavering branchsnapper	evasive
slavering nulls	
slay	removal,draw,cantrip
slayer's cleaver	anthem,equipment
slayer's plate	anthem,tokens,equipment
slaying fire	removal,burn
sleep with the fishes	tokens
sleep-cursed faerie	evasive
sleeper agent	
sleight of hand	draw,cantrip
sleuth instructor	
slice and dice	sweeper
slice from the shadows	combat_pump
slice in twain	removal,draw,cantrip
slicer, hired muscle	haste
slick imitator	
slick sequence	removal,burn,draw,cantrip
slickshot show-off	evasive,haste
slight malfunction	removal
slime against humanity	tokens
slime molding	tokens
slimefoot and squee	tokens,reanimation
slimefoot's survey	draw,cantrip,ramp,land_fetch
slimefoot, thallid transplant	
slimefoot, the stowaway	tokens
slimy piper	
sling-gang lieutenant	tokens
slingbow trap	removal
slinking skirge	evasive
slip on the ring	removal
slip through space	draw,cantrip
slippery bogle	
slith ascendant	evasive
slith bloodletter	
slith firewalker	haste
slith predator	evasive
slither blade	
slitherhead	
slithering shade	
slivdrazi monstrosity	tokens
sliver hive	tokens
sliver queen	tokens
sliver queen, brood mother	tokens
sliversmith	tokens
slobad, goblin tinkerer	
slobad, iron goblin	mana_dork,ramp
slogurk, the overslime	evasive
sludge crawler	
sludge titan	evasive
slumbering cerberus	
slumbering dragon	evasive
slumbering keepguard	
slumbering trudge	
slumbering walker	reanimation
sly requisitioner	tokens
smash	removal,draw,cantrip
smash to dust	removal,sweeper
smash to smithereens	removal
smashing success	removal
smaug the impenetrable	evasive,haste
smaug the magnificent	evasive,haste
smaug, the great calamity	evasive
smaug, wicked worm	evasive
smelt	removal
smelt [5db492f2-21c0-4eee-843a-509fa0d3a327]	removal
smelt-ward ignus	
smelted chargebug	evasive
smile at death	reanimation
smirking spelljacker	evasive
smite	removal
smite the deathless	removal
smite the monstrous	removal
smiting helix	removal,burn
smitten swordmaster	
smog elemental	evasive
smog smasher	evasive
smoke shroud	anthem
smoke teller	
smokebraider	mana_dork,ramp
smolder initiate	
smoldering efreet	
smoldering egg	
smother	removal
smothering abomination	evasive
snake basket	tokens
snake pit	tokens
snake umbra	anthem
snakeform	draw,cantrip
snap	removal
snapback	removal
snapcaster mage	
snapping drake	evasive
snapping gnarlid	
snapping voidcraw	mana_dork,ramp
snapsail glider	evasive
snapsail rider	evasive
snare thopter	evasive,haste
snaremaster sprite	evasive
snarespinner	
snarl song	tokens
snarlfang vermin	
snarling gorehound	evasive
snarling warg	evasive
snarling wolf	
sneaking guide	
sneaky homunculus	
sneaky snacker	evasive
sneering shadewriter	evasive
snickering squirrel	
snooping newsie	
snort	draw,cantrip
snow day	draw,cantrip
snowhorn rider	evasive
snubhorn sentry	
snuff out	removal
soar	anthem
soaring drake	evasive
soaring lightbringer	tokens,evasive
soaring sandwing	evasive
soaring show-off	evasive
soaring stoneglider	evasive
soaring thought-thief	anthem,evasive
socketed sprocketer	
soilshaper	
sokenzan	anthem
sokenzan smelter	tokens
sokenzan, crucible of defiance	tokens
sokka and suki	tokens
sokka's haiku	counterspell,draw,cantrip
sokka's sword training	combat_pump
sokka, bold boomeranger	
sokka, tenacious tactician	tokens,evasive
sol grail	mana_dork,ramp
sol ring	mana_dork,ramp
sol talisman	mana_dork,ramp
sol, advocate eternal	evasive
solar array	mana_dork,ramp
solar blast	removal,burn
solar blaze	removal
solar tide	sweeper
solar transformer	mana_dork,ramp
solarium sentry	
sold out	removal
soldevi adnate	mana_dork,ramp
soldevi machinist	mana_dork,ramp
soldevi sage	
soldevi sentry	
soldier of fortune	
soldier of the grey host	evasive
soldier of the pantheon	
soldiers of the watch	
solemn doomguide	evasive
solemn offering	removal
solid footing	anthem
solidarity	mass_pump
solitary study	anthem
soltari champion	evasive
soltari crusader	evasive
soltari emissary	
soltari foot soldier	evasive
soltari guerrillas	evasive
soltari lancer	evasive
soltari monk	evasive
soltari priest	evasive
soltari trooper	evasive
soltari visionary	evasive
somber hoverguard	evasive
somberwald beastmaster	tokens
somberwald dryad	
somberwald sage	mana_dork,ramp
somberwald vigilante	
somnomancer	
somnophore	evasive
sonar strike	removal
song of creation	ramp
song of eärendil	tokens
song of seasons	removal
song of totentanz	tokens
songbird, sonic screamer	
songs of the damned	ramp,ritual
songstitcher	
sonic assault	removal
sonic burst	removal,burn
sonic screwdriver	mana_dork,ramp
sonic seizure	removal,burn
sonic shrieker	evasive
sonic the hedgehog	haste
sonorous howlbonder	evasive
sontaran general	evasive,haste
soot imp	evasive
sootfeather flock	evasive
soothing of sméagol	removal
soothsayer adept	
sootstoke kindler	haste
soovril, patient antiquarian	
sophia, dogged detective	tokens
sophina, spearsage deserter	evasive
soramaro, first to dream	evasive
soratami cloudskater	evasive
soratami mindsweeper	evasive
soratami mirror-guard	evasive
soratami mirror-mage	evasive
soratami rainshaper	evasive
soratami savant	evasive
soratami seer	evasive
soraya the falconer	anthem
sorcerer of the fang	
sorcerer's broom	
sorcerer's wand	equipment
sorceress's schemes	ramp,ritual
sorcerous sight	draw,cantrip
sorcerous squall	removal
sorin of house markov	
sorin the mirthless	tokens
sorin's remastered manor	anthem
sorin's thirst	removal
sorin's vengeance	removal
sorin, grim nemesis	tokens
sorin, lord of innistrad	sweeper,tokens
sorin, solemn visitor	tokens
sorin, vengeful bloodlord	reanimation
sort of _____ and _____	equipment
sosuke's summons	tokens
sosuke, son of seshiro	anthem
soul burn	removal,burn
soul collector	evasive
soul diviner	
soul exchange	reanimation
soul immolation	sweeper
soul kiss	mass_pump
soul manipulation	counterspell
soul nova	removal,sweeper
soul of migration	tokens,evasive
soul of mirrodin	evasive
soul of new phyrexia	evasive
soul of ravnica	evasive
soul of the harvest	evasive
soul of the rapids	evasive
soul of zendikar	tokens
soul read	counterspell,draw,cantrip
soul reap	removal
soul rend	removal
soul scourge	evasive
soul sear	removal
soul search	removal,tokens
soul seizer	evasive
soul shepherd	
soul shred	removal
soul spike	removal,burn
soul swallower	evasive
soul transfer	removal
soul warden	
soul's attendant	
soul's fire	removal,burn
soul's majesty	draw,cantrip
soul-guide gryff	evasive
soul-guide lantern	sweeper
soul-scar mage	
soul-strike technique	anthem
soulblade djinn	evasive
soulbound guardians	evasive
soulbright flamekin	
soulbright seeker	
soulcatcher	evasive
soulcoil viper	reanimation
soulfire grand master	
soulgorger orgg	evasive
soulless jailer	
soulmender	
soulquake	sweeper
souls of the lost	
soulscour	sweeper
soulshriek	combat_pump
soulstealer axe	equipment
soultether golem	
sound the call	tokens
sound the trumpets	counterspell,draw,cantrip,tokens
soundwave, superior captain	tokens
sourbread auntie	tokens
south pole voyager	
souvenir snatcher	evasive
souvenir t-shirt	equipment
sovereign's macuahuitl	anthem,equipment
sower of discord	evasive
sower of temptation	evasive
sowing salt	removal,sweeper
space beleren	sweeper
spaceshift	removal
spaghetti junction	tokens
spare changeling	mana_dork,ramp
spare dagger	anthem,equipment
spark elemental	evasive,haste
spark harvest	removal
spark jolt	removal,burn
spark mage	
spark of creativity	removal
spark spray	removal,burn
spark trooper	evasive,haste
sparkmage apprentice	
sparkmage's gambit	removal
sparksmith	
sparkspitter	tokens
sparktongue dragon	evasive
sparring collar	equipment
sparring construct	
sparring dummy	
spartan veteran	
spatial contortion	combat_pump
spawn of mayhem	evasive
spawn of thraxes	evasive
spawn-gang commander	tokens
spawnbed protector	tokens
spawning bed	tokens
spawning breath	removal,burn,tokens
spawning kraken	tokens
spawning pit	tokens
spawnsire of ulamog	tokens
spawnwrithe	evasive
speakeasy server	evasive
speaker of the heavens	tokens
spear of heliod	anthem
spear of the general	anthem,equipment
spear spewer	
spearpoint oread	anthem
special move	removal
specimen collector	tokens
spectacle mage	evasive
spectacular pileup	sweeper
spectacular skywhale	evasive
spectacular spider-man	
spectacular tactics	removal
specter of mortality	evasive
specter of the fens	evasive
specter's shriek	removal
specter's shroud	anthem,equipment
spectra ward	anthem
spectral adversary	evasive
spectral arcanist	evasive
spectral bears	
spectral denial	counterspell
spectral flight	anthem
spectral force	evasive
spectral interference	counterspell
spectral lynx	
spectral procession	tokens
spectral reserves	tokens
spectral rider	evasive
spectral sailor	evasive
spectral searchlight	mana_dork,ramp
spectral shepherd	evasive
spectral shield	anthem
spectral steel	anthem
spectrox mines	tokens
spectrum sentinel	
speed, young avenger	haste
speedbrood stalker	evasive
speedway fanatic	haste
spell blast	counterspell
spell burst	counterspell
spell contortion	counterspell,draw,cantrip
spell counter	counterspell
spell crumple	counterspell
spell pierce	counterspell
spell queller	evasive
spell rupture	counterspell
spell satchel	mana_dork,ramp
spell shrivel	removal,counterspell
spell snare	counterspell
spell snip	counterspell
spell snuff	counterspell,draw,cantrip
spell stutter	counterspell
spell suck	counterspell
spell swindle	counterspell
spell syphon	counterspell
spellbinder	equipment
spellbinding soprano	
spellbook seeker	evasive
spellbook vendor	
spellbound dragon	evasive
spellgyre	counterspell,draw,cantrip
spellheart chimera	evasive
spelling bee	evasive
spelljack	removal,counterspell
spellpyre phoenix	evasive
spellrune howler	
spellscorn coven	evasive
spellshift	counterspell
spellskite	
spellstutter sprite	evasive
spelltwine	removal
spellweaver eternal	
spellwild ouphe	
spew flame	removal
sphere of the suns	mana_dork,ramp
sphinx ambassador	evasive
sphinx mindbreaker	evasive
sphinx of clear skies	evasive
sphinx of enlightenment	evasive
sphinx of false conclusions	evasive
sphinx of foresight	evasive
sphinx of forgotten lore	evasive
sphinx of jwar isle	evasive
sphinx of lost truths	evasive
sphinx of magosi	evasive
sphinx of new prahv	evasive
sphinx of the chimes	evasive
sphinx of the final word	evasive
sphinx of the guildpact	evasive
sphinx of the revelation	evasive
sphinx of the second sun	evasive
sphinx of the steel wind	evasive
sphinx of uthuun	evasive
sphinx sovereign	evasive
sphinx summoner	evasive
sphinx's approach	removal,draw,cantrip
sphinx's disciple	evasive
sphinx's herald	
sphinx's insight	draw,cantrip
sphinx's revelation	draw,cantrip
spider climb	anthem
spider food	removal
spider manifestation	mana_dork,ramp
spider spawning	tokens
spider umbra	anthem
spider-bot	
spider-girl, legacy hero	tokens,evasive
spider-ham, peter porker	anthem
spider-man 2099	
spider-man noir	evasive
spider-man, miles morales	evasive
spider-man, peter parker	evasive
spider-man, web-spinner	haste
spider-punk	
spider-rex, daring dino	evasive
spider-sense	counterspell
spider-slayer, hatred honed	tokens
spider-suit	anthem,equipment
spider-woman, stunning savior	evasive
spiders-man, heroic horde	tokens
spidersilk armor	anthem
spidersilk net	anthem,equipment
spike breeder	tokens
spike drone	
spike jester	haste
spiked baloth	evasive
spiked corridor	tokens
spiked ripsaw	anthem,equipment
spikefield hazard	removal,burn
spikeshot elder	
spiketail drake	evasive
spiketail drakeling	evasive
spiketail hatchling	evasive
spin out	removal
spinal graft	anthem
spincrusher	
spindrift drake	evasive
spined sliver	
spined thopter	evasive
spineless thug	
spinerock tyrant	evasive
spinewoods paladin	evasive
spinneret and spiderling	
spinneret sliver	
spinnerette, arachnobat	evasive
spinning darkness	removal
spinning wheel	mana_dork,ramp
spinning wheel kick	removal
spiny starfish	tokens
spiraling embers	removal,burn
spire barrage	removal,burn
spire golem	evasive
spire mangler	evasive
spire monitor	evasive
spire owl	evasive
spire patrol	evasive
spire phantasm	evasive
spire tracer	
spire winder	evasive
spirespine	anthem
spirit away	anthem
spirit bonds	tokens
spirit cairn	tokens
spirit en-dal	evasive
spirit en-kor	evasive
spirit flare	removal
spirit mantle	anthem
spirit mascot	
spirit mirror	tokens
spirit of malevolence	
spirit of the hearth	evasive
spirit of the labyrinth	
spirit of the night	evasive,haste
spirit of the spires	anthem,evasive
spirit summoning	tokens
spirit water revival	removal,sweeper,draw,cantrip
spirit weaver	
spirited companion	
spiritual visit	tokens
spiritualize	draw,cantrip
spit flame	removal
spite	counterspell
spite of mogis	removal
spiteflame witch	
spiteful blow	removal
spiteful bully	
spiteful hexmage	
spiteful motives	anthem
spiteful returned	anthem
spitfire handler	
spitting drake	evasive
spitting earth	removal
spitting spider	sweeper
splash portal	removal,draw,cantrip
splatter goblin	
splatter technique	sweeper,draw,cantrip
splendid reclamation	sweeper
splicer's skill	tokens
splinter	removal,sweeper
splinter, hamato yoshi	anthem,evasive
splinter, the mentor	evasive
splinterfright	evasive
splintering wind	sweeper,tokens
split decision	counterspell
split the spoils	removal
split up	sweeper
split-tail miko	
splitskin doll	
splitting the powerstone	draw,cantrip
spoils of adventure	draw,cantrip
spoils of blood	tokens
spoils of the hunt	removal,combat_pump
spoils of victory	ramp,land_fetch
spontaneous combustion	sweeper
spontaneous flight	combat_pump
spontaneous generation	tokens
spore burst	tokens
spore flower	
spore frog	
spore swarm	tokens
sporeback wolf	
sporecrown thallid	
sporemound	tokens
sporesower thallid	tokens
sporeweb weaver	tokens
sporocyst	
sporogenesis	tokens
spotlight falcon	evasive
spotted griffin	evasive
spotter thopter	evasive
spread the sickness	removal
spreading flames	removal
spreading rot	removal
spring	ramp,land_fetch
spring cleaning	removal,sweeper
spring splasher	
springheart nantuko	anthem,tokens
springjack pasture	tokens
springjack shepherd	tokens
springleaf drum	mana_dork,ramp
springleaf parade	tokens
springsage ritual	removal
sprite dragon	evasive,haste
sprite noble	mass_pump,anthem,evasive
sprout	tokens
sprout swarm	tokens
sproutback trudge	evasive
sprouting goblin	
sprouting renewal	removal,tokens
sprouting thrinax	tokens
sprouting vines	ramp,land_fetch
spurnmage advocate	
spy eye	evasive
spy kit	anthem,equipment
spy network	draw,cantrip
spyglass siren	evasive
squad commander	tokens
squadron hawk	evasive
squall	sweeper
squall drifter	evasive
squall line	sweeper
squallmonger	sweeper
squash	removal
squeak by	combat_pump
squeaking pie sneak	evasive
squealing devil	evasive
squee's embrace	anthem
squee's revenge	draw,cantrip
squee, dubious monarch	tokens,haste
squelch	counterspell,draw,cantrip
squire	
squire's devotion	anthem,tokens
squire's lightblade	anthem,equipment
squirming mass	evasive
squirrel dealer	tokens
squirrel sanctuary	tokens
squirrel sovereign	anthem
squirrel squatters	tokens
squirrel stack	tokens
squirrel wrangler	mass_pump,tokens
squirrelanoids	
sram's expertise	tokens
sram, senior edificer	
stab	combat_pump
stabbing pain	combat_pump
stabwhisker the odious	
stadium headliner	tokens
staff of compleation	mana_dork,ramp
staff of the storyteller	tokens
staff of titania	tokens,equipment
staggering insight	anthem
staggershock	removal,burn
stain the mind	removal
stalactite dagger	anthem,tokens,equipment
stalactite stalker	evasive
stalked researcher	
stalking bloodsucker	evasive
stalking drone	
stalking predator	evasive
stalking vampire	
stalking vengeance	haste
stall for time	draw,cantrip
stalwart aven	evasive
stalwart shield-bearers	anthem
stalwart successor	evasive
stalwart valkyrie	evasive
stamp of approval	anthem
stampede driver	
stampede rider	evasive
stampede surfer	tokens,haste
stampeding horncrest	haste
stampeding rhino	evasive
stampeding scurryfoot	tokens
stampeding serow	evasive
stampeding wildebeests	evasive
stand firm	combat_pump
stand united	combat_pump
stand up for yourself	removal
standard bearer	
standing stones	mana_dork,ramp
stangg	tokens
stangg, echo warrior	tokens
star athlete	evasive
star charter	evasive
star compass	mana_dork,ramp
star of extinction	removal,sweeper
star pupil	
star whale	evasive
starbreach whale	evasive
starfall	removal
starfall invocation	sweeper,reanimation
starfield mystic	
starfield shepherd	evasive
starfighter pilot	
starfleet crew	
starforged sword	anthem,equipment
stargaze	draw,cantrip
stark industries executive	
starlight invoker	
starling, aerial ally	evasive
starlit angel	evasive
starlit mantle	anthem
starlit soothsayer	evasive
starnheim courser	evasive
starnheim memento	mana_dork,ramp
starnheim unleashed	tokens
starport security	
starry-eyed skyrider	evasive
starscape cleric	evasive
starscream, power hungry	evasive
starseer mentor	evasive
starstorm	sweeper
start	tokens
start [48ba332b-36ce-4f1d-893c-a9ef77ffd482]	tokens
start from scratch	removal,burn
start the tardis	draw,cantrip
start your engines	mass_pump
starting column	mana_dork,ramp
startle	draw,cantrip,combat_pump,tokens
startled relic sloth	evasive
starved rusalka	
station monitor	tokens
statue	removal
stature, size shifter	
stature, young avenger	
statute of denial	counterspell,draw,cantrip
staunch crewmate	
staunch shieldmate	
steadfast cathar	
steadfast guard	
steadfast paladin	
steadfast unicorn	
steadfastness	mass_pump
steady progress	draw,cantrip
steal strength	combat_pump
steal the show	removal,draw,cantrip
steam blast	sweeper
steam clean	removal
steam-powered	
steamcore scholar	evasive
steamflogger boss	anthem
steamflogger temp	
steampath charger	
steel exemplar	evasive
steel hellkite	sweeper,evasive
steel of the godhead	anthem
steel overseer	
steel sabotage	removal,counterspell
steel seraph	evasive
steel squirrel	
steel wall	
steel-plume marshal	evasive
steelbane hydra	
steelclad spirit	
steelclaw lance	anthem,equipment
steelform sliver	anthem
steelgaze griffin	evasive
steeling stance	mass_pump
steelswarm operator	mana_dork,ramp,evasive
steeple roc	evasive
steer clear	removal
stegron the dinosaur man	evasive
stench of decay	mass_pump
stench of evil	removal,sweeper
stenchskipper	evasive
stenn, paranoid partisan	
stensia banquet	removal,draw,cantrip
stensia uprising	tokens
stensian sanguinist	
step between worlds	removal,sweeper,draw,cantrip
step through	removal
steppe glider	evasive
steppe lynx	
sterling keykeeper	
sterling supplier	evasive
stern constable	
stern dismissal	removal
stern lesson	draw,cantrip
stern proctor	
stern scolding	counterspell
stet, draconic proofreader	evasive
stew the coneys	removal
steward of solidarity	tokens
steward of valeron	mana_dork,ramp
stick, fearless mentor	
stifle	counterspell
stigma lasher	
stiltzkin, moogle merchant	
stimulus package	tokens
sting, bilbo's sword	equipment
sting, the glinting dagger	anthem,equipment
stingblade assassin	evasive
stingcaster mage	haste
stingerback terror	evasive
stingerquill charm	removal,burn,tokens
stingerquill voxmancer	
stinging hivemaster	tokens
stinging licid	
stinging lionfish	
stinging study	draw,cantrip
stinging vitriol	removal
stingscourger	
stinkweed imp	evasive
stir the grave	reanimation
stir the pride	mass_pump
stir the sands	tokens
stir up trouble	removal
stirge	evasive
stirring address	combat_pump
stirring hopesinger	evasive
stitched drake	evasive
stitcher geralf	tokens
stitcher's apprentice	tokens
stitcher's graft	anthem,equipment
stitcher's supplier	
stitchwing skaab	evasive
stock up	draw,cantrip
stockman, mad fly-entist	evasive
stoic angel	evasive
stoic champion	
stoic ephemera	evasive
stoic grove-guide	tokens
stoic rebuttal	counterspell
stoic sphinx	evasive
stoic star-captain	
stoke genius	draw,cantrip
stoke the flames	removal,burn
stolen by the fae	removal,tokens
stolen grain	removal
stolen stark tech	anthem,equipment
stolen vitality	combat_pump
stomp	removal,burn
stomp and howl	removal
stomped by the foot	combat_pump
stomper cub	evasive
stomping slabs	removal,burn
stone by sunlight	removal
stone docent	
stone drake	evasive
stone haven medic	
stone haven outfitter	anthem
stone haven pilgrim	
stone idol generator	tokens
stone idol trap	tokens
stone of erech	sweeper
stone rain	removal
stone-giant of high pass	tokens
stonebinder's familiar	
stonebrow, krosan hero	evasive
stonecloaker	evasive
stonecoil serpent	evasive
stoneforge acolyte	
stoneforge masterwork	equipment
stoneforge mystic	
stonefury	removal
stonehands	mass_pump,anthem
stonehide ancient	evasive
stonehoof chieftain	evasive
stonerise spirit	evasive
stoneskin	anthem
stonespeaker crystal	mana_dork,ramp
stonesplitter bolt	removal
stonewing antagonizer	evasive
stonewise fortifier	
stonewood invoker	
stonework packbeast	
stonewright	
stony-voiced goblins	
stonybrook angler	
stonybrook banneret	
stonybrook schoolmaster	tokens
storm cauldron	ramp
storm crow	evasive
storm elemental	evasive
storm entity	haste
storm fleet aerialist	evasive
storm fleet negotiator	evasive
storm fleet sprinter	haste
storm fleet swashbuckler	
storm herald	haste
storm herd	tokens
storm of forms	removal
storm of memories	removal
storm of souls	removal,sweeper
storm of steel	removal,burn
storm reading	draw,cantrip
storm seeker	removal,burn
storm skreelix	evasive
storm spirit	evasive
storm the festival	draw,cantrip
storm's wrath	sweeper
storm, force of nature	evasive
storm, queen of wakanda	evasive
storm, shaker of skies	evasive
storm, windrider	evasive
storm-charged slasher	
stormbeacon blade	anthem,equipment
stormblood berserker	evasive
stormbound geist	evasive
stormbreath dragon	evasive,haste
stormcaller of keranos	haste
stormcatch mentor	haste
stormchaser chimera	evasive
stormchaser drake	evasive
stormchaser mage	evasive,haste
stormchaser's talent	tokens
stormcloud djinn	evasive
stormcloud spirit	evasive
stormcrag elemental	evasive
stormfist crusader	evasive
stormforged armor	equipment
stormfront pegasus	evasive
stormfront riders	tokens,evasive
stormkeld prowler	
stormrider rig	anthem,equipment
stormrider spirit	evasive
stormscale scion	anthem,evasive
stormscale wurm	anthem,evasive
stormscape apprentice	
stormscape familiar	evasive
stormshriek feral	evasive,haste
stormsplitter	haste
stormwatch eagle	evasive
stormwild capridor	evasive
stormwing dragon	evasive
stormwing entity	evasive
storrev, devkarin lich	evasive
story seeker	
storyteller pixie	evasive
strafe	removal
strands of night	reanimation
strandwalker	anthem,tokens,equipment
strange augmentation	anthem
strangle	removal
strangleroot geist	haste
strangling soot	removal
strangling spores	combat_pump
strata scythe	anthem,equipment
stratadon	evasive
strategic betrayal	removal,sweeper
strategic planning	draw,cantrip
strategy, schmategy	sweeper,draw,cantrip
stratosoarer	evasive
stratozeppelid	evasive
stratus dancer	evasive
straw golem	
straw soldiers	
strax, sontaran nurse	evasive
streaking oilgorger	evasive,haste
stream hopper	
stream of acid	removal
stream of unconsciousness	draw,cantrip,combat_pump
street riot	anthem
street savvy	anthem
street spasm	removal
streetwise negotiator	
strefan, maurer progenitor	evasive
strength bobblehead	mana_dork,ramp
strength of arms	combat_pump,tokens
strength of cedars	combat_pump
strength of isolation	anthem
strength of lunacy	anthem
strength of night	mass_pump
strength of the coalition	combat_pump
strength-testing hammer	equipment
stress dream	removal,draw,cantrip
strict proctor	evasive
stridehangar automaton	anthem
strider harness	anthem,equipment
striding shotcaller	
strike the weak spot	removal
striking sliver	
string of disappearances	removal
strip bare	sweeper
strix lookout	evasive
strix serenade	counterspell,tokens
strixhaven stadium	mana_dork,ramp
stroke of genius	draw,cantrip
stroke of luck	sweeper,draw,cantrip
stroke of midnight	removal,tokens
stromgald crusader	
stromkirk captain	anthem
stromkirk condemned	
stromkirk noble	
stromkirk occultist	evasive
stronghold confessor	evasive
stronghold overseer	mass_pump,evasive
stronghold rats	evasive
stronghold zeppelin	evasive
structural assault	sweeper
structural collapse	removal
structural distortion	removal
struggle	removal
struggle for sanity	removal,sweeper
stubborn burrowfiend	
stubborn denial	counterspell
student of elements	
student of warfare	
studious first-year	
stump stomp	removal
stun	draw,cantrip
stun sniper	
stunning reversal	removal
sturmgeist	evasive
stymied hopes	counterspell
subdue	combat_pump
subgoyf	
subira, tulzidi caravanner	haste
subjugator angel	evasive
sublime archangel	evasive
sublime epiphany	removal,counterspell,draw,cantrip
sublime exhalation	sweeper
subterranean scout	
subterranean spirit	sweeper
subterranean tremors	sweeper,tokens
subtle strike	combat_pump
subtlety	evasive
subversive acolyte	
success!	combat_pump
succumb to temptation	draw,cantrip
sudden death	combat_pump
sudden demise	sweeper
sudden disappearance	sweeper
sudden impact	removal,burn
sudden insight	draw,cantrip
sudden salvation	draw,cantrip
sudden shock	removal,burn
sudden spinnerets	combat_pump
sudden strength	draw,cantrip,combat_pump
sudden strike	removal
sue, everlasting dinosaur	evasive
suffer the past	removal
suffering	removal
suffocating blast	removal,counterspell
suffocation	removal,burn
sugar rush	draw,cantrip,combat_pump
suit up	draw,cantrip
suki, courageous rescuer	anthem,tokens
suki, kyoshi captain	anthem
suki, kyoshi warrior	tokens
sulam djinn	evasive
sulfur elemental	anthem
sulfurous blast	sweeper
sultai banner	mana_dork,ramp
sultai charm	removal,draw,cantrip
sultai devotee	
sultai emissary	
sultai monument	tokens
sultai runemark	anthem
sultai scavenger	evasive
sultai skullkeeper	
sumala sentry	
summary dismissal	sweeper
summary judgment	removal
summit apes	evasive
summit sentinel	
summitfest closing ceremony	draw,cantrip
summon the pack	sweeper
summon the school	tokens
summon undead	reanimation
summon: alexander	evasive
summon: anima	evasive
summon: bahamut	evasive
summon: brynhildr	
summon: esper maduin	
summon: esper valigarmanda	evasive,haste
summon: fat chocobo	tokens
summon: good king mog xii	tokens,evasive
summon: knights of round	tokens
summon: kujata	evasive,haste
summon: magus sisters	haste
summon: primal garuda	evasive
summon: titan	evasive
summon: valefor	evasive
summoner's bane	counterspell,tokens
summoner's grimoire	tokens,equipment
summoner's sending	tokens
summoning materia	anthem,equipment
summoning station	tokens
summoning trap	draw,cantrip
sun ce, young conquerer	evasive
sun clasp	anthem
sun sentinel	
sun warriors	tokens
sun-blessed guardian	
sun-blessed healer	
sun-collared raptor	evasive
sun-crested pterodon	evasive
sun-spider, nimble webber	evasive
sunastian falconer	mana_dork,ramp
sunbathing rootwalla	
sunbird effigy	mana_dork,ramp,evasive,haste
sunbird standard	mana_dork,ramp
sunblade angel	evasive
sunblade elf	mass_pump
sunblast angel	evasive
suncleanser	
sunder from within	removal
sunder the gateway	removal
sunderflock	evasive
sundering eruption	removal,ramp,land_fetch
sundering growth	removal
sundering stroke	removal,sweeper,burn
sundering vitae	removal
sundial, dawn tyrant	
sune's intervention	removal,tokens
sunfall	sweeper
sunfire torch	anthem,equipment
sunflare shaman	
sunforger	anthem,equipment
sungold barrage	removal
sungold sentinel	
sungrace pegasus	evasive
sungrass egg	mana_dork,ramp
sunhome guildmage	mass_pump,tokens
sunhome stalwart	
sunken city	anthem
sunlance	removal
sunlit hoplite	
sunmane pegasus	evasive
sunpearl kirin	evasive
sunrise cavalier	evasive,haste
sunrise sovereign	anthem
sunscape apprentice	
sunscape familiar	
sunscape master	mass_pump
sunscorch regent	evasive
sunscour	sweeper
sunseed nurturer	mana_dork,ramp
sunset revelry	draw,cantrip,tokens
sunset saboteur	evasive
sunset strikemaster	mana_dork,ramp
sunshot militia	
sunshower druid	
sunspear shikari	
sunspire gatekeepers	tokens
sunspire griffin	evasive
sunstar chaplain	
sunstar expansionist	
sunstreak phoenix	evasive
sunstrike legionnaire	
suntail hawk	evasive
sunweb	evasive
super combo	removal
super mutant scavenger	evasive
super secret tech	anthem
super shredder	evasive
super speed	anthem
super strength	anthem
super suit	anthem,equipment
super-adaptoid	
super-duper death ray	removal
super-skrull	tokens,evasive
super-soldier serum	anthem
superior foes of spider-man	evasive
supernatural rescue	anthem
suplex	removal
supplant form	removal
supply	tokens
supply caravan	tokens
supply-line cranes	evasive
support skyforge	tokens
suppress	sweeper
suppressor skyguard	evasive
supreme exemplar	evasive
supreme phantom	anthem,evasive
supreme verdict	sweeper
supreme will	counterspell,draw,cantrip
suq'ata assassin	evasive
suq'ata lancer	haste
sureshot sower	
surestrike trident	equipment
surge engine	
surge mare	
surge of brilliance	draw,cantrip
surge of righteousness	removal
surge of thoughtweft	draw,cantrip,mass_pump
surge to victory	removal,mass_pump
surgeon general commander	mana_dork,ramp
surgical extraction	removal
surgical precision	removal,draw,cantrip
surgical suite	reanimation
surging aether	removal
surging flame	removal,burn
surging might	anthem
surly farrier	
surprise party	anthem
surrak and goreclaw	evasive
surrak, elusive hunter	evasive
surrakar marauder	
surtland frostpyre	sweeper
surtr, fiery jötun	evasive
surveillance monitor	tokens
surveillance phantasm	evasive
surveilling sprite	evasive
survey mechan	evasive
survey the wreckage	removal,tokens
survival cache	draw,cantrip
survivor of korlis	
susan foreman	mana_dork,ramp
suspend	removal
suspend aggression	removal
suspended sentence	removal
suspicious bookcase	
suspicious detonation	removal
suspicious shambler	tokens
suspicious stowaway	
sustainer of the realm	evasive
sustaining spirit	
suture priest	
suture spirit	evasive
sutured ghoul	evasive
svyelunite priest	
swab goblin	
swallow the hero whole	removal
swallow whole	removal
swallowed by leviathan	counterspell
swallowing plague	removal
swamp mosquito	evasive
swan song	counterspell,tokens
swans of bryn argoll	evasive
swarm culler	evasive
swarm guildmage	
swarm of bloodflies	evasive
swarm of locus	evasive
swarm of rats	
swarm saboteur	
swarm shambler	tokens
swarm surge	mass_pump
swarm, being of bees	evasive
swarmyard massacre	mass_pump,tokens
swashbuckler's whip	equipment
swashbuckling	anthem
swat	removal
sway of illusion	draw,cantrip
sway of the stars	draw,cantrip
sweatworks brawler	evasive
sweep away	removal
sweep the skies	tokens
swell of courage	mass_pump
swell of growth	combat_pump
swelter	removal
sweltering suns	sweeper
swift demise	removal,sweeper
swift end	removal
swift kick	combat_pump
swift reckoning	removal
swift response	removal
swift silence	draw,cantrip
swift spiral	removal
swift warkite	evasive
swiftblade vindicator	evasive
swiftfoot boots	equipment
swiftgear drake	evasive,haste
swiftspear's teachings	draw,cantrip
swiftwing assailant	evasive
swirling sandstorm	sweeper
swirling torrent	removal
switchgrass grazer	haste
swooping lookout	evasive
swooping protector	evasive
swooping pteranodon	evasive,haste
swooping talon	evasive
sword dancer	
sword of body and mind	anthem,tokens,equipment
sword of dungeons & dragons	anthem,tokens,equipment
sword of feast and famine	anthem,equipment
sword of fire and ice	anthem,equipment
sword of fire and ice and war and peace	anthem,equipment
sword of forge and frontier	anthem,equipment
sword of hearth and home	anthem,equipment
sword of hours	equipment
sword of kaldra	anthem,equipment
sword of light and shadow	anthem,equipment
sword of once and future	anthem,equipment
sword of sinew and steel	anthem,equipment
sword of the animist	anthem,equipment
sword of the meek	anthem,equipment
sword of the paruns	anthem,equipment
sword of the realms	anthem,equipment
sword of the squeak	equipment
sword of truth and justice	anthem,equipment
sword of vengeance	anthem,equipment
sword of war and peace	anthem,equipment
sword of wealth and power	anthem,equipment
sword-point diplomacy	removal
sword-swallowing seraph	evasive
swords to plowshares	removal
swords to plowshares [e6c41473-2398-4888-9f0c-467dce7c39a4]	removal
swordsman's steel	equipment
swordsman, sharp scoundrel	
swordsworn cavalier	
swordwise centaur	
sworn companions	tokens
sworn guardian	
sycorax commander	haste
sygg's command	draw,cantrip
sygg, river cutthroat	
sygg, river guide	
sygg, wanderbrine shield	
sygg, wanderwine wisdom	
sylvan advocate	anthem
sylvan anthem	anthem
sylvan caryatid	mana_dork,ramp
sylvan hierophant	
sylvan messenger	evasive
sylvan offering	tokens
sylvan ranger	
sylvan reclamation	removal
sylvan safekeeper	
sylvan scrying	ramp,land_fetch
sylvan smite	removal
sylvok battle-chair	anthem,tokens,equipment
sylvok explorer	mana_dork,ramp
sylvok lifestaff	anthem,equipment
symbiosis	combat_pump
symbiotic beast	tokens
symbiotic elf	tokens
symbiotic wurm	tokens
symbol of unsummoning	removal,draw,cantrip
symbol status	tokens
symmetry sage	evasive
synapse necromage	tokens
synchronized spellcraft	removal
synchronized strike	combat_pump
syncopate	removal,counterspell
syndic of tithes	
syndicate guildmage	
syndicate infiltrator	evasive
syndicate liquidators	evasive
syndicate messenger	tokens,evasive
syndicate recruiter	evasive
syndicate trafficker	
synod sanctum	sweeper
synth eradicator	haste
synthetic destiny	sweeper
syphon essence	counterspell
syphon flesh	tokens
syphon fuel	combat_pump
syphon mind	draw,cantrip
syr armont, the redeemer	anthem
syr faren, the hengehammer	
syr ginger, the meal ender	evasive,haste
syr gwyn, hero of ashvale	evasive
syr joshua and syr saxon	
syr konrad's squire	
syr vondam, sunstar exemplar	evasive
syrix, carrier of the flame	evasive,haste
sythis, harvest's hand	
syx, robot overlord	
szadek, lord of secrets	evasive
szarekh, the silent king	evasive
szarel, genesis shepherd	evasive
szat's will	sweeper,tokens
séance board	mana_dork,ramp
t'chaka, venerable king	
t-45 power armor	anthem,equipment
t.a.p.p.e.r.	
tabaxi toucaneers	evasive
tablet of compleation	mana_dork,ramp
tablet of discovery	mana_dork,ramp
taborax, hope's demise	evasive
tackle artist	evasive
tactical advantage	combat_pump
tactical officer	
tah-crop elite	evasive
tah-crop skirmisher	
tahngarth's glare	draw,cantrip
tahngarth's rage	anthem
taigam's strike	combat_pump
taigam, master opportunist	
taii wakeen, perfect shot	
tail slash	removal
tail swipe	combat_pump
tainted adversary	
tainted indulgence	draw,cantrip
tainted monkey	
tainted observer	evasive
tainted specter	sweeper,evasive
tainted treats	removal
tajic, legion's edge	haste
tajic, legion's valor	haste
tajuru blightblade	
tajuru paragon	
tajuru pathwarden	evasive
tajuru preserver	
take	draw,cantrip
take a trip to...	draw,cantrip
take down	removal,sweeper
take flight	anthem
take heart	combat_pump
take inventory	draw,cantrip
take it back	removal
take out the trash	removal,draw,cantrip
take the fall	draw,cantrip,combat_pump
take the high ground	removal
take to the streets	mass_pump
take up arms	tokens
take vengeance	removal
taken by nightmares	removal
takeno, samurai general	anthem
talara's battalion	evasive
talarian hook spider	
talas air ship	evasive
talas explorer	evasive
talas lookout	evasive
talas merchant	
talas scout	evasive
tale of tinúviel	reanimation
tale's end	counterspell
talent of the telepath	sweeper
tales of the ancestors	draw,cantrip
talion's messenger	evasive
talion's throneguard	evasive
talion, the kindly lord	evasive
talisman of conviction	mana_dork,ramp
talisman of creativity	mana_dork,ramp
talisman of curiosity	mana_dork,ramp
talisman of dominance	mana_dork,ramp
talisman of hierarchy	mana_dork,ramp
talisman of impulse	mana_dork,ramp
talisman of indulgence	mana_dork,ramp
talisman of progress	mana_dork,ramp
talisman of resilience	mana_dork,ramp
talisman of unity	mana_dork,ramp
tall as a beanstalk	anthem
tallowisp	
talon sliver	
talon trooper	evasive
talonrend	evasive
talons of wildwood	anthem
talrand's invocation	tokens
talrand, sky summoner	tokens
talruum minotaur	haste
tam, mindful first-year	
tamiyo's epiphany	draw,cantrip
tamiyo, inquisitive student	evasive
tamiyo, upriser crowned	evasive,haste
tana, the bloodsower	tokens,evasive
tanazir quandrix	evasive
tandem tactics	combat_pump
tandem takedown	removal,combat_pump
tangle asp	
tangle mantis	evasive
tangled colony	
tangled florahedron	mana_dork,ramp
tanglepool bridge	mana_dork,ramp
tangletrap	removal
tangleweave armor	tokens,equipment
taniwha	evasive
tanuki transplanter	equipment
tapping at the window	draw,cantrip
tar snare	combat_pump
tarfire	removal,burn
targ nar, demon-fang gnoll	
target minotaur	
tariel, reckoner of souls	evasive
tarkir duneshaper	
tarkiran towelsbane	tokens
tarmogoyf	
tarox bladewing	evasive,haste
tarpan	
tarrian's soulcleaver	equipment
tasha, the witch queen	tokens
tasha, unholy archmage	reanimation
tasseled dromedary	
taste for mayhem	anthem
taste of blood	removal
tataru taru	
tatsumasa, the dragon's fang	anthem,tokens,equipment
tatsunari, toad rider	tokens
tattered apparition	evasive
tattered drake	evasive
tattered haunter	evasive
tattered mummy	
tattered ratter	
tatterkite	evasive
tattermunge maniac	
tattermunge witch	
tattoo ward	anthem
taught by surrak	anthem
taught by vito	anthem
taunting elf	
taunting kobold	haste
tavern scoundrel	
tavern smasher	
tavern swindler	
tawnos endures	removal
tawnos's coffin	sweeper
tawnos, solemn survivor	
tawnos, urza's apprentice	haste
tax collector	
tax keeper	
tax taker	
taxi driver	
tazeem raptor	evasive
tazeem roilmage	
tazri, stalwart survivor	sweeper
tchotchke elemental	
teacher's pest	evasive
teacher's pet	
teachings of the archaics	draw,cantrip
teachings of the kirin	tokens
team acceleration	ramp,land_fetch,tokens
team pennant	anthem,equipment
team perseverance	draw,cantrip
team spirit	combat_pump
team transmitter	mana_dork,ramp
teapot slinger	evasive
tear	removal
tear asunder	removal
teardrop kami	
tears of rage	mass_pump
tears of valakut	removal
technodrome	evasive
technomancer	reanimation
tectonic hazard	sweeper
tectonic hellion	haste
tectonic rift	removal
teeka's dragon	evasive
teeming dragonstorm	tokens
teeterpeak ambusher	
teething wurmlet	
teferi's drake	evasive
teferi's imp	evasive
teferi's protection	removal
teferi's reproach	removal
teferi's response	counterspell,draw,cantrip
teferi, temporal pilgrim	tokens
tegwyll's scouring	sweeper,tokens
tegwyll, duke of splendor	anthem,evasive
tekuthal, inquiry dominus	evasive
tel-jilad chosen	
tel-jilad defiance	draw,cantrip
tel-jilad justice	removal
telemin performance	sweeper
teleportal	combat_pump
telim'tor's edict	removal
tellah, great sage	tokens
teller of tales	evasive
telling time	draw,cantrip
temmet, naktamun's will	evasive
temmet, vizier of naktamun	
tempered steel	anthem
tempered veteran	
tempest djinn	evasive
tempest drake	evasive
tempest hart	evasive
tempest harvester	
tempest hawk	evasive
tempest of light	sweeper
tempest owl	evasive
tempest trapper	mana_dork,ramp
tempestra, dame of games	
templar knight	
temple acolyte	
temple thief	
temporal cascade	sweeper,draw,cantrip
temporal firestorm	sweeper
temporal fissure	removal
temporal machinations	removal,draw,cantrip
temporal mastery	removal
temporal trespass	removal
temporary truce	draw,cantrip
tempt with bunnies	draw,cantrip,tokens
tempt with discovery	ramp,land_fetch
tempt with immortality	reanimation
tempt with vengeance	tokens
tempting wurm	
temur banner	mana_dork,ramp
temur charger	
temur charm	counterspell,combat_pump
temur devotee	
temur monument	tokens
temur runemark	anthem
tenacious dead	
tenacious pup	
tenacious underdog	
tend the pests	tokens
tend the sprigs	ramp,land_fetch,tokens
tender wildguide	mana_dork,ramp
tenderize	removal
tendershoot dryad	anthem,tokens
tendril of the mycotyrant	
tendrils of corruption	removal
teneb, the harvester	evasive,reanimation
tenement crasher	haste
tenth district guard	
tenth district hero	
tenth district legionnaire	haste
tenured oilcaster	evasive
tenza, godo's maul	anthem,equipment
teo, spirited glider	evasive
terashi's grasp	removal
terashi's verdict	removal
terastodon	tokens
teremko griffin	evasive
tergrid, god of fright	evasive
terisiare's devastation	mass_pump
termagant swarm	tokens
terminal agony	removal
terminal criticism	removal
terminate	removal
termination facilitator	
terminus	sweeper
terra stomper	evasive
terra, herald of hope	reanimation
terrain elemental	
terramorph	ramp,land_fetch
terrapact intimidator	
terrarion	mana_dork,ramp
terravore	evasive
terrific team-up	removal,combat_pump
territorial aetherkite	evasive,haste
territorial boar	
territorial gorger	evasive
territorial hellkite	evasive,haste
territorial kavu	
territorial roc	evasive
territorial scythecat	evasive
territorial strike	removal
territorial witchstalker	
terror	removal
terror ballista	evasive
terror of kruin pass	
terror of mount velus	evasive
terror of the peaks	evasive
terror of towashi	reanimation
terror tide	mass_pump
terrors of the track	evasive
terry pin, turboturtle	haste
tersa lightshatter	haste
tervigon	tokens,evasive
teshar, ancestor's apostle	evasive,reanimation
test of talents	removal,counterspell,draw,cantrip
tester of the tangential	
tethered griffin	evasive
tethered skirge	evasive
tethmos high priest	reanimation
tetravus	tokens,evasive
tetsuko umezawa, fugitive	
teval, arbiter of virtue	evasive
teval, the balanced scale	tokens,evasive
tevesh szat, doom of fools	sweeper,tokens
teyo, geometric tactician	tokens
teyo, lightshield expert	
teyo, the shieldmage	tokens
teysa of the ghost council	tokens
teysa, envoy of ghosts	tokens
teysa, opulent oligarch	tokens
teysa, orzhov scion	tokens
teysa, orzhov scion avatar	tokens
tezzeret's ambition	draw,cantrip
tezzeret's betrayal	removal
tezzeret's gambit	draw,cantrip
tezzeret's reckoning	removal
tezzeret's strider	evasive
tezzeret, artifice master	tokens
tezzeret, master of the bridge	sweeper
thalakos deceiver	evasive
thalakos dreamsower	evasive
thalakos mistfolk	evasive
thalakos scout	evasive
thalakos seer	evasive
thalakos sentry	evasive
thalia and the gitrog monster	ramp
thalia's geistcaller	tokens
thalia's lieutenant	
thalia, guardian of thraben	
thalisse, reverent medium	tokens
thallid	tokens
thallid devourer	tokens
thallid germinator	tokens
thallid shell-dweller	tokens
thanos, the mad titan	sweeper
thassa's bounty	draw,cantrip
thassa's emissary	anthem
thassa's intervention	draw,cantrip
thassa's oracle	
thassa's rebuff	counterspell
that's rough buddy	draw,cantrip
thatcher revolt	tokens
thaumaturge's familiar	evasive
the aetherspark	equipment
the alright henge	mana_dork,ramp
the ancient one	
the arkenstone	anthem
the ash lizard	anthem
the astonishing ant-man	tokens
the balrog of moria	evasive,haste
the balrog, durin's bane	haste
the balrog, flame of udûn	evasive
the battle of bywater	sweeper
the beamtown bullies	haste
the bear force pilot	
the bear force pilot runner	
the bears of littjara	tokens
the belligerent and useless island	mana_dork,ramp
the big idea	tokens
the bird champion	tokens,evasive
the birth of meletis	tokens
the black arrow	anthem,equipment
the bloodsky massacre	tokens
the book of exalted deeds	tokens
the book of vile darkness	tokens
the bringer of the red beard	anthem
the broken sky	anthem,tokens
the brute	anthem
the cauldron of eternity	reanimation
the cave of skulls	tokens
the cave of two lovers	tokens
the celestus	mana_dork,ramp
the chaos keeper	
the charitable drafter	tokens
the chief warg	evasive
the cinematic phoenix	evasive,haste,reanimation
the circle of loyalty	anthem,tokens
the city on the edge of forever	tokens
the cobra king	tokens
the colossal dreadmaw	evasive
the coming of galactus	tokens
the companion of the wilds	tokens
the cookout creator	tokens
the council of four	tokens
the cruelty of gix	reanimation
the crystal's chosen	tokens
the curse of fenric	tokens
the cyber-controller	anthem
the dead shall serve	reanimation
the destined warrior	evasive
the dilu horse	evasive
the dogronmaster	evasive
the dominion bracelet	anthem,equipment
the duke, rebel sentry	
the earth king	tokens
the echoverse fulcrum	sweeper
the elder dragon war	tokens
the elderspell	removal
the eldest reborn	reanimation
the eleventh hour	tokens
the emperor of palamecia	mana_dork,ramp
the end	removal,draw,cantrip
the enigma jewel	mana_dork,ramp
the eternal wanderer	tokens
the eternity elevator	mana_dork,ramp
the explorer	ramp
the faction dragon	anthem,evasive
the falcon, airship restored	reanimation
the falcon, sam wilson	evasive
the fall of kroog	removal,sweeper
the fantasticar	tokens
the fearsome flock	evasive
the filigree sylex	sweeper
the final days	tokens
the first iroan games	tokens
the fish brewer	tokens
the five doctors	sweeper
the fourth sphere	tokens
the frightful four	evasive
the general	mass_pump
the girl in the fireplace	tokens
the gitrog monster	ramp
the gitrog, ravenous ride	evasive,haste
the golden throne	mana_dork,ramp
the golden-gear colossus	tokens,evasive
the goose mother	evasive
the grand tour	removal
the great aurora	removal,sweeper,draw,cantrip
the great henge	mana_dork,ramp
the grim captain	evasive
the haunt of hightower	evasive
the herald of numot	haste
the hive	tokens
the horizon seeker	evasive
the hourglass coven	anthem
the howling abomination	evasive,haste
the howling commandos	mass_pump
the hunger tide rises	tokens
the huntsman's redemption	tokens
the immortal sun	anthem
the incredible hulk	evasive
the infamous cruelclaw	evasive
the invincible iron man	evasive,haste
the irencrag	mana_dork,ramp
the iron guardian stirs	tokens
the jolly balloon man	haste
the judge of height	evasive
the juzam master	anthem
the keeper of favorite cards	tokens
the keeper of four scythes	anthem
the keeper of the yellow hat	
the key to the vault	equipment
the knight of land drops	
the knight of weeks	
the last agni kai	ramp,ritual
the last ronin's technique	tokens
the legend of arena	tokens
the lion-turtle	mana_dork,ramp
the locust god	tokens,evasive
the lonely mountain	tokens
the lord master of hell	
the lord of pain	evasive
the lord of the eagles	evasive
the lost and the damned	tokens
the mary janes	evasive
the masamune	equipment
the master of keys	evasive
the master, formed anew	
the master, transcendent	reanimation
the masters of evil	anthem
the mightstone and weakstone	mana_dork,ramp
the mighty thor, jane foster	evasive
the mind stone	mana_dork,ramp
the misty mountains cold	tokens
the moment	sweeper
the mountain-king's return	tokens,reanimation
the muckslinger gang	anthem
the mycotyrant	tokens,evasive
the myriad pools	mana_dork,ramp
the necrobloom	tokens
the neutrinos	evasive
the night of the doctor	reanimation
the ninth doctor	haste
the nipton lottery	sweeper
the notary hobbits	mana_dork,ramp
the odd acorn gang	evasive
the paradise bird	anthem,evasive
the peregrine dynamo	haste
the phasing of zhalfir	tokens
the pleasant taxer	
the powerful dragon	evasive
the prydwen, steel flagship	tokens
the pyramid of mars	reanimation
the queen of dale	tokens
the raven man	tokens
the raven's warning	tokens
the reality chip	equipment
the reaver cleaver	anthem,equipment
the rebellious intelligence	mana_dork,ramp
the revelations of ezio	reanimation
the ringhart crest	mana_dork,ramp
the river warlock	evasive
the ruinous wrecking crew	
the sackville-bagginses	
the sad creaturez	mana_dork,ramp
the scholar of seas	anthem
the sea devils	tokens
the sensational she-hulk	evasive
the sentry, golden guardian	tokens,evasive
the sibsig ceremony	tokens
the sixth seraph	evasive
the skullspore nexus	tokens
the soul stone	mana_dork,ramp,reanimation
the space family goblinson	evasive
the spear of bashenga	anthem,equipment
the spear of leonidas	equipment
the speed demon	evasive
the squadron sinister	anthem,evasive,haste
the superlatorium	tokens
the swarmweaver	anthem,tokens
the tarrasque	haste
the theorist, jace beleren	tokens
the thing	evasive
the thing, ben grimm	evasive
the third doctor	evasive
the traveling postman	evasive
the ultimate nightmare of wizards of the coast® customer service	sweeper
the unbeatable squirrel girl	tokens
the unspeakable	evasive
the ur-dragon	evasive
the ur-sphinx	evasive
the value knight	tokens
the vast scrier	evasive
the very soil shall shake	anthem
the vision	evasive
the vision and scarlet witch	evasive
the wandering emperor	tokens
the wandering minstrel	mass_pump,tokens
the war games	tokens
the warring triad	mana_dork,ramp,evasive,haste
the wasp, janet van dyne	evasive
the wasp, winsome avenger	evasive
the watcher in the water	tokens
the weatherseed treaty	tokens
the weaver king	evasive,reanimation
the wedding of river song	removal,draw,cantrip
the whiteboarder	anthem
the whizzer, classic speedster	haste
the wise mothman	evasive
the wizardly barge	anthem
the wondrous wasp	evasive
the zephyr maze	anthem
theft of dreams	draw,cantrip
their name is death	sweeper
their number is legion	removal,tokens
thelon of havenwood	
thelonite hermit	anthem,tokens
themberchaud	evasive
then, dreadmaws ate everyone	tokens
thendar, the overminer	evasive
theorist's proxy	
theorix charm	counterspell,draw,cantrip,combat_pump
theorix metamage	evasive
there	removal
there and back again	tokens
there is no refuge	tokens
thermal blast	removal
thermal glider	evasive
thermo-alchemist	
thermokarst	removal
they went this way	ramp,land_fetch
thick-skinned goblin	
thicket crasher	evasive
thief of blood	evasive
thief of sanity	evasive
thief's knife	anthem,tokens,equipment
thieves' auction	sweeper
thieves' fortune	draw,cantrip
thieves' guild enforcer	
thieves' tools	equipment
thieving aven	evasive
thieving magpie	evasive
thieving skydiver	evasive
thieving sprite	evasive
thieving varmint	mana_dork,ramp
thijarian witness	
thing in the ice	
thing swing	removal
think twice	draw,cantrip
thinking cap	anthem,equipment
third little pig	
third path iconoclast	tokens
thirst for discovery	draw,cantrip
thirst for identity	draw,cantrip
thirst for knowledge	draw,cantrip
thirst for meaning	draw,cantrip
thirsting axe	anthem,equipment
thirsting bloodlord	anthem
thirsting roots	ramp,land_fetch
thirsting shade	
this town ain't big enough	removal
thistledown liege	anthem
thomil, the destroyer	tokens
thopter assembly	tokens,evasive
thopter engineer	tokens
thopter fabricator	tokens
thopter foundry	tokens
thopter mechanic	tokens
thopter pie network	tokens
thopter shop	tokens
thopter spy network	tokens
thopter squadron	tokens,evasive
thor odinson	evasive
thor, asgard's avenger	evasive
thor, god of thunder	evasive
thor, guardian of midgard	evasive
thorin oakenshield	evasive
thorin's last stand	removal,mass_pump
thorin, mountain-king	evasive
thorn lieutenant	tokens
thorn mammoth	evasive
thornado	removal
thornbite staff	equipment
thornbow archer	
thornfist striker	anthem
thornglint bridge	mana_dork,ramp
thornscape apprentice	
thornscape familiar	
thornvault forager	mana_dork,ramp
thornweald archer	
thornwind faeries	evasive
thought collapse	counterspell
thought courier	
thought devourer	evasive
thought dissector	sweeper
thought distortion	sweeper
thought eater	evasive
thought gorger	evasive
thought harvester	evasive
thought hemorrhage	removal,sweeper
thought monitor	evasive
thought nibbler	evasive
thought rattle	removal
thought scour	draw,cantrip
thought shucker	
thought vessel	mana_dork,ramp
thought-stalker warlock	evasive
thought-string analyst	
thoughtbind	counterspell
thoughtbound phantasm	
thoughtbound primoc	evasive
thoughtcast	draw,cantrip
thoughtcutter agent	
thoughtflare	draw,cantrip
thoughtpicker witch	
thoughtsteal sprites	evasive
thoughtweft charge	draw,cantrip,combat_pump
thoughtweft lieutenant	
thoughtweft's call	combat_pump
thousand moons crackshot	
thousand moons smithy	tokens
thousand winds	evasive
thousand-faced shadow	evasive
thraben charm	removal
thraben doomsayer	anthem,tokens
thraben exorcism	removal
thraben foulbloods	evasive
thraben gargoyle	
thraben heretic	
thraben inspector	
thraben militia	evasive
thraben standard bearer	tokens
thraben valiant	
thraben watcher	anthem,evasive
thragtusk	tokens
thrakkus the butcher	evasive
thran dynamo	mana_dork,ramp
thran foundry	sweeper
thran golem	evasive
thran power suit	equipment
thran weaponry	mass_pump
thranduil the strategist	tokens
thranduil's company	ramp
thranduil's decree	removal,counterspell
thranduil, sindarin liege	anthem,tokens
thrash	removal
thrash of raptors	evasive
thrashing frontliner	evasive
thrashing wumpus	sweeper
thrasios, triton hero	
thrasta, tempest's roar	evasive,haste
thraximundar	haste
thraxodemon	
threadbind clique	evasive
threat	tokens
three blind mice	tokens
three steps ahead	counterspell,draw,cantrip
three tree battalion	draw,cantrip
three tree mascot	
three tree rootweaver	mana_dork,ramp
three tree scribe	
three visits	ramp,land_fetch
threefold thunderhulk	tokens
threnody singer	evasive
thrill of possibility	draw,cantrip
thrill of the hunt	combat_pump
thrill-kill assassin	
thrilling discovery	draw,cantrip
thriving grubs	
thriving rats	
thriving skyclaw	evasive
thriving turtle	
throne of eldraine	mana_dork,ramp
throne of empires	tokens
throne warden	
throttle	combat_pump
through the forest gate	draw,cantrip
throw from the saddle	removal,combat_pump
throwing knife	anthem,equipment
thrull champion	anthem
thrull parasite	
thrull retainer	anthem
thrull surgeon	
thrumming hivepool	tokens
thrummingbird	evasive
thrun, breaker of silence	evasive
thryx, the sudden storm	evasive
thud	removal,burn
thunder brute	evasive
thunder dragon	evasive
thunder drake	evasive
thunder lasso	anthem,equipment
thunder magic	removal
thunder of hooves	sweeper
thunder salvo	removal
thunder spirit	evasive
thunder totem	mana_dork,ramp
thunder wall	evasive
thunderblade charge	removal,burn
thunderblust	evasive,haste
thunderbolt	removal
thunderbreak regent	evasive
thunderclap	removal
thunderclap drake	evasive
thunderclap wyvern	anthem,evasive
thundercloud elemental	evasive
thunderdrum soloist	
thunderfoot baloth	evasive
thunderhawk gunship	tokens
thunderhead squadron	evasive
thunderheads	tokens
thunderherd migration	ramp,land_fetch
thundering ceratok	evasive
thundering djinn	evasive
thundering giant	haste
thundering raiju	haste
thundering rebuke	removal
thundering spineback	anthem,tokens
thundering tanadon	evasive
thunderkin awakener	haste
thundermane dragon	evasive
thundermare	haste
thundermaw hellkite	evasive,haste
thunderous debut	sweeper,draw,cantrip
thunderous orator	
thunderous wrath	removal,burn
thunderscape apprentice	
thunderscape familiar	
thunderscape master	mass_pump
thundersong trumpeter	
thunderstaff	mass_pump
thundertrap trainer	
thurid, mare of destiny	anthem,evasive
thwart	counterspell
thwart the grave	reanimation
tiamat	evasive
tiamat's fanatics	haste
tiana, angelic mechanic	evasive
tiana, ship's caretaker	evasive
tibalt's rager	
tibalt's trickery	counterspell
tibalt, cosmic impostor	sweeper
tibalt, rakish instigator	tokens
tibalt, wicked tormentor	tokens
ticket tortoise	
ticket turbotubes	mana_dork,ramp
tidal influence	anthem
tidal visionary	
tidal warrior	
tidal wave	tokens
tide drifter	anthem
tide shaper	
tide skimmer	evasive
tidebinder mage	
tidecaller mentor	evasive
tidehollow sculler	
tidehollow strix	evasive
tideshaper mystic	
tidespout tyrant	evasive
tidings	draw,cantrip
tidy conclusion	removal
tiefling outcasts	anthem
tifa lockhart	evasive
tifa's limit break	combat_pump
tiger claws	anthem
tiger-dillo	
tiger-seal	
tiger-tribe hunter	evasive
tigereye cameo	mana_dork,ramp
tigra, feline fury	evasive
tiller engine	
tilonalli's crown	anthem
tilonalli's knight	
tilonalli's skinshifter	haste
tilonalli's summoner	tokens
timber paladin	evasive
timber protector	anthem
timber shredder	evasive
timber wolves	
timberland ancient	evasive
timberland guide	
timbermare	haste
timberpack wolf	
time beetle	evasive
time bomb	sweeper
time of heroes	anthem
time reaper	evasive,haste
time reversal	removal,sweeper,draw,cantrip
time sidewalk	removal
time spiral	removal,sweeper,draw,cantrip
time to reflect	removal
time wipe	removal,sweeper
timebender	
timeless dragon	evasive
timeless lotus	mana_dork,ramp
timeline culler	haste
timeline inquiry	draw,cantrip
timely hordemate	reanimation
timely interference	draw,cantrip,combat_pump
timely reinforcements	tokens
timestream navigator	
timetwister	sweeper,draw,cantrip
timid drake	evasive
timid shieldbearer	mass_pump
timin, youthful geist	evasive
timothar, baron of bats	tokens
tin street cadet	tokens
tin street dodger	haste
tin street gossip	mana_dork,ramp
tin street hooligan	
tin-wing chimera	evasive
tinder wall	
tine shrike	evasive
tinfoil helm	anthem,equipment
tinker's tote	tokens
tinybones, bauble burglar	
tinybones, the pickpocket	
tinybones, trinket thief	
tip the scales	mass_pump
tireless tribe	
titan forge	tokens
titan of industry	evasive
titan's presence	removal
titan's revenge	removal,burn
titan's strength	combat_pump
titania	ramp
titania's command	sweeper,ramp,land_fetch,tokens
titania, gaea incarnate	evasive,haste
titania, nature's force	tokens
titania, protector of argoth	tokens
titanic bulvox	evasive
titanic growth	combat_pump
titanoth rex	evasive
titans' vanguard	evasive
tithe	ramp,land_fetch
tithe drinker	
tithe taker	tokens
tivadar's crusade	sweeper
tivash, gloom summoner	tokens
tivit, seller of secrets	evasive
tl;dr	removal
tlincalli hunter	evasive
to arms!	draw,cantrip
toadstool admirer	
tobita, master of winds	
toby, beastie befriender	tokens
tocatli honor guard	
toddler's rage	anthem
toe-breaking helmet	anthem,equipment
together as one	removal,burn,draw,cantrip
toil	draw,cantrip
tok-tok, volcano born	
tokka & rahzar, terrible twos	evasive
tolabow, loch rascal	tokens
tolarian drake	evasive
tolarian emissary	evasive
tolarian entrancer	
tolarian geyser	removal,draw,cantrip
tolarian sentinel	evasive
tolarian winds	draw,cantrip
tolls of war	tokens
tolsimir wolfblood	anthem,tokens
tolsimir, friend to wolves	tokens
tolsimir, midnight's light	tokens
tomakul honor guard	
tomakul phoenix	evasive,haste
tomb blade	evasive
tomb fortress	reanimation
tomb hex	combat_pump
tomb of urami	tokens
tomb robber	evasive
tomb trawler	
tomb tyrant	anthem,reanimation
tombfire	sweeper
tombstalker	evasive
tombstone stairwell	tokens
tome blast	removal,burn
tome of gadwick	anthem,equipment
tome of the guildpact	mana_dork,ramp
tome raider	evasive
tome shredder	haste
tomik, distinguished advokist	evasive
tomik, izzet sparkmage	
tomik, orzhov lawmage	evasive
tomik, wielder of law	evasive
tomoya the revealer	
tonberry	
tonic peddler	
tony stark	
too greedily, too deep	sweeper,reanimation
toofer, keeper of the full grip	
took reaper	
toolcraft exemplar	
tooth and claw	tokens
tooth of ramos	mana_dork,ramp
topan freeblade	
topaz dragon	evasive
topiary lecturer	mana_dork,ramp
topiary panther	evasive
topple	removal
topple the statue	removal,draw,cantrip
topplegeist	evasive
toralf's disciple	haste
toralf's hammer	anthem,equipment
toralf, god of fury	evasive
torch breath	removal
torch courier	haste
torch drake	evasive
torch fiend	
torch gauntlet	anthem,equipment
torch the tower	removal
torch the witness	removal
torens, fist of the angels	tokens
torgal, a fine hound	mana_dork,ramp
tori d'avenant, fury rider	evasive
tormented angel	evasive
tormented hero	
tormented soul	
tormenting voice	draw,cantrip
tormentor's helm	anthem,equipment
tormentor's trident	anthem,equipment
tormod's crypt	sweeper
tormod's cryptkeeper	sweeper
tormod, the desecrator	tokens
torpid moloch	
torrent elemental	evasive
torrent of fire	removal,burn
torrent of lava	sweeper
torrent of souls	reanimation
torrent of stone	removal
torsten, founder of benalia	tokens
totentanz, swarm piper	tokens
toucan-puffin	evasive
touch and go	removal
touch of brilliance	draw,cantrip
touch of death	removal
touch of invisibility	draw,cantrip
touch of the void	removal,burn
tough cookie	
tourach's gate	mass_pump
tourach, dread cantor	
tovolar's huntmaster	tokens
tovolar's magehunter	
tovolar's packleader	tokens
tovolar, the midnight scourge	
towashi songshaper	
tower drake	evasive
tower gargoyle	evasive
tower geist	evasive
tower winder	
tower worker	mana_dork,ramp
towering viewpoint	
towering-wave mystic	
town gossipmonger	
town greeter	
town-razer tyrant	evasive
toxic abomination	
toxic deluge	mass_pump
toxic iguanar	
toxic scorpion	
toxic stench	removal,combat_pump
toxrill, the corrosive	tokens
toymaker	
track down	draw,cantrip
tracker's instincts	draw,cantrip
trackhand trainer	
trade caravan	
trade secrets	draw,cantrip
tradewind rider	evasive
trading post	tokens
tragda, the burner	evasive
tragedy feaster	evasive
tragic fall	combat_pump
tragic lesson	draw,cantrip
tragic poet	
tragic slip	combat_pump
tragic trajectory	combat_pump
trailblazer's boots	equipment
trailblazer's torch	equipment
trailblazing historian	haste
trailtracker scout	mana_dork,ramp
train of thought	draw,cantrip
train troops	tokens
trained arynx	
trained caracal	
trained condor	evasive
trained jackal	
trained pronghorn	
traitor's clutch	combat_pump
traitor's roar	removal
traitorous greed	ramp,ritual
trance kuja, fate defied	
tranquil domain	sweeper
tranquil grove	sweeper
tranquil path	sweeper,draw,cantrip
tranquility	sweeper
transcendent dragon	evasive
transcendent envoy	evasive
transcendent message	draw,cantrip
transdimensional bovine	mana_dork,ramp,evasive
transforming flourish	removal
transgress the mind	removal
transluminant	
transmogrant altar	mana_dork,ramp,tokens
transmogrant's crown	anthem,equipment
transmogrify	removal
transmogrifying licid	anthem
transmogrifying wand	tokens
transmute artifact	removal
transpose	draw,cantrip,tokens
trap essence	counterspell
trapeze artist	evasive
traproot kami	
traumatic critique	removal,burn,draw,cantrip
traumatic visions	counterspell
travel the overworld	draw,cantrip
travel through caradhras	removal
traveling botanist	
traveling minister	
traveling philosopher	
traverse eternity	draw,cantrip
traverse the outlands	ramp,land_fetch
traverse the ulvenwald	ramp,land_fetch
trawler drake	evasive
traxos, academy guardian	evasive
traxos, scourge eternal	evasive
traxos, scourge of kroog	evasive
treacherous greed	draw,cantrip
treacherous pit-dweller	
treacherous trapezist	evasive
treacherous vampire	evasive
treasure cruise	draw,cantrip
treasure dredger	
treasure hunt	sweeper
treasure vault	mana_dork,ramp
treasured find	removal
tree monkey	
tree of tales	mana_dork,ramp
treebeard, gracious host	evasive
treefolk harbinger	
treefolk umbra	anthem
treetop ambusher	
treetop bracers	anthem
treetop freedom fighters	tokens,haste
treetop scout	
treetop sentinel	evasive
treetop warden	
trelasarra, moon dancer	
tremor	sweeper
trench gorger	evasive
trenzalore clocktower	sweeper
trepanation blade	equipment
tresserhorn skyknight	evasive
tresserhorn's lord, returned	evasive
treva's charm	removal,draw,cantrip
treva, the renewer	evasive
tri-sentinel, act of vengeance	evasive
trial and error	removal,burn
trial of agony	removal
trial of strength	tokens
triarch praetorian	evasive
tribal flames	removal,burn
tribal forcemage	
tribal golem	evasive
tribal unity	combat_pump
tribune of rot	tokens
tributary vaulter	evasive
tribute to horobi	tokens
tribute to urborg	combat_pump
triceraton commander	tokens,evasive
trick shot	removal
trickbind	counterspell
trickery charm	draw,cantrip
tricks of the trade	anthem
trickster mage	
trickster's talisman	anthem,equipment
triclopean sight	anthem
trigon of infestation	tokens
trip wire	removal
triplicate spirits	tokens
triplicate titan	tokens,evasive
triskaidekaphile	
triskelavus	tokens,evasive
triton shorestalker	
triton shorethief	
triton tactics	combat_pump
triton wavebreaker	anthem
triumphant adventurer	
triumphant chomp	removal
triumphant reckoning	sweeper
triumphant surge	removal
troll-horn cameo	mana_dork,ramp
trollhide	anthem
tromp the domains	mass_pump
troop of ponies	
tropical storm	sweeper
trostani discordant	anthem,tokens
trostani's judgment	removal
trostani's summoner	tokens
trouble	removal,burn
troublemaker ouphe	
troublesome spirit	evasive
troyan, gutsy explorer	mana_dork,ramp
truce	draw,cantrip
truck toss	removal,burn
trudge garden	tokens
true believer	
true love's kiss	removal,draw,cantrip
true-faith censer	anthem,equipment
truefire paladin	
trueheart duelist	
truga cliffcharger	evasive
trumpet blast	mass_pump
trumpeting carnosaur	evasive
trumpeting gnarr	tokens
trumpeting herd	tokens
truss, chief engineer	
trusted advisor	
trusted pegasus	evasive
trustworthy scout	
trusty boomerang	equipment
trusty companion	
trusty machete	anthem,equipment
try-my-deck elemental	evasive
trygon predator	evasive
trynn, champion of freedom	tokens
trystan's command	removal,mass_pump
trystan, penitent culler	
tsabo's decree	sweeper
tsunami	sweeper
tuinvale guide	evasive
tukatongue thallid	tokens
tuknir deathlock	evasive
tuktuk grunts	haste
tuktuk the explorer	tokens,haste
tumble	sweeper
tumbleweed rising	tokens
tundra fumarole	removal,ramp,ritual
tundra wall	
tundra wolves	
tune the narrative	draw,cantrip
tunnel	removal
tunnel ignus	
tunnel rats	
tunnel surveyor	tokens
tunnel tipster	mana_dork,ramp
tura kennerüd, skyknight	tokens,evasive
turbocharged escape	sweeper
turbulent dreams	removal
turf wound	draw,cantrip
turn aside	counterspell
turn inside out	combat_pump
turn into a pumpkin	removal,draw,cantrip
turn stones	tokens
turn to dust	removal,ramp,ritual
turn to mist	removal
turn to slag	removal,sweeper
turntimber ranger	tokens
turntimber sower	tokens
turtle blimp	tokens
turtle power!	anthem
turtle-duck	
turtles forever	sweeper
turtles in time	removal,sweeper,draw,cantrip
tva bureaucrat	
tweeze	removal,burn,draw,cantrip
twice upon a time	removal
twilight drover	tokens
twilight panther	
twilight prophet	evasive
twilight shepherd	evasive
twilight's call	sweeper
twin blades	anthem,equipment
twin bolt	removal,burn
twin-silk spider	tokens
twinblade geist	
twinblade slasher	
twinflame travelers	evasive
twinflame tyrant	evasive
twining twins	evasive
twinmaw stormbrood	evasive
twinned vision	draw,cantrip
twinstrike	removal
twist reality	counterspell
twisted embrace	anthem
twisted experiment	anthem
twisted fates	removal
twisted image	draw,cantrip
twisted justice	draw,cantrip
twisted reflection	combat_pump
twisted riddlekeeper	evasive
twisted sewer-witch	tokens
twitch	draw,cantrip
twitching doll	mana_dork,ramp,tokens
two streams facility	ramp,anthem
two-handed axe	equipment
two-headed dragon	evasive
two-headed giant of foriys	evasive
two-headed hellkite	evasive,haste
two-headed hunter	evasive
two-headed sliver	
two-headed zombie	evasive
tymaret calls the dead	tokens
tymaret, chosen from death	
tymaret, the murder king	
tymora's invoker	
typhoid rats	
tyranid harridan	tokens,evasive
tyranid invasion	tokens
tyrannical pitlord	evasive
tyrant of kher ridges	evasive
tyrant of valakut	evasive
tyrant's familiar	evasive,haste
tyrant's scorn	removal
tyrox, saurid tyrant	
tyrranax atrocity	haste
tyrranax rex	evasive,haste
tyvar kell	tokens
tyvar, jubilant brawler	reanimation
tyvar, the pummeler	mass_pump
tzaangor shaman	evasive
uchbenbak, the great mistake	evasive
ugin's binding	removal
ugin's conjurant	
ugin's insight	draw,cantrip
ugin, the ineffable	tokens
ugin, the spirit dragon	sweeper
uktabi drake	evasive,haste
uktabi faerie	evasive
uktabi kong	tokens,evasive
ulamog's dreadsire	tokens
ulamog's nullifier	evasive
ulcerate	combat_pump
uldaros theorix	evasive
ulna alley shopkeep	evasive
ulrich's kindred	evasive
ulrich, uncontested alpha	
ultima	sweeper
ultima weapon	anthem,equipment
ultima, origin of oblivion	evasive
ultimate alliance	removal
ultimate magic: meteor	removal,sweeper
ultimate nullification	sweeper
ultimate price	removal
ultimate spider-man	haste
ultimecia, omnipotent	evasive
ultimo, civilization's end	evasive
ultramarines honour guard	anthem
ultron drone	tokens
ultron the annihilator	tokens,evasive
ultron's auxiliary	evasive
ultron, machine overlord	anthem,evasive
ultron, unlimited	tokens,evasive
ultros, obnoxious octopus	
ulvenwald abomination	mana_dork,ramp
ulvenwald behemoth	anthem,evasive,haste
ulvenwald captive	mana_dork,ramp
ulvenwald mysteries	tokens
ulvenwald oddity	evasive,haste
ulvenwald primordials	
ulvenwald tracker	
umara entangler	
umara mystic	evasive
umara raptor	evasive
umaro, raging yeti	evasive
umbral collar zealot	
umbral juke	tokens
umbral mantle	equipment
umezawa's charm	combat_pump
umezawa's jitte	equipment
unagi's spray	draw,cantrip,combat_pump
unassuming sage	
unauthorized exit	removal
unblinking observer	mana_dork,ramp
unbreakable bond	reanimation
unbreakable remnant	
unburial rites	reanimation
unburied earthcarver	
unchained berserker	
unchecked growth	combat_pump
unclaimed battle axe	anthem,equipment
unclaimed bird	evasive
uncle's musings	removal
uncomfortable chill	draw,cantrip
uncontrollable anger	anthem
uncovered clues	draw,cantrip
unctus, grand metatect	anthem
undead alchemist	tokens
undead augur	
undead butler	
undead hand ninja	
undead servant	tokens
undead sprinter	evasive,haste
undead warchief	anthem
undercellar myconid	mana_dork,ramp,tokens
undercellar sweep	tokens
undercity dire rat	
undercity shade	evasive
undercity troll	
undercover skrull	mana_dork,ramp
underdark basilisk	
underdark explorer	evasive
underfoot underdogs	tokens
undergrowth leopard	
undermine	counterspell
undermountain adventurer	mana_dork,ramp
undersimplify	counterspell
undertaker	
underworld coinsmith	
underworld fires	sweeper
underworld hermit	tokens
underworld rage-hound	
undo	removal
undulating witness	evasive
undying flames	removal,burn
undying rage	anthem
unearth	reanimation
uneasy alliance	tokens
unending whisper	draw,cantrip
unesh, criosphinx sovereign	evasive
unexpected assistance	draw,cantrip
unexpected conversion	removal,draw,cantrip
unexpected windfall	draw,cantrip
unexplained absence	removal
unexplained disappearance	removal
unexplained vision	draw,cantrip
unfathomable truths	draw,cantrip,tokens
unfinished business	reanimation
unflinching courage	anthem
unflinching hortimancer	
unforge	removal
unforgiving aim	removal,tokens
unforgiving one	evasive,reanimation
unforgiving overtake	removal
unfortunate accident	removal,tokens
unfriendly fire	removal,burn
unhallowed cathar	
unhinge	draw,cantrip
unholy fiend	
unholy heat	removal
unholy hunger	removal
unholy officiant	
unholy strength	anthem
unicycle	equipment
unified front	tokens
unified strike	removal
unified will	counterspell
unimpeded trespasser	
uninvited geist	evasive
union of the third path	draw,cantrip
unit headquarters	tokens
unite the coalition	removal,sweeper,burn,draw,cantrip
united battlefront	draw,cantrip
united front	tokens
universal automaton	
universal surveillance	draw,cantrip
unleash shell	removal
unleash the inferno	removal
unlicensed disintegration	removal
unliving legionnaire	evasive
unlucky cabbage merchant	
unlucky witness	
unmake	removal
unmarked grave	removal
unmoored ego	removal,draw,cantrip
unnatural endurance	combat_pump
unnerving grasp	removal
unravel	counterspell,draw,cantrip
unruly krasis	evasive
unruly mob	
unscrupulous agent	
unscythe, killer of kings	anthem,tokens,equipment
unseen walker	
unsettled mariner	
unstable experiment	draw,cantrip
unstable footing	removal
unstable molecule suit	anthem,equipment
unstable mutation	anthem
unstable obelisk	mana_dork,ramp
unstoppable ash	evasive
unsubstantiate	removal
unsubtle mockery	removal
unsummon	removal
untamed hunger	anthem
untamed kavu	evasive
untamed might	combat_pump
untamed pup	evasive
untamed wilds	ramp,land_fetch
untimely malfunction	removal
unwanted remake	removal
unwelcome sprite	evasive
unwilling ingredient	evasive
unwilling vessel	tokens
unwind	counterspell
unwind history	removal
unworthy dead	
unyaro	tokens
unyaro bee sting	removal,burn
unyaro bees	evasive
unyaro griffin	evasive
unyielding gatekeeper	
updraft elemental	evasive
upriser renegade	
ur-golem's eye	mana_dork,ramp
urabrask's forge	tokens
urabrask, heretic praetor	haste
urban evolution	draw,cantrip
urbis protector	tokens
urborg drake	evasive
urborg elf	mana_dork,ramp
urborg lhurgoyf	
urborg scavengers	evasive,haste
urborg skeleton	
urborg uprising	draw,cantrip
urdnan, dromoka warrior	
ureni of the unwritten	evasive
ureni's rebuff	removal
ureni, the song unending	evasive
urge to feed	combat_pump
urgent exorcism	removal
urgent necropsy	removal
urgoros, the empty one	evasive
urianger augurelt	
ursine champion	
ursine monstrosity	evasive
urtet, remnant of memnarch	tokens
urza's command	draw,cantrip,tokens
urza's engine	evasive
urza's factory	tokens
urza's guilt	draw,cantrip
urza's hot dog stand	mana_dork,ramp
urza's rage	removal,burn
urza's rebuff	counterspell
urza's ruinous blast	sweeper
urza's sylex	sweeper
urza, chief artificer	tokens
urza, lord high artificer	tokens
urza, planeswalker	sweeper,tokens
urza, prince of kroog	anthem
usher of the fallen	tokens
usher to safety	removal
utility knife	anthem,equipment
utopia mycon	tokens
utopia tree	mana_dork,ramp
utrom monitor	evasive
utter end	removal
utvara hellkite	tokens,evasive
utvara scalper	evasive
uyo, silent prophet	evasive
v'ger, the intruder	evasive
v.a.t.s.	removal
vacuumelt	removal
vadmir, new blood	evasive
vadrok, apex of thunder	evasive
vaevictis asmadi	evasive
vaevictis asmadi, the dire	evasive
valakut awakening	draw,cantrip
valduk, keeper of the flame	tokens
valentin, dean of the vein	evasive
valeron outlander	
valgavoth's faithful	reanimation
valgavoth, harrower of souls	evasive
valgavoth, terror eater	evasive
valiant batrider	evasive
valiant emberkin	haste
valiant endeavor	sweeper
valiant farewell	draw,cantrip,combat_pump
valiant guard	
valiant knight	anthem
valiant rescuer	tokens
valiant veteran	anthem
valki, god of lies	
valko indorian, researcher	
valkyrie aerial unit	evasive
valkyrie harbinger	tokens,evasive
valkyrie's sword	anthem,tokens,equipment
valkyrior skyrider	evasive
valley dasher	haste
valley mightcaller	evasive
valley questcaller	anthem
valley rally	mass_pump
valley rotcaller	evasive
valleymaker	mana_dork,ramp
valor of the worthy	anthem,tokens
valor's flagship	tokens
valor's reach tag team	tokens
valorous charge	mass_pump
valorous stance	removal
valorous steed	tokens
vamping vampire	evasive
vampire bats	evasive
vampire charmseeker	evasive
vampire cutthroat	evasive
vampire envoy	evasive
vampire gourmand	
vampire hexmage	
vampire interloper	evasive
vampire lacerator	
vampire neonate	
vampire nighthawk	evasive
vampire nocturnus	anthem
vampire nocturnus avatar	anthem
vampire of the dire moon	
vampire opportunist	
vampire revenant	evasive
vampire scrivener	evasive
vampire slayer	
vampire socialite	evasive
vampire soulcaller	evasive
vampire sovereign	evasive
vampire's bite	combat_pump
vampire's zeal	combat_pump
vampires' vengeance	sweeper
vampiric dragon	evasive
vampiric embrace	anthem
vampiric feast	removal,burn
vampiric spirit	evasive
vampiric touch	removal
vandal's edit	draw,cantrip
vandalblast	removal
vandalize	removal
vanguard of brimaz	tokens
vanguard of the restless	evasive
vanguard of the rose	
vanguard seraph	evasive
vanguard suppressor	evasive
vanguard's shield	anthem,equipment
vanish into eternity	removal
vanish into memory	removal,draw,cantrip
vanishing verse	removal
vanquish	removal
vanquish the foul	removal
vanquish the horde	sweeper
vanquish the weak	removal
vanquisher's axe	anthem,equipment
vanquisher's banner	anthem
vantress gargoyle	evasive
vantress paladin	evasive
vapor snag	removal
vaporkin	evasive
vaporous djinn	evasive
varchild's war-riders	evasive
varchild, betrayer of kjeldor	tokens
variable chaser	evasive
varina, lich queen	tokens
varis, silverymoon ranger	tokens
vashta nerada	evasive
vassal soul	evasive
vastwood hydra	
vastwood surge	ramp,land_fetch
vat emergence	reanimation
vat of rebirth	reanimation
vault 101: birthday party	tokens
vault 11: voter's dilemma	tokens
vault of whispers	mana_dork,ramp
vault robber	
vault skirge	evasive
vaultborn tyrant	evasive
vayne's treachery	combat_pump
vazal, the compleat	evasive
vazi, keen negotiator	haste
vebulid	
vectis gloves	anthem,equipment
vector asp	
vector glider	evasive
vedalken aethermage	
vedalken certarch	
vedalken engineer	mana_dork,ramp
vedalken ghoul	
vedalken heretic	
vedalken infiltrator	
vedalken mastermind	
vedalken mesmerist	
vedalken outlander	
vega, the watcher	evasive
veil of summer	draw,cantrip
vein drinker	evasive
vein ripper	evasive
veinfire borderpost	mana_dork,ramp
veinwitch coven	evasive
veko, death's doorkeeper	
vela the night-clad	evasive
veloheart bike	mana_dork,ramp
velomachus lorehold	evasive,haste
velukan dragon	evasive
velvetwing butterflies	evasive
vendetta	removal
vendilion clique	evasive
venerable knight	
venerable lammasu	evasive
venerable warsinger	evasive
venerated rotpriest	
venerated stormsinger	tokens
vengeance	removal
vengeful ancestor	evasive
vengeful archon	evasive
vengeful bloodwitch	
vengeful devil	haste
vengeful dreams	removal
vengeful firebrand	haste
vengeful possession	draw,cantrip
vengeful reaper	evasive,haste
vengeful rebirth	removal,burn
vengeful regrowth	tokens
vengeful strangler	
vengeful tracker	
vengeful vampire	evasive
vengevine	haste
venom blast	removal
venom connoisseur	
venom sliver	
venom's hunger	removal
venom, deadly devourer	evasive
venom, eddie brock	evasive
venom, lethal protector	evasive,haste
venomous breath	sweeper
venomous dragonfly	evasive
venomous vines	removal
venomsac lagac	
venomthrope	evasive
venser's diffusion	removal
venser, corpse puppet	
venture forth	removal
verazol, the split current	
verdant automaton	
verdant command	removal,counterspell,tokens
verdant confluence	ramp,land_fetch
verdant crescendo	ramp,land_fetch
verdant embrace	anthem
verdant force	tokens
verdant kraken	tokens
verdant mastery	sweeper,ramp,land_fetch
verdant rebirth	draw,cantrip
verdant rejuvenation	sweeper
verdeloth the ancient	anthem,tokens
verdigris	removal
verdurous gearhulk	evasive
verix bladewing	tokens,evasive
vermin gorger	
vernadi shieldmate	
vernal sovereign	tokens
veronica, dissident scribe	evasive
verrak, warped sengir	evasive
vertex paladin	evasive
vertigo	removal
vertigo spawn	
very cryptic command	draw,cantrip
vesper ghoul	mana_dork,ramp
vesperlark	evasive,reanimation
vessel of endless rest	mana_dork,ramp
vessel of ephemera	tokens
vessel of the all-consuming	evasive
vestige of emrakul	evasive
vesuvan drifter	evasive
vesuvan mist	removal
veteran armorer	anthem
veteran armorsmith	anthem
veteran beastrider	mass_pump
veteran brawlers	
veteran cathar	
veteran cavalier	
veteran explorer	
veteran ghoulcaller	evasive
veteran ice climber	
veteran motorist	
veteran survivor	
veteran swordsmith	anthem
veteran's armaments	equipment
veteran's powerblade	anthem,equipment
veteran's reflexes	combat_pump
veteran's sidearm	anthem,equipment
vex	counterspell,draw,cantrip
vexing devil	
vexing gull	evasive
vexing puzzlebox	mana_dork,ramp
vexing radgull	evasive
vexing shusher	
vexing sphinx	evasive
vexyr, ich-tekik's heir	tokens
vhal, candlekeep researcher	mana_dork,ramp
vhal, scholar of mortality	reanimation
vial smasher, gleeful grenadier	
viashino branchrider	haste
viashino cutthroat	haste
viashino firstblade	haste
viashino lashclaw	
viashino pyromancer	
viashino runner	evasive
viashino sandscout	haste
viashino sandsprinter	evasive,haste
viashino sandstalker	haste
viashino slasher	
viashino slaughtermaster	
viashivan dragon	evasive
vibranium energy daggers	anthem,equipment
vibranium strike gauntlets	anthem,equipment
vibrant idea	draw,cantrip
vibrant outburst	removal,burn
vibrating sphere	anthem
vicious betrayal	combat_pump
vicious conquistador	
vicious hunger	removal
vicious offering	combat_pump
vicious rivalry	sweeper
vicious verse	removal
vicious verse [e1ffb884-a89e-4e2a-9beb-8bd5838b6a94]	removal
vicious verse [e8f755f7-ec93-4d2e-bffc-c719984fa13d]	removal
viconia, nightsinger's disciple	
victim of night	removal
victor, valgavoth's seneschal	reanimation
victorious destruction	removal
victory's herald	evasive
victual sliver	
view from above	removal
viewpoint synchronization	sweeper,ramp,land_fetch
vigean intuition	sweeper
vigilant drake	evasive
vigilant martyr	
vigor	evasive
vigorbloom charm	draw,cantrip
vigorbloom vanguard	
vildin-pack alpha	
vildin-pack outcast	evasive
vile aggregate	evasive
vile bile	
vile manifestation	
vile mutilator	evasive
vile rebirth	removal,tokens
vile redeemer	tokens
vilespawn spider	tokens
vilis, broker of blood	evasive
village elder	
village ironsmith	
village messenger	haste
village reavers	
village rites	draw,cantrip
village watch	haste
villainous syndication	reanimation
villainous wrath	sweeper
vincent, vengeful atoner	evasive
vindicate	removal
vindictive flamestoker	
vindictive triumph	removal
vindictive warden	evasive
vine gecko	
vine kami	evasive
vine trellis	mana_dork,ramp
vinelasher kudzu	
vinereap mentor	
vines of vastwood	combat_pump
vineshaper prodigy	
vinesoul spider	
vineweft	anthem
vintara elephant	evasive
vintara snapper	
violent echoes	removal
violent eruption	removal,burn
violent impact	removal
violent outburst	mass_pump
violent ultimatum	removal
violet pall	removal,tokens
viper, cruel conspirator	
viral drake	evasive
viral spawning	tokens
viridescent wisps	draw,cantrip
viridian acolyte	mana_dork,ramp
viridian claw	anthem,equipment
viridian emissary	
viridian joiner	mana_dork,ramp
viridian longbow	equipment
viridian zealot	
virtual assistant	tokens
virtue of persistence	reanimation
virtue's ruin	sweeper
virtuous charge	mass_pump
virtuous variant	evasive
virulent emissary	
virulent sliver	
virus beetle	
visage of bolas	mana_dork,ramp
visara the dreadful	evasive
viscera seer	
viscerid armor	anthem
viscerid drone	
vish kal, blood arbiter	evasive
vishgraz, the doomhive	tokens,evasive
vision of love	draw,cantrip
vision of the unspeakable	evasive
vision skeins	draw,cantrip
vision, spectral synthezoid	evasive
vision, synthezoid avenger	evasive
visionary's dance	tokens
visions	draw,cantrip
visions of beyond	draw,cantrip
visions of dread	reanimation
visions of glory	tokens
visions of villainy	draw,cantrip
visitor from planet q	
vital splicer	tokens
vitality charm	tokens
vitality salve	reanimation
vitalizing wind	mass_pump
vitaspore thallid	tokens
vito, fanatic of aclazotz	tokens,evasive
vitu-ghazi guildmage	tokens
vitu-ghazi inspector	
vitu-ghazi, the city-tree	tokens
viv vision, teen synthezoid	evasive
vivi's persistence	tokens
vivid flying fish	evasive
vivid revival	removal
vivien on the hunt	tokens
vivien's invocation	removal,draw,cantrip
vivien, monsters' advocate	tokens
vivify	draw,cantrip
vivisection	draw,cantrip
vivisurgeon's insight	draw,cantrip
vizier of remedies	
vizkopa guildmage	
vnwxt, verbose host	
vodalian arcanist	mana_dork,ramp
vodalian hexcatcher	anthem
vodalian hypnotist	
vodalian merchant	
vodalian mystic	
vodalian soldiers	
vodalian zombie	
vogar, necropolis tyrant	evasive
vohar, vodalian desecrator	
voice of all	evasive
voice of duty	evasive
voice of grace	evasive
voice of law	evasive
voice of reason	evasive
voice of resurgence	tokens
voice of the blessed	evasive
voice of the provinces	tokens,evasive
voice of the woods	tokens
voice of truth	evasive
voice of victory	tokens
voiceless spirit	evasive
void	sweeper
void attendant	tokens
void extrapolator	
void helix	removal,burn
void maw	evasive
void rend	removal
void shatter	removal,counterspell
void snare	removal
void squall	removal
void stalker	
voidcalled devotee	haste
voidmage apprentice	
voidmage prodigy	
voidpouncer	
voidslime	counterspell
voidstone gargoyle	evasive
voidwalk	removal
voidwing hybrid	evasive
voja, jaws of the conclave	evasive
volatile arsonist	evasive,haste
volatile rig	evasive
volatile stormdrake	evasive
volatile wanderglyph	
volcanic awakening	removal
volcanic dragon	evasive,haste
volcanic eruption	removal,sweeper
volcanic fallout	sweeper
volcanic geyser	removal,burn
volcanic hammer	removal,burn
volcanic offering	removal
volcanic salvo	removal
volcanic spite	removal,draw,cantrip
volcanic spray	sweeper
volcanic strength	anthem
volcanic submersion	removal
volcanic torrent	sweeper
volcanic upheaval	removal
volcanic villain	haste
volcanic vision	removal,sweeper
volcanic wind	removal
volcano imp	evasive
voldaren bloodcaster	evasive
voldaren duelist	haste
voldaren epicure	
voldaren pariah	evasive
voldaren stinger	
volley of boulders	removal,burn
volrath's laboratory	tokens
volshe tideturner	mana_dork,ramp
volt charge	removal,burn
volt-charged berserker	
voltage surge	removal
voltaic brawler	
voltaic servant	
voltaic visionary	
voltaic whip	anthem,equipment
voltstorm angel	evasive
volunteer militia	
volunteer reserves	
vona de iedo, the antifex	evasive
voracious bibliophile	evasive
voracious dragon	evasive
voracious fell beast	evasive
voracious hydra	evasive
voracious reader	
voracious tome-skimmer	evasive
voracious vampire	evasive
voracious varmint	
voracious vermin	tokens
voracious wurm	
vorapede	evasive
vorinclex	evasive
vorinclex, monstrous raider	evasive,haste
vorinclex, voice of hunger	evasive
vorosh, the hunter	evasive
vorpal sword	anthem,equipment
vorrac battlehorns	equipment
vortex elemental	
vorthos, steward of myth	
votary of the conclave	
vote out	removal
vow of duty	anthem
vow of flight	anthem
vow of lightning	anthem
vow of malice	anthem
vow of torment	anthem
vow of wildness	anthem
vow to erebor	combat_pump
voyage home	draw,cantrip
voyage's end	removal
voyager drake	evasive
voyaging satyr	
vraan, executioner thane	
vraska the unseen	tokens
vraska's conquistador	
vraska's contempt	removal
vraska's final mercy	removal
vraska's stoneglare	removal
vraska, relic seeker	tokens
vraska, scheming gorgon	mass_pump
vraska, soul of stone	tokens
vraska, swarm's eminence	tokens
vrestin, menoptra leader	tokens,evasive
vrock	evasive
vrondiss, rage of ancients	tokens
vryn wingmare	evasive
vulpikeet	evasive
vulpine goliath	evasive
vulshok battlegear	anthem,equipment
vulshok battlemaster	haste
vulshok berserker	haste
vulshok factory	mana_dork,ramp,tokens
vulshok gauntlets	anthem,equipment
vulshok morningstar	anthem,equipment
vulshok sorcerer	haste
vulshok splitter	anthem,tokens,equipment
vulture, feathered fiend	evasive
vulture, scheming scavenger	evasive
vulturous aven	evasive
vulturous zombie	evasive
vv'viza, orbital overseer	evasive
w'kabi, shield of the nation	tokens
wagon wrecker	evasive
wail of the forgotten	removal,draw,cantrip
wail of the nim	sweeper
wail of war	mass_pump
waildrifter	evasive
wailing ghoul	
waiting in the weeds	tokens
wakanda forever!	draw,cantrip
wakandan drone flock	evasive
wakandan shield guard	tokens
wakandan tusker	
wake of destruction	removal,sweeper
wake of vultures	evasive
wake the dead	reanimation
wake the dragon	tokens
wake the past	sweeper
wake to slaughter	removal
wakedancer	tokens
wakestone gargoyle	evasive
waking the trolls	tokens
wakka, devoted guardian	evasive
walk the plank	removal
walker of the grove	tokens
walker of the wastes	evasive
walking atlas	
walking ballista	
walking bulwark	
walking corpse	
walking dead	
walking sarcophagus	
walking skyscraper	evasive
walking sponge	
wall crawl	anthem,tokens
wall of air	evasive
wall of blossoms	
wall of caltrops	
wall of corpses	
wall of deceit	
wall of denial	evasive
wall of diffusion	
wall of earth	
wall of essence	
wall of forgotten pharaohs	
wall of fortune	
wall of glare	
wall of hope	
wall of junk	
wall of kelp	tokens
wall of lost thoughts	
wall of mist	
wall of mourning	
wall of mulch	
wall of omens	
wall of one thousand cuts	evasive
wall of razors	
wall of resistance	evasive
wall of reverence	evasive
wall of roots	
wall of runes	
wall of shards	evasive
wall of souls	
wall of swords	evasive
wall of tanglecord	
wall of tears	
wall of tombstones	
wall of torches	
wall of vines	
wall of wood	
wall off	tokens
wallop	removal
waltz of rage	sweeper
wan shi tong, all-knowing	tokens,evasive
wan shi tong, librarian	evasive
wand of orcus	tokens,equipment
wand of the elements	tokens
wand of the worldsoul	mana_dork,ramp
wander off	removal
wanderbrine preacher	
wanderbrine trapper	
wanderer's intervention	removal
wanderer's strike	removal
wandering champion	
wandering eye	evasive
wandering mind	evasive
wandering ones	
wandering treefolk	
wandering wolf	
wanderlight spirit	evasive
wandertale mentor	mana_dork,ramp
wanderwine farewell	removal,tokens
wane	removal
wanted griffin	tokens,evasive
wanted scoundrels	
war effort	anthem,tokens
war elephant	evasive
war falcon	evasive
war flare	mass_pump
war horn	combat_pump,anthem
war machine, avenging arsenal	evasive
war machine, james rhodes	evasive
war machine, legacy of iron	evasive
war mammoth	evasive
war priest of thune	
war screecher	mass_pump,evasive
war squeak	anthem
war-name aspirant	
war-torch goblin	
war-trained slasher	evasive
war-wing siren	evasive
warbreak trumpeter	tokens
warbriar blessing	anthem
warchanter skald	tokens
warchief giant	haste
warclamp mastiff	
warcry phoenix	evasive,haste
warded battlements	combat_pump,anthem
warden	tokens
warden of evos isle	evasive
warden of geometries	mana_dork,ramp
warden of the chained	evasive
warden of the first tree	
warden of the inner sky	evasive
warden of the wall	mana_dork,ramp
wardscale dragon	evasive
warehouse tabby	tokens
warg rider	evasive
warg tactics	removal
wargling	
warhorn blast	mass_pump
warhost's frenzy	mass_pump
warkite marauder	evasive
warleader's call	anthem
warleader's helix	removal,burn
warlord's axe	anthem,equipment
warlord's fury	draw,cantrip
warm welcome	draw,cantrip,tokens
warmonger	sweeper
warmonger hellkite	mass_pump,evasive
warmonger's chariot	anthem,equipment
warning tremor	removal,burn
warp world	sweeper
warpath	sweeper
warped physique	combat_pump
warped tusker	tokens
warping wail	removal,counterspell,tokens
warren elder	mass_pump
warren instigator	
warren torchmaster	
warren weirding	tokens
warren-scourge elf	
warrior angel	evasive
warrior en-kor	
warrior's blades	anthem,equipment
warrior's charge	mass_pump
warrior's honor	mass_pump
warrior's stand	mass_pump
warrior's sword	anthem,tokens,equipment
warriors of tiamat	haste
warriors of wakanda	evasive
warship flight crew	
warship scout	
wartime protestors	haste
wary thespian	
wary watchdog	
wash away	counterspell
wasitora, nekoru queen	tokens,evasive
wasp lancer	evasive
wasp of the bitter end	evasive
wasp, shrinking savior	evasive
waste away	combat_pump
waste management	removal,sweeper,tokens
waste not	tokens
wasteland viper	
wastescape battlemage	
watchdog	combat_pump
watcher for tomorrow	
watcher in the mist	evasive
watcher of hours	evasive
watcher of the roost	evasive
watcher of the spheres	evasive
watcher sliver	anthem
watchers of the dead	
watchful blisterzoa	evasive
watchful giant	tokens
watchwing scarecrow	evasive
watchwolf	
water tribe captain	mass_pump
water tribe rallier	
water whip	removal,draw,cantrip
water wurm	
waterbender's restoration	removal
waterbending lesson	draw,cantrip
waterfall aerialist	evasive
waterfront bouncer	
waterkin shaman	
waterspout djinn	evasive
waterspout elemental	evasive
waterwhirl	removal
waterwind scout	evasive
wave of rats	evasive
wave of reckoning	removal
wave of vitriol	ramp,land_fetch
wave-wing elemental	evasive
wavesifter	evasive
waveskimmer aven	evasive
wax	combat_pump
wax-wane witness	evasive
way of the thief	anthem
waylay	tokens
waystone's guidance	combat_pump
wayta, trainer prodigy	haste
wayward angel	evasive
wayward disciple	
wayward giant	evasive
wayward guide-beast	evasive,haste
wayward servant	
wayward soul	evasive
wayward swordtooth	ramp
we hope you like squirrels	tokens
we ride at dawn	tokens
we say thee nay!	counterspell
weakstone	combat_pump
weapons trainer	anthem
wear	removal
wear away	removal
wear down	removal
weaselback redcap	
weather maker	mana_dork,ramp
weathered sentinels	evasive
weathered wayfarer	
weatherseed elf	
weatherseed faeries	evasive
weatherseed totem	mana_dork,ramp
weatherseed treefolk	evasive
weave fate	draw,cantrip
weave the nightmare	counterspell,combat_pump
weaver of blossoms	mana_dork,ramp
weaver of currents	mana_dork,ramp
weaver of harmony	anthem
web	anthem
web shot	removal
web-shooters	anthem,equipment
webspinner cuff	anthem,equipment
webstrike elite	
wedding crasher	
wedding festivity	anthem
wedgelight rammer	tokens
wee champion	
wee dragonauts	evasive
weed strangle	removal
wei ambush force	
wei elite companions	evasive
wei infantry	
wei night raiders	evasive
wei scout	evasive
wei strike force	evasive
weigh down	combat_pump
weight of memory	draw,cantrip
weirding shaman	tokens
welcome home	tokens
welcome the dead	draw,cantrip
welcome to . . .	tokens
welcome to sweettooth	tokens
welcoming vampire	evasive
welder automaton	
welding sparks	removal
welkin guide	evasive
welkin hawk	evasive
welkin tern	evasive
well done	removal
well-worn spatula	anthem,equipment
wellwisher	
werebear	mana_dork,ramp
werewolf of ancient hunger	evasive
werewolf pack leader	
werewolf ransacker	
wernog, rider's chaplain	
west coast expansion	draw,cantrip
west wind avatar	evasive
westfold rider	
westgate regent	evasive
westvale abbey	tokens
westvale cult leader	tokens
wetland sambar	
whack	combat_pump
wharf infiltrator	tokens,evasive
what	removal
what must be done	sweeper
wheel and deal	draw,cantrip
wheel of fate	draw,cantrip
wheel of fortune	draw,cantrip
wheel of fortune [c78783e5-868d-4a8b-a4f8-95a92853cf0a]	draw,cantrip
wheel of misfortune	draw,cantrip
wheel of potential	sweeper,draw,cantrip
when we were young	combat_pump
where we're going...	draw,cantrip
whip of erebos	reanimation
whip-spine drake	evasive
whipcorder	
whipflare	sweeper
whiplash trap	removal
whiplash wordsmith	evasive,haste
whiplash, vengeful engineer	
whippoorwill	
whipstitched zombie	
whirler rogue	tokens
whirler virtuoso	tokens
whirlermaker	tokens
whirling catapult	sweeper
whirling dervish	
whirlpool drake	evasive
whirlpool rider	
whirlpool warrior	sweeper
whirlwind	sweeper
whirlwind technique	removal,draw,cantrip
whirlwind, killer cyclone	haste
whirlwing stormbrood	evasive
whiskerquill scribe	
whisper of the dross	combat_pump
whisper squad	
whisper, blood liturgist	reanimation
whisperer of the wilds	mana_dork,ramp
whispergear sneak	
whispering madness	draw,cantrip
whispering snitch	
whispering specter	evasive
whispering wizard	tokens
whispers of the muse	draw,cantrip
whispersilk cloak	equipment
whispersteel dagger	anthem,equipment
white auracite	mana_dork,ramp
white dragon	evasive
white glove gourmand	tokens
white knight	
white lotus reinforcements	anthem
white lotus tile	mana_dork,ramp
white mage's staff	anthem,tokens,equipment
white mana battery	mana_dork,ramp
white orchid phantom	evasive
white scarab	anthem
white shield crusader	
white sun's twilight	sweeper,tokens
white sun's zenith	tokens
white tiger, amulet keeper	
white tiger, ava ayala	tokens
white widow, yelena belova	
whitemane lion	
whoosh!	removal,draw,cantrip
wibbly-wobbly, timey-wimey	draw,cantrip
wiccan, rising magician	evasive
wick, the whorled mind	tokens
wicked akuba	
wicked pact	removal
wicked reward	combat_pump
wicked visitor	
wickersmith's tools	mana_dork,ramp,tokens
widow's bite	combat_pump
wielding the green dragon	combat_pump
wight	tokens
wight of precinct six	
wight of the reliquary	
wild aesthir	evasive
wild cantor	
wild colos	haste
wild crocodile	
wild dogs	
wild elephant	evasive
wild goose chase	draw,cantrip
wild griffin	evasive
wild guess	draw,cantrip
wild hypothesis	tokens
wild instincts	combat_pump
wild magic surge	removal
wild might	combat_pump
wild mongrel	
wild nacatl	
wild roads	tokens
wild slash	removal,burn
wild swing	removal
wild unraveling	counterspell
wildblood pack	combat_pump,anthem,evasive
wildborn preserver	
wilderness elemental	evasive
wildest dreams	removal
wildfield borderpost	mana_dork,ramp
wildfire	sweeper
wildfire awakener	tokens
wildfire howl	removal,sweeper,burn
wildfire wickerfolk	evasive,haste
wildgrowth archaic	evasive
wildgrowth walker	
wildsear, scouring maw	evasive
wildsize	draw,cantrip
wildsong howler	
wildvine pummeler	evasive
wildwood patrol	evasive
wildwood scourge	
wildwood tracker	
wilhelt, the rotcleaver	tokens
will of the abzan	reanimation
will of the all-hunter	combat_pump
will of the jeskai	draw,cantrip
will of the mardu	removal,tokens
will of the sultai	sweeper
will of the temur	draw,cantrip
will, scholar of frost	tokens
will-o'-the-wisp	evasive
willbender	
willie lumpkin, postman	
willow dryad	
willow elf	
willow faerie	evasive
willow geist	evasive
willow-wind	evasive
wilson, ardent bear	evasive
wilson, bear comrade	evasive
wilson, fearsome bear	evasive
wilson, majestic bear	evasive
wilson, refined grizzly	evasive
wilson, subtle bear	evasive
wilson, urbane bear	evasive
wilt	removal
wilt in the heat	removal
wilt-leaf liege	anthem
wily bandar	
wily goblin	
wind dancer	evasive
wind drake	evasive
wind spirit	evasive
wind strider	evasive
wind-kin raiders	evasive
windborn muse	evasive
windbrisk raptor	evasive
windcaller aven	evasive
windcrag siege	tokens
windfall	draw,cantrip
windgrace acolyte	evasive
windgrace's judgment	removal
winding constrictor	
winding way	sweeper
windmill slam	removal,burn,tokens
windreader sphinx	evasive
windreaper falcon	evasive
windreaver	evasive
windrider eel	evasive
windrider patrol	evasive
windrider wizard	evasive
winds of abandon	removal,ramp,land_fetch
winds of change	sweeper,draw,cantrip
winds of rath	sweeper
winds of rebuke	removal
windscouter	evasive
windshaper planetar	evasive
windstorm	sweeper
windstorm drake	anthem,evasive
windswift slice	removal,tokens
windwright mage	evasive
windy city aven	tokens,evasive
windy city elemental	evasive
wing commando	evasive
wing it	combat_pump
wing puncture	removal
wing shredder	
wing snare	removal
wing splicer	tokens
wingbeat warrior	evasive
wingblade disciple	tokens,evasive
wingbright thief	evasive
wingcrafter	
winged boots	equipment
winged coatl	evasive
winged hive tyrant	evasive,haste
winged portent	draw,cantrip
winged shepherd	evasive
winged sliver	
winged words	draw,cantrip
wingmantle chaplain	tokens
wingmate roc	tokens,evasive
wingnut, bat on the belfry	
wingrattle scarecrow	evasive
wings of aesthir	anthem
wings of hope	anthem
wings of hubris	equipment
wings of the guard	evasive
wingspan stride	anthem
wingsteed rider	evasive
winnow	removal,draw,cantrip
winnowing forces	
winter blast	sweeper
winter soldier, bucky barnes	
winter soldier, icy assassin	evasive
winter soldier, reborn avenger	reanimation
winter's demonmech	evasive
winter's grasp	removal
winter's intervention	removal
winter, cursed rider	mass_pump
winterflame	removal
wintermoor commander	
winternight stories	draw,cantrip
wipe away	removal
wipe clean	removal
wire surgeons	evasive
wirewood channeler	mana_dork,ramp
wirewood elf	mana_dork,ramp
wirewood herald	
wirewood hivemaster	tokens
wirewood pride	combat_pump
wirewood symbiote	
wisdom of ages	removal,sweeper
wisecrack	removal
wishful merfolk	
wispdrinker vampire	evasive
wispmare	evasive
wispweaver angel	evasive
wistful thinking	draw,cantrip
witch engine	mana_dork,ramp
witch's mark	draw,cantrip
witch's vengeance	combat_pump
witch-king of angmar	evasive
witch-king, bringer of ruin	evasive
witch-king, sky scourge	evasive
witches' eye	equipment
witchstalker frenzy	removal
withdraw	removal
withengar unbound	evasive
wither and bloom	combat_pump
witherbloom apprentice	
witherbloom charm	removal,draw,cantrip
witherbloom command	removal,combat_pump
witherbloom, the balancer	evasive
withered wretch	
withering boon	counterspell
withering curse	sweeper,mass_pump
withering gaze	draw,cantrip
withering torment	removal
withering wisps	sweeper
within range	tokens
withstand	draw,cantrip
witness of tomorrows	evasive
witness the end	removal
witness the future	draw,cantrip
witty demon	evasive
wizard replica	evasive
wizard's lightning	removal,burn
wizard's retort	counterspell
wizard's rockets	mana_dork,ramp
wizard's staff	equipment
wizened arbiter	
wizened cenn	anthem
wizened githzerai	
wizened mentor	tokens
wizened snitches	evasive
woe strider	tokens
woebearer	evasive
woebringer demon	evasive
wojek embermage	sweeper
wojek halberdiers	
wojek investigator	evasive
wojek siren	combat_pump
wolf cove villager	
wolf strike	removal,combat_pump
wolf's quarry	tokens
wolf-skull shaman	tokens
wolfbat	evasive
wolfbitten captive	
wolfbriar elemental	tokens
wolfcaller's howl	tokens
wolfhunter's quiver	equipment
wolfkin bond	anthem,tokens
wolfrider's saddle	anthem,tokens,equipment
wolfsbane, highland hero	evasive
wolfwillow haven	tokens
wolverine riders	tokens
wolverine, fierce fighter	haste
wonder	evasive
wonder man, hollywood hero	evasive
wonderscape sage	evasive
wondrous revival	reanimation
wood sage	
woodborn behemoth	evasive
wooden cane	anthem,tokens,equipment
wooden stake	anthem,equipment
woodfall primus	evasive
woodland champion	
woodland changeling	
woodland druid	
woodland guidance	removal
woodland investigation	ramp,land_fetch
woodland mystic	mana_dork,ramp
woodland wanderer	evasive
woodland weavemaster	mana_dork,ramp
woodlot crawler	
woodlurker mimic	
woodvine elemental	evasive
woolly mammoths	evasive
word of blasting	removal
word of undoing	removal
words of wisdom	draw,cantrip
working stiff	
workshop warchief	tokens,evasive
world champion, celestial weapon	anthem,equipment
world-bottling kit	sweeper
worldfire	sweeper
worldgorger dragon	evasive
worldheart phoenix	evasive
worldly counsel	draw,cantrip
worlds within worlds	removal,sweeper
worldslayer	equipment
worldsoul colossus	
worldsoul's rage	removal,burn
worldspine wurm	tokens,evasive
worm harvest	tokens
wormfang drake	evasive
wormfang manta	evasive
wormfang newt	
wormhole warp	removal
worn powerstone	mana_dork,ramp
worst fears	removal
wort, boggart auntie	evasive
wort, the raidmother	tokens
worthy cost	removal
worthy knight	tokens
worzel, the protector	tokens
wose pathfinder	mana_dork,ramp
would you have done the same?	removal
wrack with madness	removal
wrangler of the damned	tokens
wrap in flames	removal
wrath of god	sweeper
wrath of leknif	sweeper
wrath of the bloodmane	removal
wrath of the skies	sweeper
wrathful jailbreaker	
wrathful raptors	evasive
wrathful red dragon	evasive
wreak havoc	removal
wreck and rebuild	removal
wreck hunter	
wreckage wickerfolk	evasive
wrecking ball	removal
wrecking ball arm	equipment
wrecking beast	evasive
wrecking crew	evasive
wren's run hydra	
wren's run packmaster	tokens
wren's run vanquisher	
wrench	anthem,equipment
wrench-rigger	
wrenn and one	tokens
wrenn and seven	sweeper,tokens
wretched anurid	
wretched banquet	removal
wretched bonemass	evasive
wretched camel	
wretched confluence	draw,cantrip,combat_pump
wretched doll	
wretched gryff	evasive
wretched throng	
wriggling grub	tokens
wring flesh	combat_pump
writ of return	reanimation
write into being	draw,cantrip
writhing chrysalis	tokens
wu elite cavalry	evasive
wu infantry	
wu light cavalry	evasive
wu scout	evasive
wu spy	
wumpus aberration	evasive
wurmcalling	tokens
wurmcoil engine	tokens
wurmcoil larva	tokens
wurmquake	tokens
wurmweaver coil	anthem,tokens
wydwen, the biting gale	evasive
wyleth, soul of steel	evasive
wyll of the celestial pact	reanimation
wyll, blade of frontiers	
wyluli wolf	
wyrm's crossing patrol	
x	
xande, dark mage	evasive
xantid swarm	evasive
xathrid demon	evasive
xathrid necromancer	tokens
xenagos, the reveler	tokens
xenobotanist	mana_dork,ramp
xenosquirrels	
xerex strobe-knight	tokens,evasive
xho cai, flickering talon	evasive,haste
xiahou dun, the one-eyed	evasive
xira arien	evasive
xira, the golden sting	tokens,evasive,haste
xu-ifit, osteoharmonist	reanimation
xyris, the writhing storm	tokens,evasive
yahenni's expertise	mass_pump
yahenni, undying partisan	haste
yamabushi's flame	removal,burn
yamabushi's storm	sweeper
yanling's harbinger	evasive
yare	combat_pump
yarok's fenlurker	
yasova dragonclaw	evasive
yathan roadwatcher	reanimation
yathan tombguard	evasive
yavimaya ants	evasive,haste
yavimaya barbarian	
yavimaya gnats	evasive
yavimaya iconoclast	evasive
yavimaya sapherd	tokens
yavimaya steelcrusher	
yavimaya wurm	evasive
yavimaya's embrace	anthem
yawgmoth demon	evasive
yawgmoth's day planner	mana_dork,ramp
yawgmoth's vile offering	removal,reanimation
yeah nah	counterspell
yellow scarves cavalry	evasive
yellow scarves general	evasive
yellow scarves troops	
yellowjacket, heartless marauder	evasive
yennett, cryptic sovereign	evasive
yes man, personal securitron	tokens
yiazmat, ultimate mark	
yidaro, wandering monster	evasive,haste
yidris, maelstrom wielder	evasive
yip yip!	combat_pump
yixlid jailer	
yoked ox	
yore-tiller nephilim	reanimation
yorion, sky nomad	evasive
yosei, the morning star	evasive
yoshimaru, ever faithful	
yoshimaru, scrappy stray	
yotia declares war	tokens
yotian courier	evasive
yotian dissident	
yotian frontliner	
yotian tactician	anthem
you are already dead	removal,draw,cantrip
you cannot pass!	removal
you come to a river	removal,combat_pump
you come to the gnoll camp	combat_pump
you find a cursed idol	removal
you find some prisoners	removal
you find the villains' lair	counterspell,draw,cantrip
you happen on a glade	ramp,land_fetch
you hear something on watch	removal,mass_pump
you line up the shot	draw,cantrip
you meet in a tavern	draw,cantrip,mass_pump
you see a pair of goblins	mass_pump,tokens
you're ambushed on the road	removal,combat_pump
you're confronted by robbers	tokens
you're not alone	combat_pump
you're toast!	removal
you, iterative playtester	sweeper
you, magic playtester	
young blue dragon	evasive
young deathclaws	evasive
young necromancer	reanimation
young pyromancer	tokens
young red dragon	evasive
young wei recruits	
young wolf	
your fate ends here	removal
your temple is under attack	draw,cantrip
youthful knight	
youthful valkyrie	evasive
ysgard's call	tokens
yuan shao, the indecisive	evasive
yuan-ti malison	
yue, the moon spirit	evasive
yuma, proud protector	tokens
yume, chronicler of valor	
yuna's decision	draw,cantrip
yuna, grand summoner	mana_dork,ramp
yuriko, hope from the shadows	
yurlok of scorch thrash	mana_dork,ramp
yusri, fortune's flame	evasive
yuyan archers	
zabaz, the glimmerwasp	
zacama, primal calamity	evasive
zack fair	
zada's commando	
zaffai, thunder conductor	tokens
zagorka, mother of sanctum	evasive
zagoth crystal	mana_dork,ramp
zagoth mamba	
zagras, thief of heartbeats	evasive,haste
zahid, djinn of the lamp	evasive
zahur, glory's past	tokens
zalto, fire giant duke	evasive
zameck guildmage	
zamriel, seraph of steel	evasive
zanam djinn	evasive
zanikev locust	evasive
zap	removal,burn,draw,cantrip
zara, renegade recruiter	evasive
zarda, the power princess	evasive
zariel, archduke of avernus	tokens
zaxara, the exemplary	mana_dork,ramp,tokens
zealot il-vec	evasive
zealot's conviction	anthem
zealous conscripts	haste
zealous display	mass_pump
zealous guardian	
zealous persecution	mass_pump
zektar shrine expedition	tokens
zell dincht	ramp
zellix, sanity flayer	tokens
zendikar's roil	tokens
zenith chronicler	
zenith seeker	evasive
zephid	evasive
zephid's embrace	anthem
zephyr boots	equipment
zephyr falcon	evasive
zephyr gull	evasive
zephyr sentinel	evasive
zephyr singer	evasive
zephyr sprite	evasive
zephyr winder	evasive
zephyrim	evasive
zeriam, golden wind	tokens,evasive
zero point ballad	sweeper,reanimation
zetalpa, primal dawn	evasive
zevlor, elturel exile	haste
zhalfirin decoy	
zhalfirin shapecraft	draw,cantrip
zhang fei, fierce warrior	evasive
zhang he, wei general	evasive
zhao zilong, tiger general	evasive
zhao, the moon slayer	evasive
zhao, the seething flame	evasive
zhentarim bandit	
zhur-taa druid	mana_dork,ramp
zhur-taa goblin	
ziatora's envoy	evasive
ziatora, the incinerator	evasive
zilortha, apex of ikoria	
zilortha, strength incarnate	evasive
zimone's experiment	sweeper,draw,cantrip
zimone's homework	tokens
zimone, all-questioning	tokens
zimone, quandrix prodigy	
zinnia, valley's voice	evasive
zoanthrope	evasive
zodiac goat	
zodiac monkey	
zodiac rabbit	
zodiac rat	
zodiac rooster	
zog, triceraton castaway	evasive
zombie apocalypse	sweeper
zombie brute	evasive
zombie cannibal	
zombie infestation	tokens
zombie outlander	
zombified	
zombify	reanimation
zoo escapees	
zookeeper mechan	mana_dork,ramp
zoraline, cosmos caller	evasive
zoyowa lava-tongue	
zuberi, golden feather	anthem,evasive
zuko's exile	removal
zuko's offense	removal,burn
zuko, avatar hunter	tokens
zuko, conflicted	
zuko, firebending master	
zul ashur, lich lord	
zulaport cutthroat	
zulaport duelist	
zulaport enforcer	
zur the enchanter	evasive
zur, eternal schemer	evasive
zuran enchanter	
zurgo and ojutai	evasive,haste
zurgo bellstriker	
zurgo helmsmasher	haste
zurgo stormrender	tokens
zurgo's vanguard	tokens
zurgo, thunder's decree	tokens
zuri, warrior of wakanda	evasive
zurzoth, chaos rider	tokens
zyym, mesmeric lord	evasive
éomer of the riddermark	tokens,haste
éomer, marshal of rohan	haste
éowyn, fearless knight	haste
éowyn, shieldmaiden	tokens
óin the brave	haste
